path,region,regions,hot,workload,mr,suffix,rejected,rejected.WorkloadF1,aborted,unexpected,completed,completed.WorkloadF1,total,ood_index_page.WorkloadF1,ood_table.WorkloadF1,ood_tuple.WorkloadF1,other_aborts.WorkloadF1,deadlock.WorkloadF1,ood_index_page,ood_table,ood_tuple,other_aborts,deadlock,throughput,avg,p0,p25,p50,p75,p90,p95,p99,p100,scalefactor,terminals,time,rate,warmup,avg.WorkloadF1,p0.WorkloadF1,p25.WorkloadF1,p50.WorkloadF1,p75.WorkloadF1,p90.WorkloadF1,p95.WorkloadF1,p99.WorkloadF1,p100.WorkloadF1,throughput.WorkloadF1,rejected.WorkloadF2,rejected.WorkloadF3,completed.WorkloadF2,completed.WorkloadF3,ood_index_page.WorkloadF2,ood_table.WorkloadF2,ood_tuple.WorkloadF2,other_aborts.WorkloadF2,deadlock.WorkloadF2,ood_index_page.WorkloadF3,ood_table.WorkloadF3,ood_tuple.WorkloadF3,other_aborts.WorkloadF3,deadlock.WorkloadF3,avg.WorkloadF2,p0.WorkloadF2,p25.WorkloadF2,p50.WorkloadF2,p75.WorkloadF2,p90.WorkloadF2,p95.WorkloadF2,p99.WorkloadF2,p100.WorkloadF2,avg.WorkloadF3,p0.WorkloadF3,p25.WorkloadF3,p50.WorkloadF3,p75.WorkloadF3,p90.WorkloadF3,p95.WorkloadF3,p99.WorkloadF3,p100.WorkloadF3,throughput.WorkloadF3,throughput.WorkloadF2,rejected.WorkloadF4,completed.WorkloadF4,throughput.WorkloadF4,avg.WorkloadF4,p0.WorkloadF4,p25.WorkloadF4,p50.WorkloadF4,p75.WorkloadF4,p90.WorkloadF4,p95.WorkloadF4,p99.WorkloadF4,p100.WorkloadF4,ood_index_page.WorkloadF4,ood_table.WorkloadF4,ood_tuple.WorkloadF4,other_aborts.WorkloadF4,deadlock.WorkloadF4,completed.WorkloadF5,avg.WorkloadF5,p0.WorkloadF5,p25.WorkloadF5,p50.WorkloadF5,p75.WorkloadF5,p90.WorkloadF5,p95.WorkloadF5,p99.WorkloadF5,p100.WorkloadF5,throughput.WorkloadF5,completed.WorkloadF6,avg.WorkloadF6,p0.WorkloadF6,p25.WorkloadF6,p50.WorkloadF6,p75.WorkloadF6,p90.WorkloadF6,p95.WorkloadF6,p99.WorkloadF6,p100.WorkloadF6,throughput.WorkloadF6,rejected.WorkloadF6,ood_index_page.WorkloadF6,ood_table.WorkloadF6,ood_tuple.WorkloadF6,other_aborts.WorkloadF6,deadlock.WorkloadF6,rejected.WorkloadF5,ood_index_page.WorkloadF5,ood_table.WorkloadF5,ood_tuple.WorkloadF5,other_aborts.WorkloadF5,deadlock.WorkloadF5
scalability/aurora/scalability-aurora-regions3-hot10000-F-mr0-20240611-105258/1-us-east-1-0,1-us-east-1-0,3,10000,F,0,20240611-105258,2362,2362,0,0,587028,587028,589390,0,0,0,0,0,0,0,0,0,0,6522.508637448769,9.805608911945345,1.203,8.614,9.546,10.49,11.723,12.694,18.063359999999985,111.686,1000,64,90,50000,30,9.805608911945345,1.203,8.614,9.546,10.49,11.723,12.694,18.063359999999985,111.686,6514.2,,,,,,,,,,,,,,,,,,,,,,,,,,,,,,,,,,,,,,,,,,,,,,,,,,,,,,,,,,,,,,,,,,,,,,,,,,,,,,,,,,,,,
scalability/aurora/scalability-aurora-regions3-hot10000-F-mr0-20240611-105258/3-ap-northeast-1-0,3-ap-northeast-1-0,3,10000,F,0,20240611-105258,7,7,0,0,6028,6028,6035,0,0,0,0,0,0,0,0,0,0,66.97709108250024,953.7851792421194,0.946,786.1875,944.2764999999999,1102.3885,1254.4626,1337.9615999999999,1503.00364,2168.611,1000,64,90,50000,30,953.7851792421194,0.946,786.1875,944.2764999999999,1102.3885,1254.4626,1337.9615999999999,1503.00364,2168.611,67.0,,,,,,,,,,,,,,,,,,,,,,,,,,,,,,,,,,,,,,,,,,,,,,,,,,,,,,,,,,,,,,,,,,,,,,,,,,,,,,,,,,,,,
scalability/aurora/scalability-aurora-regions3-hot10000-F-mr0-20240611-105258/2-eu-west-1-0,2-eu-west-1-0,3,10000,F,0,20240611-105258,38,38,0,0,13826,13826,13864,0,0,0,0,0,0,0,0,0,0,153.62097394086047,416.4232030228164,1.236,349.37825,418.004,486.7635,554.699,559.4271,629.035,1178.339,1000,64,90,50000,30,416.4232030228164,1.236,349.37825,418.004,486.7635,554.699,559.4271,629.035,1178.339,153.8,,,,,,,,,,,,,,,,,,,,,,,,,,,,,,,,,,,,,,,,,,,,,,,,,,,,,,,,,,,,,,,,,,,,,,,,,,,,,,,,,,,,,
scalability/aurora/scalability-aurora-regions3-hot0-F-mr5-20240519-214347/1-us-east-1-0,1-us-east-1-0,3,1000000,F,5,20240519-214347,590,573,0,0,600383,570534,600973,0,0,0,0,0,0,0,0,0,0,6670.877270441615,9.588831058154085,1.206,8.388,9.307,10.283,11.533,12.465,16.015,613.588,1000,64,90,50000,30,9.582095629583922,1.206,8.386,9.305,10.280249999999999,11.53,12.461,15.997,302.727,6347.200000000001,16.0,1.0,25691.0,4158.0,0.0,0.0,0.0,0.0,0.0,0.0,0.0,0.0,0.0,0.0,9.729406889840407,1.251,8.448,9.352,10.327,11.594100000000001,12.516,16.65798000000001,613.588,9.644395236949725,1.807,8.44,9.346,10.347,11.563600000000001,12.500399999999999,16.299719999999926,43.702,46.9,286.6,,,,,,,,,,,,,,,,,,,,,,,,,,,,,,,,,,,,,,,,,,,,,,,,,,,
scalability/aurora/scalability-aurora-regions3-hot0-F-mr5-20240519-214347/3-ap-northeast-1-0,3-ap-northeast-1-0,3,1000000,F,5,20240519-214347,14,10,0,0,5739,5456,5753,0,0,0,0,0,0,0,0,0,0,63.7663788280667,1004.2557568281939,1.159,838.342,1005.416,1172.1905000000002,1337.8456,1345.5675,1511.18866,2717.617,1000,64,90,50000,30,1004.0941278251204,1.159,838.3035,1005.2955,1172.13575,1337.9098999999999,1345.6897,1511.1566599999999,2717.617,60.3,4.0,,234.0,49.0,0.0,0.0,0.0,0.0,0.0,,,,,,1025.3089563318777,504.899,839.746,1008.32,1175.462,1338.9778000000001,1345.772,1871.6439599999994,2185.096,921.9909791666668,504.31,837.1385,998.947,1010.47825,1171.4054,1174.98125,1258.4286500000003,1329.025,0.6,2.5,,,,,,,,,,,,,,,,,,,,,,,,,,,,,,,,,,,,,,,,,,,,,,,,,,,
scalability/aurora/scalability-aurora-regions3-hot0-F-mr5-20240519-214347/2-eu-west-1-0,2-eu-west-1-0,3,1000000,F,5,20240519-214347,32,27,0,0,13681,12988,13713,0,0,0,0,0,0,0,0,0,0,152.00955777611006,420.8367278401998,1.924,351.03,420.122,489.417,557.2308,562.7986,632.9808,1117.877,1000,64,90,50000,30,420.53616118802694,1.924,350.96,420.056,489.382,557.139,562.757,632.7678,1117.877,144.7,5.0,,575.0,118.0,0.0,0.0,0.0,0.0,0.0,,,,,,427.4462591943958,2.241,352.1735,421.079,490.336,559.765,594.6534999999999,700.0411999999999,966.493,421.7938547008547,2.355,351.991,420.504,490.116,560.5818,561.8009999999999,628.0259599999999,630.641,1.2,6.300000000000001,,,,,,,,,,,,,,,,,,,,,,,,,,,,,,,,,,,,,,,,,,,,,,,,,,,
scalability/aurora/scalability-aurora-regions4-hot0-F-mr5-20240519-223905/4-us-west-1-0,4-us-west-1-0,4,1000000,F,5,20240519-223905,23,17,0,0,15234,14455,15257,0,0,0,0,0,0,0,0,0,0,169.26641357012141,378.1031102834542,7.568,316.70675,377.961,439.1115,498.62219999999996,508.16474999999997,568.9929999999999,1035.784,1000,64,90,50000,30,378.06396074753366,7.568,316.76125,377.9365,439.0775,498.6127,508.17259999999993,569.07061,949.939,160.3,2.0,2.0,621.0,113.0,0.0,0.0,0.0,0.0,0.0,0.0,0.0,0.0,0.0,0.0,376.2427932148627,8.044,316.33849999999995,377.586,439.4155,499.05660000000006,507.6854,562.65236,945.389,391.73895535714286,191.536,318.06025,381.3645,440.483,493.6379,504.5292,854.3925900000002,1035.784,1.2,6.6,2.0,45.0,0.6,382.2773333333334,200.585,315.048,375.328,443.037,503.2198,549.1661999999999,682.0231200000005,771.52,0.0,0.0,0.0,0.0,0.0,,,,,,,,,,,,,,,,,,,,,,,,,,,,,,,,,,
scalability/aurora/scalability-aurora-regions4-hot0-F-mr5-20240519-223905/1-us-east-1-0,1-us-east-1-0,4,1000000,F,5,20240519-223905,547,526,0,0,538876,511999,539423,0,0,0,0,0,0,0,0,0,0,5987.439914729193,10.685108355023523,2.699,9.8,10.442,11.22,12.508,13.54,16.902550000000048,507.561,1000,64,90,50000,30,10.677888639867447,2.699,9.799,10.441,11.218,12.504,13.537,16.89820000000001,131.216,5698.0,17.0,2.0,22037.0,3624.0,0.0,0.0,0.0,0.0,0.0,0.0,0.0,0.0,0.0,0.0,10.825573698306778,2.721,9.823,10.465,11.245,12.562,13.604199999999997,16.86676000000004,507.561,10.770040585311982,2.667,9.82025,10.474,11.27,12.642,13.568950000000001,17.786609999999985,68.753,40.7,245.0,2.0,1216.0,13.3,10.919642798353909,2.846,9.832,10.49,11.238,12.7012,13.862199999999998,16.69549999999999,205.117,0.0,0.0,0.0,0.0,0.0,,,,,,,,,,,,,,,,,,,,,,,,,,,,,,,,,,
scalability/aurora/scalability-aurora-regions4-hot0-F-mr5-20240519-223905/3-ap-northeast-1-0,3-ap-northeast-1-0,4,1000000,F,5,20240519-223905,11,8,0,0,5719,5453,5730,0,0,0,0,0,0,0,0,0,0,63.544338981317125,1006.8250726790451,1.199,838.6875,1005.279,1172.591,1337.3756,1345.8572,1512.9042200000001,2599.959,1000,64,90,50000,30,1006.8132546364985,1.199,838.6495,1005.435,1172.5729999999999,1337.3497,1345.8179,1512.82763,2599.959,60.7,2.0,1.0,214.0,37.0,0.0,0.0,0.0,0.0,0.0,0.0,0.0,0.0,0.0,0.0,1006.4426635514019,502.268,839.42675,999.917,1170.5059999999999,1337.4419,1347.7717499999999,1509.3092600000002,2014.477,1025.6953714285714,503.981,834.3085,1008.457,1177.6689999999999,1342.4032,1389.8615999999997,1937.2408599999978,2165.677,0.4,2.2,,15.0,0.2,970.0463571428572,510.777,833.205,926.9024999999999,1174.1625,1286.8241000000003,1332.89325,1334.2218500000001,1334.554,,,,,,,,,,,,,,,,,,,,,,,,,,,,,,,,,,,,,,,
scalability/aurora/scalability-aurora-regions4-hot0-F-mr5-20240519-223905/2-eu-west-1-0,2-eu-west-1-0,4,1000000,F,5,20240519-223905,19,15,0,0,13671,12977,13690,0,0,0,0,0,0,0,0,0,0,151.8991791132073,421.4461253031528,2.145,352.1965,421.098,490.131,558.304,563.7837999999999,633.53472,1038.063,1000,64,90,50000,30,421.3347336430507,2.145,352.1965,421.053,490.0415,558.258,563.7985,633.4448600000001,1038.063,144.2,4.0,,569.0,95.0,0.0,0.0,0.0,0.0,0.0,,,,,,422.37738271604945,2.371,352.03549999999996,421.961,491.1855,558.7024,562.6238999999999,697.36266,972.166,429.40146315789474,3.237,353.40250000000003,422.855,493.659,561.3662,567.273,623.92146,630.399,0.9,6.5,,30.0,0.2,426.6075666666667,211.902,370.1165,423.38599999999997,492.32275000000004,560.1039000000001,561.4428,609.72311,629.194,,,,,,,,,,,,,,,,,,,,,,,,,,,,,,,,,,,,,,,
scalability/aurora/scalability-aurora-regions5-hot0-F-mr5-20240520-125715/4-us-west-1-0,4-us-west-1-0,5,1000000,F,5,20240520-125715,15,12,0,0,7314,6940,7329,0,0,0,0,0,0,0,0,0,0,81.26643870256763,787.4861173793104,532.792,725.54325,785.172,845.2505,902.1852,920.7217999999997,979.87108,1603.049,1000,64,90,50000,30,787.2266187500001,532.792,725.54375,785.251,845.22725,901.8245000000001,920.3549,979.0472199999999,1501.239,76.69999999999999,3.0,,292.0,53.0,0.0,0.0,0.0,0.0,0.0,,,,,,795.3020242214532,594.377,727.584,783.357,847.828,905.5822000000001,922.9863999999995,1094.1184800000015,1603.049,783.2631538461538,607.004,717.7247500000001,785.684,852.0525,911.3168000000001,931.1957,999.3180300000001,1034.838,0.5,3.0,,22.0,0.2,769.6487272727275,663.703,727.28925,765.5765,790.31525,844.9345,849.4684,941.4377999999999,965.823,,,,,,7.0,807.2818571428571,715.521,752.6410000000001,799.02,820.4075,896.9534000000001,943.6442,980.9968399999999,990.335,0.2,,,,,,,,,,,,,,,,,,,,,,,
scalability/aurora/scalability-aurora-regions5-hot0-F-mr5-20240520-125715/1-us-east-1-0,1-us-east-1-0,5,1000000,F,5,20240520-125715,496,477,0,0,571203,542611,571699,0,0,0,0,0,0,0,0,0,0,6346.633107333266,10.07690878384294,1.984,9.207,9.958,10.652,11.537,12.364,14.942,707.57,1000,64,90,50000,30,10.07217003129919,1.984,9.205,9.956,10.651,11.536,12.362,14.942,220.241,6041.6,17.0,2.0,22900.0,3835.0,0.0,0.0,0.0,0.0,0.0,0.0,0.0,0.0,0.0,0.0,10.174228588898108,2.052,9.234,9.984,10.689,11.558,12.413200000000002,14.887200000000025,707.57,10.169754628422425,2.174,9.2695,10.033,10.7,11.559599999999998,12.334299999999999,14.734899999999998,53.977,42.3,255.89999999999998,,1251.0,13.8,10.0788496,3.437,9.2575,9.991,10.65025,11.512,12.1812,14.401039999999997,43.41,,,,,,606.0,10.050473597359735,2.846,9.317250000000001,10.056000000000001,10.64375,11.5625,12.43475,14.094050000000008,42.822,6.699999999999999,,,,,,,,,,,,,,,,,,,,,,,
scalability/aurora/scalability-aurora-regions5-hot0-F-mr5-20240520-125715/5-ap-southeast-1-0,5-ap-southeast-1-0,5,1000000,F,5,20240520-125715,6,6,0,0,3968,3797,3974,0,0,0,0,0,0,0,0,0,0,44.08887699713901,1449.6172348872951,0.963,1201.7382499999999,1440.942,1681.239,1915.5073,1983.298,2216.10447,3110.3,1000,64,90,50000,30,1449.2657891356703,0.963,1201.57,1440.794,1681.127,1915.5729999999999,1984.0449999999998,2219.6867999999995,3110.3,42.0,,,129.0,27.0,,,,,,,,,,,1471.7179291338584,721.053,1202.658,1442.708,1719.7225,1915.9544,1970.6465,2191.11028,2224.093,1569.2290434782608,1198.566,1436.8429999999998,1492.913,1703.9685,1862.0072000000002,1904.8766,1963.1642600000002,1979.217,0.4,1.2,,13.0,0.30000000000000004,1438.5856153846153,960.672,1222.526,1445.914,1681.121,1739.0221999999999,1901.2627999999995,2091.4061599999995,2138.942,,,,,,2.0,845.8589999999999,737.603,791.731,845.8589999999999,899.987,932.4638,943.2894,951.94988,954.115,0.2,,,,,,,,,,,,,,,,,,,,,,,
scalability/aurora/scalability-aurora-regions5-hot0-F-mr5-20240520-125715/3-ap-northeast-1-0,3-ap-northeast-1-0,5,1000000,F,5,20240520-125715,12,10,0,0,5739,5470,5751,0,0,0,0,0,0,0,0,0,0,63.76643529936689,1002.986207753304,1.169,837.4825000000001,1003.479,1170.54,1334.7387999999999,1343.971,1509.60986,2670.073,1000,64,90,50000,30,1003.0209722684415,1.169,837.427,1003.518,1170.567,1334.7938000000001,1343.8286,1508.9851999999998,2670.073,60.4,1.0,,215.0,32.0,0.0,0.0,0.0,0.0,0.0,,,,,,980.5263098591549,2.568,837.229,999.757,1166.368,1329.9564,1405.3549999999968,1517.35172,1670.683,1042.9077096774192,664.788,1000.7205,1012.382,1172.739,1176.979,1179.6795,1297.4124,1347.183,0.4,2.5,1.0,16.0,0.4,1150.08725,833.643,998.5342499999999,1168.962,1179.8935000000001,1424.1835,1582.3847500000002,1770.5825499999999,1817.632,0.0,0.0,0.0,0.0,0.0,6.0,1170.4418333333333,829.817,1046.3165,1247.3675,1337.4544999999998,1344.7705,1348.04325,1350.66145,1351.316,0.2,,,,,,,,,,,,,,,,,,,,,,,
scalability/aurora/scalability-aurora-regions5-hot0-F-mr5-20240520-125715/2-eu-west-1-0,2-eu-west-1-0,5,1000000,F,5,20240520-125715,21,17,0,0,13791,13103,13812,0,0,0,0,0,0,0,0,0,0,153.2316137443279,417.3689103227216,1.41,349.645,418.509,487.1965,554.9314,560.8194,630.39994,1178.141,1000,64,90,50000,30,417.42510542053213,1.41,349.6245,418.5,487.20799999999997,554.8860000000001,560.7132,630.39498,1128.631,145.8,4.0,,563.0,78.0,0.0,0.0,0.0,0.0,0.0,,,,,,417.4421967799642,1.648,350.53499999999997,418.568,486.8945,556.5808000000001,561.6522,630.4029399999998,1178.141,399.3794871794872,212.915,347.5705,417.42449999999997,470.26,489.3486,503.47264999999953,596.0174100000005,698.633,0.8,6.1,,32.0,0.4,433.50175,278.805,350.77725,427.09299999999996,495.875,556.929,587.3114499999999,625.64606,627.405,,,,,,15.0,424.90253333333334,214.97,384.9955,419.966,488.56100000000004,558.5198,560.1396,562.51512,563.109,0.2,,,,,,,,,,,,,,,,,,,,,,,
scalability/aurora/scalability-aurora-regions6-hot0-F-mr5-20240611-102821/6-eu-central-1-0,6-eu-central-1-0,6,1000000,F,5,20240611-102821,9,8,0,0,10273,9761,10282,0,0,0,0,0,0,0,0,0,0,114.14399083368833,560.4404534234499,1.246,467.476,559.607,651.975,743.2986,748.712,840.0362,1393.506,1000,64,90,50000,30,559.9530191772348,1.246,467.4135,559.551,651.8634999999999,743.1714000000001,748.6446,839.92566,1393.506,108.6,1.0,,391.0,77.0,0.0,0.0,0.0,0.0,0.0,,,,,,567.3742904884318,1.316,468.351,560.825,654.393,745.2818,749.4518,840.00768,932.239,586.8105454545454,283.012,471.454,561.809,654.616,746.6532,749.0844,925.8452,928.224,0.8,4.300000000000001,,28.0,0.4,560.3385714285714,284.525,467.60675000000003,560.6115,652.21675,741.6854999999999,745.37255,809.4788400000001,832.782,,,,,,12.0,561.0223333333334,377.467,466.861,557.4535000000001,650.13425,732.5861000000001,788.7271499999999,835.4758300000001,847.163,0.2,4.0,559.3742500000001,375.309,443.21175,513.6955,629.858,752.8214,793.8091999999999,826.59944,834.797,0.2,,,,,,,,,,,,
scalability/aurora/scalability-aurora-regions6-hot0-F-mr5-20240611-102821/4-us-west-1-0,4-us-west-1-0,6,1000000,F,5,20240611-102821,18,18,0,0,14691,13934,14709,0,0,0,0,0,0,0,0,0,0,163.23142377959067,391.9715358583441,0.891,329.86350000000004,394.949,459.635,521.4532,530.0550999999999,594.72906,1020.207,1000,64,90,50000,30,391.7410371999134,0.891,329.765,394.868,459.5555,521.446,530.0065,594.5681,1020.207,155.0,,,602.0,110.0,,,,,,,,,,,396.42535940099833,1.012,331.749,396.686,460.577,518.374,528.46,593.799,646.961,399.8738000000001,195.929,332.461,395.516,461.899,527.9207,579.28505,596.43823,624.102,1.2,6.8,,25.0,0.4,386.57424,259.451,317.082,398.454,440.404,468.473,565.3765999999997,595.14644,596.933,,,,,,10.0,399.3392,268.698,331.6085,384.563,446.94775,533.0554999999999,554.99975,572.5551499999999,576.944,0.2,10.0,363.2221,255.364,320.34499999999997,334.3995,425.91125,472.0713,491.61614999999995,507.25203,511.161,0.2,,,,,,,,,,,,
scalability/aurora/scalability-aurora-regions6-hot0-F-mr5-20240611-102821/1-us-east-1-0,1-us-east-1-0,6,1000000,F,5,20240611-102821,441,434,0,0,484483,460423,484924,0,0,0,0,0,0,0,0,0,0,5383.087521583569,11.881946162087624,1.243,10.746,11.624,12.654,13.99,15.11,17.947,884.979,1000,64,90,50000,30,11.879446122599706,1.243,10.745,11.623,12.653,13.987,15.109,17.958409999999972,66.45,5117.5,7.0,,19075.0,3081.0,0.0,0.0,0.0,0.0,0.0,,,,,,11.935338698684003,1.733,10.76,11.639,12.667,14.0018,15.089199999999993,17.68256,884.979,11.88952922077922,1.628,10.78275,11.621,12.71,14.2221,15.22215,17.722230000000003,49.297,33.7,212.5,,1130.0,12.1,11.917656637168143,2.123,10.837,11.7015,12.7995,14.184199999999999,15.1901,17.07491,47.153,,,,,,495.0,11.801569696969697,2.168,10.727,11.629,12.661000000000001,13.902800000000001,14.933899999999994,17.41384,39.216,5.5,279.0,12.271336917562724,6.649,10.84,11.839,13.071,14.837000000000002,15.9796,19.066559999999953,48.534,3.1,,,,,,,,,,,,
scalability/aurora/scalability-aurora-regions6-hot0-F-mr5-20240611-102821/5-ap-southeast-1-0,5-ap-southeast-1-0,6,1000000,F,5,20240611-102821,8,5,0,0,4146,3937,4154,0,0,0,0,0,0,0,0,0,0,46.066550492456685,1386.4730585497307,0.941,1157.15675,1385.7375000000002,1616.0145,1840.0206,1912.2268000000001,2150.491,4131.188,1000,64,90,50000,30,1386.0692198709678,0.941,1157.3795,1385.726,1616.011,1839.5164,1911.5877,2149.12036,4131.188,43.6,1.0,1.0,164.0,25.0,0.0,0.0,0.0,0.0,0.0,0.0,0.0,0.0,0.0,0.0,1388.2210802469135,1.554,1152.7534999999998,1386.4609999999998,1618.481,1847.1214,1916.7412499999998,2165.5119899999972,3031.457,1483.807,926.447,1199.747,1390.986,1608.076,1848.0294,1865.2169999999999,3114.0071599999965,3507.383,0.2,1.8,1.0,11.0,0.2,1386.9827272727273,722.421,1133.177,1201.122,1621.54,1913.872,2177.832,2389.0,2441.792,0.0,0.0,0.0,0.0,0.0,7.0,1294.0044285714287,697.032,1138.355,1318.477,1546.7735,1604.438,1638.3515,1665.4823000000001,1672.265,0.2,2.0,1131.4834999999998,922.502,1026.99275,1131.4834999999998,1235.97425,1298.6687,1319.56685,1336.2853699999998,1340.465,0.2,,,,,,,,,,,,
scalability/aurora/scalability-aurora-regions6-hot0-F-mr5-20240611-102821/3-ap-northeast-1-0,3-ap-northeast-1-0,6,1000000,F,5,20240611-102821,14,13,0,0,5874,5599,5888,0,0,0,0,0,0,0,0,0,0,65.26604303149604,980.6875870912219,0.988,836.1275,1001.1610000000001,1167.9334999999999,1328.7726,1346.2264499999999,1513.43828,3200.764,1000,64,90,50000,30,980.5392223225573,0.988,836.135,1001.081,1167.783,1328.7894000000001,1346.06,1513.37736,3200.764,62.2,,,230.0,27.0,,,,,,,,,,,975.1536008771931,1.214,824.53475,999.8299999999999,1167.914,1267.3434,1346.10675,1518.2643899999998,1680.039,1017.4850370370369,509.737,935.6089999999999,1007.664,1162.401,1255.7456,1321.1016,1348.5716599999998,1348.639,0.4,2.8,,10.0,0.2,909.8101,477.487,578.698,971.0335,1134.47925,1212.9661999999998,1361.9530999999997,1481.14262,1510.94,,,,,,2.0,1094.2255,1008.547,1051.38625,1094.2255,1137.06475,1162.7683,1171.33615,1178.19043,1179.904,0.2,6.0,1242.5896666666667,677.354,839.928,1011.6775,1352.49725,1958.717,2232.382,2451.3140000000003,2506.047,0.2,1.0,0.0,0.0,0.0,0.0,0.0,,,,,,
scalability/aurora/scalability-aurora-regions6-hot0-F-mr5-20240611-102821/2-eu-west-1-0,2-eu-west-1-0,6,1000000,F,5,20240611-102821,24,20,0,0,13644,12993,13668,0,0,0,0,0,0,0,0,0,0,151.59836701607904,422.1803650220913,1.321,351.87675,420.7415,489.547,557.6502,562.3399000000001,630.8957499999999,1132.703,1000,64,90,50000,30,421.91972139764994,1.321,351.81075,420.6995,489.49424999999997,557.637,562.3105,630.7182,1132.703,144.2,3.0,1.0,521.0,82.0,0.0,0.0,0.0,0.0,0.0,0.0,0.0,0.0,0.0,0.0,426.7832893203884,1.674,352.981,421.846,490.151,557.5212,581.8827999999974,695.2647800000001,969.266,433.31374074074074,213.709,357.225,420.944,491.98,558.815,560.86,707.4968000000002,769.756,0.9,5.6,,25.0,0.4,432.33788,217.243,356.502,420.959,491.485,556.3552,557.72,560.2045999999999,560.987,,,,,,16.0,395.91225,215.225,350.10175,355.78549999999996,488.303,527.2405,560.389,562.0978,562.525,0.2,7.0,460.1415714285714,284.24,385.07050000000004,423.647,558.8045,586.7320000000001,606.043,621.4918,625.354,0.2,,,,,,,,,,,,
scalability/aurora/scalability-aurora-regions4-hot0-F-mr0-20240519-223135/4-us-west-1-0,4-us-west-1-0,4,1000000,F,0,20240519-223135,15,15,0,0,15268,15268,15283,0,0,0,0,0,0,0,0,0,0,169.64412718542246,377.1523834517232,7.675,316.49875000000003,377.784,438.73225,498.5245,505.67595,566.96998,1103.959,1000,64,90,50000,30,377.1523834517232,7.675,316.49875000000003,377.784,438.73225,498.5245,505.67595,566.96998,1103.959,169.3,,,,,,,,,,,,,,,,,,,,,,,,,,,,,,,,,,,,,,,,,,,,,,,,,,,,,,,,,,,,,,,,,,,,,,,,,,,,,,,,,,,,,
scalability/aurora/scalability-aurora-regions4-hot0-F-mr0-20240519-223135/1-us-east-1-0,1-us-east-1-0,4,1000000,F,0,20240519-223135,569,569,0,0,540005,540005,540574,0,0,0,0,0,0,0,0,0,0,6000.04567894703,10.663080444670898,2.727,9.812,10.46,11.228,12.407,13.426799999999988,16.332,50.515,1000,64,90,50000,30,10.663080444670898,2.727,9.812,10.46,11.228,12.407,13.426799999999988,16.332,50.515,6010.0,,,,,,,,,,,,,,,,,,,,,,,,,,,,,,,,,,,,,,,,,,,,,,,,,,,,,,,,,,,,,,,,,,,,,,,,,,,,,,,,,,,,,
scalability/aurora/scalability-aurora-regions4-hot0-F-mr0-20240519-223135/3-ap-northeast-1-0,3-ap-northeast-1-0,4,1000000,F,0,20240519-223135,4,4,0,0,5747,5747,5751,0,0,0,0,0,0,0,0,0,0,63.85534866635439,1001.5622366707726,1.198,839.0245,1006.098,1172.8159999999998,1338.2526,1346.1054,1513.0901600000002,2519.786,1000,64,90,50000,30,1001.5622366707726,1.198,839.0245,1006.098,1172.8159999999998,1338.2526,1346.1054,1513.0901600000002,2519.786,63.7,,,,,,,,,,,,,,,,,,,,,,,,,,,,,,,,,,,,,,,,,,,,,,,,,,,,,,,,,,,,,,,,,,,,,,,,,,,,,,,,,,,,,
scalability/aurora/scalability-aurora-regions4-hot0-F-mr0-20240519-223135/2-eu-west-1-0,2-eu-west-1-0,4,1000000,F,0,20240519-223135,23,23,0,0,13676,13676,13699,0,0,0,0,0,0,0,0,0,0,151.95524992627298,420.85029900088153,2.179,351.92675,420.8005,489.77825,558.0239,563.4822999999999,631.90746,1228.775,1000,64,90,50000,30,420.85029900088153,2.179,351.92675,420.8005,489.77825,558.0239,563.4822999999999,631.90746,1228.775,151.8,,,,,,,,,,,,,,,,,,,,,,,,,,,,,,,,,,,,,,,,,,,,,,,,,,,,,,,,,,,,,,,,,,,,,,,,,,,,,,,,,,,,,
scalability/aurora/scalability-aurora-regions5-hot10000-F-mr0-20240520-130452/4-us-west-1-0,4-us-west-1-0,5,10000,F,0,20240520-130452,24,24,0,0,7276,7276,7300,0,0,0,0,0,0,0,0,0,0,80.8440356431042,791.4377278147531,530.879,729.3230000000001,790.37,851.9594999999999,908.2335,924.16585,986.43101,1733.671,1000,64,90,50000,30,791.4377278147531,530.879,729.3230000000001,790.37,851.9594999999999,908.2335,924.16585,986.43101,1733.671,81.0,,,,,,,,,,,,,,,,,,,,,,,,,,,,,,,,,,,,,,,,,,,,,,,,,,,,,,,,,,,,,,,,,,,,,,,,,,,,,,,,,,,,,
scalability/aurora/scalability-aurora-regions5-hot10000-F-mr0-20240520-130452/1-us-east-1-0,1-us-east-1-0,5,10000,F,0,20240520-130452,2524,2524,0,0,569418,569418,571942,0,0,0,0,0,0,0,0,0,0,6326.821588836124,10.105842205937629,1.924,9.217,9.944,10.675,11.591,12.567,16.404829999999958,59.169,1000,64,90,50000,30,10.105842205937629,1.924,9.217,9.944,10.675,11.591,12.567,16.404829999999958,59.169,6342.1,,,,,,,,,,,,,,,,,,,,,,,,,,,,,,,,,,,,,,,,,,,,,,,,,,,,,,,,,,,,,,,,,,,,,,,,,,,,,,,,,,,,,
scalability/aurora/scalability-aurora-regions5-hot10000-F-mr0-20240520-130452/5-ap-southeast-1-0,5-ap-southeast-1-0,5,10000,F,0,20240520-130452,9,9,0,0,3980,3980,3989,0,0,0,0,0,0,0,0,0,0,44.22188870270304,1448.7400607763022,0.918,1202.50025,1442.784,1682.7127500000001,1916.915,1982.10425,2176.4923999999996,3858.895,1000,64,90,50000,30,1448.7400607763022,0.918,1202.50025,1442.784,1682.7127500000001,1916.915,1982.10425,2176.4923999999996,3858.895,43.8,,,,,,,,,,,,,,,,,,,,,,,,,,,,,,,,,,,,,,,,,,,,,,,,,,,,,,,,,,,,,,,,,,,,,,,,,,,,,,,,,,,,,
scalability/aurora/scalability-aurora-regions5-hot10000-F-mr0-20240520-130452/3-ap-northeast-1-0,3-ap-northeast-1-0,5,10000,F,0,20240520-130452,22,22,0,0,5726,5726,5748,0,0,0,0,0,0,0,0,0,0,63.6221696886898,1006.4325953726598,1.186,837.066,1003.582,1170.01975,1335.006,1346.0981,1512.83297,2529.524,1000,64,90,50000,30,1006.4325953726598,1.186,837.066,1003.582,1170.01975,1335.006,1346.0981,1512.83297,2529.524,63.5,,,,,,,,,,,,,,,,,,,,,,,,,,,,,,,,,,,,,,,,,,,,,,,,,,,,,,,,,,,,,,,,,,,,,,,,,,,,,,,,,,,,,
scalability/aurora/scalability-aurora-regions5-hot10000-F-mr0-20240520-130452/2-eu-west-1-0,2-eu-west-1-0,5,10000,F,0,20240520-130452,33,33,0,0,13741,13741,13774,0,0,0,0,0,0,0,0,0,0,152.67737705903752,419.11661892227824,1.375,349.76,418.479,487.276,555.4836,560.6732,628.72652,1159.258,1000,64,90,50000,30,419.11661892227824,1.375,349.76,418.479,487.276,555.4836,560.6732,628.72652,1159.258,152.2,,,,,,,,,,,,,,,,,,,,,,,,,,,,,,,,,,,,,,,,,,,,,,,,,,,,,,,,,,,,,,,,,,,,,,,,,,,,,,,,,,,,,
scalability/aurora/scalability-aurora-regions6-hot10000-F-mr0-20240611-102821/6-eu-central-1-0,6-eu-central-1-0,6,10000,F,0,20240611-102821,25,25,0,0,10307,10307,10332,0,0,0,0,0,0,0,0,0,0,114.52148442773849,558.3512705262129,1.252,467.0145,559.087,651.0889999999999,742.3734000000001,747.1992,838.84786,1390.349,1000,64,90,50000,30,558.3512705262129,1.252,467.0145,559.087,651.0889999999999,742.3734000000001,747.1992,838.84786,1390.349,114.6,,,,,,,,,,,,,,,,,,,,,,,,,,,,,,,,,,,,,,,,,,,,,,,,,,,,,,,,,,,,,,,,,,,,,,,,,,,,,,,,,,,,,
scalability/aurora/scalability-aurora-regions6-hot10000-F-mr0-20240611-102821/4-us-west-1-0,4-us-west-1-0,6,10000,F,0,20240611-102821,35,35,0,0,14622,14622,14657,0,0,0,0,0,0,0,0,0,0,162.46509765457057,393.8163876219261,0.942,329.5925,394.3665,458.94575000000003,521.221,531.67315,596.6180300000001,1021.681,1000,64,90,50000,30,393.8163876219261,0.942,329.5925,394.3665,458.94575000000003,521.221,531.67315,596.6180300000001,1021.681,162.8,,,,,,,,,,,,,,,,,,,,,,,,,,,,,,,,,,,,,,,,,,,,,,,,,,,,,,,,,,,,,,,,,,,,,,,,,,,,,,,,,,,,,
scalability/aurora/scalability-aurora-regions6-hot10000-F-mr0-20240611-102821/1-us-east-1-0,1-us-east-1-0,6,10000,F,0,20240611-102821,1281,1281,0,0,485453,485453,486734,0,0,0,0,0,0,0,0,0,0,5393.908893813414,11.858726433286364,1.134,10.709,11.572,12.625,14.0,15.109,18.409130000000005,66.43,1000,64,90,50000,30,11.858726433286364,1.134,10.709,11.572,12.625,14.0,15.109,18.409130000000005,66.43,5394.1,,,,,,,,,,,,,,,,,,,,,,,,,,,,,,,,,,,,,,,,,,,,,,,,,,,,,,,,,,,,,,,,,,,,,,,,,,,,,,,,,,,,,
scalability/aurora/scalability-aurora-regions6-hot10000-F-mr0-20240611-102821/5-ap-southeast-1-0,5-ap-southeast-1-0,6,10000,F,0,20240611-102821,15,15,0,0,4184,4184,4199,0,0,0,0,0,0,0,0,0,0,46.4886546299755,1375.8992218446601,0.905,1155.19175,1384.719,1615.166,1842.3531999999998,1914.1991999999998,2150.90147,3579.941,1000,64,90,50000,30,1375.8992218446601,0.905,1155.19175,1384.719,1615.166,1842.3531999999998,1914.1991999999998,2150.90147,3579.941,46.5,,,,,,,,,,,,,,,,,,,,,,,,,,,,,,,,,,,,,,,,,,,,,,,,,,,,,,,,,,,,,,,,,,,,,,,,,,,,,,,,,,,,,
scalability/aurora/scalability-aurora-regions6-hot10000-F-mr0-20240611-102821/3-ap-northeast-1-0,3-ap-northeast-1-0,6,10000,F,0,20240611-102821,21,21,0,0,5991,5991,6012,0,0,0,0,0,0,0,0,0,0,66.56612719776051,960.7099023114561,0.969,791.4855,951.161,1111.0295,1260.0394000000003,1342.9243999999999,1509.54794,2477.11,1000,64,90,50000,30,960.7099023114561,0.969,791.4855,951.161,1111.0295,1260.0394000000003,1342.9243999999999,1509.54794,2477.11,66.2,,,,,,,,,,,,,,,,,,,,,,,,,,,,,,,,,,,,,,,,,,,,,,,,,,,,,,,,,,,,,,,,,,,,,,,,,,,,,,,,,,,,,
scalability/aurora/scalability-aurora-regions6-hot10000-F-mr0-20240611-102821/2-eu-west-1-0,2-eu-west-1-0,6,10000,F,0,20240611-102821,35,35,0,0,13740,13740,13775,0,0,0,0,0,0,0,0,0,0,152.6651923263197,419.0726507750805,1.256,351.12375,420.1965,489.1095,556.906,562.5314999999999,631.4395,1021.51,1000,64,90,50000,30,419.0726507750805,1.256,351.12375,420.1965,489.1095,556.906,562.5314999999999,631.4395,1021.51,152.5,,,,,,,,,,,,,,,,,,,,,,,,,,,,,,,,,,,,,,,,,,,,,,,,,,,,,,,,,,,,,,,,,,,,,,,,,,,,,,,,,,,,,
scalability/aurora/scalability-aurora-regions4-hot10000-F-mr5-20240611-104249/4-us-west-1-0,4-us-west-1-0,4,10000,F,5,20240611-104249,58,50,0,0,14687,13999,14745,0,0,0,0,0,0,0,0,0,0,163.18848228665323,391.90118792313484,0.944,327.777,392.525,457.01149999999996,518.42,530.9142999999999,597.46056,1009.269,1000,64,90,50000,30,391.8459974883387,0.944,327.7985,392.513,457.01149999999996,518.2428,530.7771,596.59624,976.496,155.2,8.0,,560.0,95.0,0.0,0.0,0.0,0.0,0.0,,,,,,390.9341053571428,1.459,326.449,391.87149999999997,455.29125,520.7922000000001,533.6627499999998,652.2525499999998,1009.269,406.55716842105267,196.058,332.1725,403.367,460.0585,526.9674,548.0189999999999,647.1194,655.476,1.0,6.2,,33.0,0.5,389.4262424242424,196.379,316.136,396.981,464.469,520.958,525.5634,563.213,580.357,,,,,,,,,,,,,,,,,,,,,,,,,,,,,,,,,,,,,,,
scalability/aurora/scalability-aurora-regions4-hot10000-F-mr5-20240611-104249/1-us-east-1-0,1-us-east-1-0,4,10000,F,5,20240611-104249,1122,1047,0,0,570116,541565,571238,0,0,0,0,0,0,0,0,0,0,6334.553276733207,10.097319160357301,0.908,8.907,9.816,10.864,12.199,13.312,17.369,955.821,1000,64,90,50000,30,10.078630403468855,0.908,8.903,9.812,10.858,12.193,13.307,17.361,294.719,6033.299999999999,57.0,14.0,23377.0,3859.0,0.0,0.0,0.0,0.0,0.0,0.0,0.0,0.0,0.0,0.0,10.40619427569094,1.85,8.969,9.874,10.952,12.297400000000001,13.381,17.514640000000014,955.821,10.673463850738532,1.821,8.971,9.885,11.0025,12.336000000000002,13.476899999999995,17.32044000000001,623.957,44.3,260.6,4.0,1315.0,14.3,10.612184030418252,2.604,8.9775,9.946,11.016,12.347000000000001,13.4108,18.31687999999993,358.137,0.0,0.0,0.0,0.0,0.0,,,,,,,,,,,,,,,,,,,,,,,,,,,,,,,,,,
scalability/aurora/scalability-aurora-regions4-hot10000-F-mr5-20240611-104249/3-ap-northeast-1-0,3-ap-northeast-1-0,4,10000,F,5,20240611-104249,26,21,0,0,5976,5681,6002,0,0,0,0,0,0,0,0,0,0,66.39941919690257,963.8876241542624,0.933,788.283,945.7105,1102.41175,1255.1215000000002,1343.72225,1511.6388800000002,2504.511,1000,64,90,50000,30,963.0287092526692,0.933,788.18525,945.6215,1102.3664999999999,1254.7344,1342.86665,1510.66788,2477.336,62.8,5.0,,241.0,33.0,0.0,0.0,0.0,0.0,0.0,,,,,,990.9050000000001,1.345,835.93,1001.2425000000001,1167.94825,1335.7297,1348.32845,1775.7537099999995,2504.511,942.4734848484849,474.574,785.565,849.049,1089.272,1342.6317999999999,1372.4293999999998,1408.7785999999999,1409.225,0.4,2.6,,21.0,0.30000000000000004,921.2034761904763,622.132,726.379,1003.571,1015.472,1179.017,1256.716,1258.608,1259.081,,,,,,,,,,,,,,,,,,,,,,,,,,,,,,,,,,,,,,,
scalability/aurora/scalability-aurora-regions4-hot10000-F-mr5-20240611-104249/2-eu-west-1-0,2-eu-west-1-0,4,10000,F,5,20240611-104249,51,38,0,0,13691,13018,13742,0,0,0,0,0,0,0,0,0,0,152.12074386381667,420.58001269538414,1.237,350.58050000000003,419.524,488.3435,556.4374,561.6235,630.7785,1120.807,1000,64,90,50000,30,420.6132800030871,1.237,350.571,419.536,488.346,556.2810000000001,561.5378,630.2218799999999,1120.807,144.9,10.0,2.0,552.0,98.0,0.0,0.0,0.0,0.0,0.0,0.0,0.0,0.0,0.0,0.0,414.87453272727276,1.351,350.07050000000004,418.6995,487.55224999999996,556.7591,561.3656,774.39428,1036.366,441.13778571428566,212.998,351.8625,421.14300000000003,490.71425,585.3325999999998,628.7093,705.6929300000004,968.496,1.0,6.1,1.0,23.0,0.4,452.04854545454543,281.684,369.8325,421.496,489.56375,551.7011000000002,622.72115,904.0504299999998,977.932,0.0,0.0,0.0,0.0,0.0,,,,,,,,,,,,,,,,,,,,,,,,,,,,,,,,,,
scalability/aurora/scalability-aurora-regions4-hot10000-F-mr0-20240611-104249/4-us-west-1-0,4-us-west-1-0,4,10000,F,0,20240611-104249,47,47,0,0,14680,14680,14727,0,0,0,0,0,0,0,0,0,0,163.11086267151916,392.3745134099617,0.881,329.808,394.5455,459.53775,520.1565,530.98325,597.0658500000001,1167.586,1000,64,90,50000,30,392.3745134099617,0.881,329.808,394.5455,459.53775,520.1565,530.98325,597.0658500000001,1167.586,163.1,,,,,,,,,,,,,,,,,,,,,,,,,,,,,,,,,,,,,,,,,,,,,,,,,,,,,,,,,,,,,,,,,,,,,,,,,,,,,,,,,,,,,
scalability/aurora/scalability-aurora-regions4-hot10000-F-mr0-20240611-104249/1-us-east-1-0,1-us-east-1-0,4,10000,F,0,20240611-104249,16938,16938,0,0,495595,495595,512533,0,0,0,0,0,0,0,0,0,0,5506.547321247875,11.6157787544191,1.23,9.721,11.021,12.912,14.876,16.454,23.295,195.158,1000,64,90,50000,30,11.6157787544191,1.23,9.721,11.021,12.912,14.876,16.454,23.295,195.158,5470.1,,,,,,,,,,,,,,,,,,,,,,,,,,,,,,,,,,,,,,,,,,,,,,,,,,,,,,,,,,,,,,,,,,,,,,,,,,,,,,,,,,,,,
scalability/aurora/scalability-aurora-regions4-hot10000-F-mr0-20240611-104249/3-ap-northeast-1-0,3-ap-northeast-1-0,4,10000,F,0,20240611-104249,15,15,0,0,5977,5977,5992,0,0,0,0,0,0,0,0,0,0,66.41045747430026,962.4811386774902,0.997,791.48,985.878,1128.031,1258.4958,1344.5626,1511.86024,2131.608,1000,64,90,50000,30,962.4811386774902,0.997,791.48,985.878,1128.031,1258.4958,1344.5626,1511.86024,2131.608,66.1,,,,,,,,,,,,,,,,,,,,,,,,,,,,,,,,,,,,,,,,,,,,,,,,,,,,,,,,,,,,,,,,,,,,,,,,,,,,,,,,,,,,,
scalability/aurora/scalability-aurora-regions4-hot10000-F-mr0-20240611-104249/2-eu-west-1-0,2-eu-west-1-0,4,10000,F,0,20240611-104249,31,31,0,0,13768,13768,13799,0,0,0,0,0,0,0,0,0,0,152.9764872341367,418.1862424109749,1.269,350.2585,419.08799999999997,488.129,555.6839,560.85455,629.7214299999999,1129.999,1000,64,90,50000,30,418.1862424109749,1.269,350.2585,419.08799999999997,488.129,555.6839,560.85455,629.7214299999999,1129.999,153.0,,,,,,,,,,,,,,,,,,,,,,,,,,,,,,,,,,,,,,,,,,,,,,,,,,,,,,,,,,,,,,,,,,,,,,,,,,,,,,,,,,,,,
scalability/aurora/scalability-aurora-regions6-hot10000-F-mr5-20240611-102821/6-eu-central-1-0,6-eu-central-1-0,6,10000,F,5,20240611-102821,39,28,0,0,10297,9790,10336,0,0,0,0,0,0,0,0,0,0,114.41088430297407,559.3643181862601,1.245,467.007,558.991,651.053,742.4286000000001,747.6312,840.31568,1737.436,1000,64,90,50000,30,558.9830631038026,1.245,466.9615,558.9594999999999,651.00625,742.2519,747.4348,839.6164899999999,1737.436,108.2,7.0,1.0,410.0,69.0,0.0,0.0,0.0,0.0,0.0,0.0,0.0,0.0,0.0,0.0,568.0177167487685,279.7,467.24625000000003,560.002,652.96375,745.7165,834.70925,932.39405,1390.731,540.1689275362319,283.091,466.965,556.684,566.022,675.9756000000002,742.5056,864.7888399999974,1114.561,0.8,4.5,3.0,22.0,0.30000000000000004,627.2089545454546,283.019,492.75275,560.8035,657.12525,1073.6679000000008,1115.3379,1117.62734,1118.162,0.0,0.0,0.0,0.0,0.0,3.0,625.1743333333333,466.884,562.638,658.392,704.3195000000001,731.876,741.0614999999999,748.4099,750.247,0.2,3.0,502.965,470.19,475.05600000000004,479.922,519.3525,543.0108,550.8969,557.20578,558.783,0.30000000000000004,,,,,,,,,,,,
scalability/aurora/scalability-aurora-regions6-hot10000-F-mr5-20240611-102821/4-us-west-1-0,4-us-west-1-0,6,10000,F,5,20240611-102821,51,43,0,0,14608,13893,14659,0,0,0,0,0,0,0,0,0,0,162.31006162507333,394.2127053080308,0.877,330.15049999999997,394.71900000000005,459.85275,522.2804,532.43905,598.31683,1055.17,1000,64,90,50000,30,394.16008378515147,0.877,330.168,394.774,459.852,522.2826,532.4086,597.9125200000002,1055.17,154.3,7.0,,568.0,93.0,0.0,0.0,0.0,0.0,0.0,,,,,,394.9673226950355,1.001,329.12649999999996,393.2645,459.6675,523.1813,533.7057,644.9116600000001,851.938,394.73687096774194,202.338,333.521,393.553,461.58,510.1508,527.4033999999999,560.85312,582.279,0.9,6.0,,35.0,0.4,371.7602,203.52,321.6595,384.531,420.685,463.62420000000003,512.7225999999999,529.4599,530.689,,,,,,10.0,476.6645,337.397,391.05,456.6125,496.69925,567.6553999999999,703.5976999999997,812.35154,839.54,0.2,9.0,418.08844444444446,266.15,391.582,460.537,468.962,481.7136,503.97079999999994,521.7765599999999,526.228,0.2,,,,,,,1.0,0.0,0.0,0.0,0.0,0.0
scalability/aurora/scalability-aurora-regions6-hot10000-F-mr5-20240611-102821/1-us-east-1-0,1-us-east-1-0,6,10000,F,5,20240611-102821,1385,1305,0,0,487842,463393,489227,0,0,0,0,0,0,0,0,0,0,5420.430099059998,11.80168774678437,1.357,10.65,11.485,12.517,13.801,14.877,18.262,906.801,1000,64,90,50000,30,11.77730468048553,1.357,10.648,11.483,12.514,13.796,14.869,18.225,864.934,5161.6,58.0,13.0,19377.0,3130.0,0.0,0.0,0.0,0.0,0.0,0.0,0.0,0.0,0.0,0.0,12.078296583049449,1.607,10.684,11.506,12.537,13.902,15.008349999999998,18.334,882.189,12.762134504792332,1.989,10.68525,11.545,12.5785,13.9361,15.1152,20.710470000000022,777.457,34.2,215.1,5.0,1112.0,12.0,13.48634442446043,1.795,10.673,11.507000000000001,12.6415,14.1159,15.06875,19.02235000000001,906.801,0.0,0.0,0.0,0.0,0.0,527.0,13.733840607210627,3.384,10.764,11.604,12.7395,14.088799999999999,14.7518,37.88786,705.912,6.1,303.0,11.93553795379538,2.58,10.751999999999999,11.456,12.5855,13.612400000000001,14.969499999999998,32.72200000000024,39.77,3.5,2.0,0.0,0.0,0.0,0.0,0.0,2.0,0.0,0.0,0.0,0.0,0.0
scalability/aurora/scalability-aurora-regions6-hot10000-F-mr5-20240611-102821/5-ap-southeast-1-0,5-ap-southeast-1-0,6,10000,F,5,20240611-102821,21,10,0,0,4153,3966,4174,0,0,0,0,0,0,0,0,0,0,46.14435655687752,1385.1644455857177,0.992,1153.842,1384.028,1615.37,1841.3624,1915.9848,2157.64444,3716.148,1000,64,90,50000,30,1380.9415249679898,0.992,1153.695,1383.796,1614.692,1840.684,1914.5416,2149.8904,3716.148,44.2,7.0,1.0,148.0,17.0,0.0,0.0,0.0,0.0,0.0,0.0,0.0,0.0,0.0,0.0,1466.045986394558,685.827,1161.4425,1393.683,1668.7955000000002,1882.2562000000003,2114.245699999999,3065.763679999999,3256.79,1512.368,930.046,1109.2525,1434.314,1724.0285,1935.2988,2194.654499999999,2559.2117,2650.351,0.2,1.4,1.0,13.0,0.2,1460.6138461538462,839.65,1328.625,1393.569,1615.357,1799.8354000000002,2035.6175999999994,2265.6211199999993,2323.122,0.0,0.0,0.0,0.0,0.0,5.0,1557.2363999999998,1115.999,1149.415,1622.589,1920.78,1954.7513999999999,1966.0752,1975.1342399999999,1977.399,0.2,4.0,1598.08025,1102.98,1327.28625,1542.359,1813.153,2048.0350000000003,2126.3289999999997,2188.9642,2204.623,0.2,1.0,0.0,0.0,0.0,0.0,0.0,1.0,0.0,0.0,0.0,0.0,0.0
scalability/aurora/scalability-aurora-regions6-hot10000-F-mr5-20240611-102821/3-ap-northeast-1-0,3-ap-northeast-1-0,6,10000,F,5,20240611-102821,19,13,0,0,6005,5683,6024,0,0,0,0,0,0,0,0,0,0,66.72213496004869,958.5823317064961,1.01,789.692,946.7845,1104.11275,1256.0186,1340.13915,1506.5866099999998,2720.626,1000,64,90,50000,30,957.9813865576102,1.01,789.696,946.7204999999999,1103.9982499999999,1255.9457,1339.9761999999998,1505.84333,2720.626,63.400000000000006,6.0,,271.0,37.0,0.0,0.0,0.0,0.0,0.0,,,,,,969.951734082397,2.215,786.3119999999999,946.217,1154.884,1263.7305999999999,1351.6242,1620.2717799999962,2342.36,967.7294594594596,629.299,794.2,1004.163,1102.08,1175.7138,1235.7202,1249.3358799999999,1249.972,0.4,3.0,,9.0,0.30000000000000004,965.4544444444444,628.989,787.365,1077.091,1096.486,1138.3812,1197.6936,1245.14352,1257.006,,,,,,1.0,1103.442,1103.442,1103.442,1103.442,1103.442,1103.442,1103.442,1103.442,1103.442,0.2,4.0,908.3155,790.507,792.89575,830.2355,945.65525,1087.6325000000002,1134.95825,1172.81885,1182.284,0.2,,,,,,,,,,,,
scalability/aurora/scalability-aurora-regions6-hot10000-F-mr5-20240611-102821/2-eu-west-1-0,2-eu-west-1-0,6,10000,F,5,20240611-102821,46,38,0,0,13712,13037,13758,0,0,0,0,0,0,0,0,0,0,152.35452387335454,420.1187037661195,1.328,351.58849999999995,420.27549999999997,489.24475,557.0923,562.3525,631.12662,1289.395,1000,64,90,50000,30,419.8791489017341,1.328,351.564,420.241,489.249,557.0383999999999,562.2984,630.86604,1289.395,144.6,6.0,1.0,540.0,86.0,0.0,0.0,0.0,0.0,0.0,0.0,0.0,0.0,0.0,0.0,424.76331168831166,211.103,352.5115,420.763,488.96000000000004,558.0238,563.5485,669.6978600000002,1027.288,417.69744186046506,216.19,351.11825,420.48,486.57725000000005,555.159,558.63575,660.2327500000011,834.793,0.8,6.0,1.0,27.0,0.4,419.64169230769227,217.005,351.603,356.6855,474.78525,558.2975,611.6279999999999,889.59375,976.325,0.0,0.0,0.0,0.0,0.0,12.0,440.54283333333336,281.801,420.52625,425.177,491.736,553.9062,594.4312,627.4382400000001,635.69,0.2,10.0,478.1509,352.033,439.17925,489.596,494.0355,510.62499999999994,572.4189999999999,621.8542,634.213,0.2,,,,,,,,,,,,
scalability/aurora/scalability-aurora-regions6-hot0-F-mr0-20240611-102821/6-eu-central-1-0,6-eu-central-1-0,6,1000000,F,0,20240611-102821,14,14,0,0,10310,10310,10324,0,0,0,0,0,0,0,0,0,0,114.55499085672812,558.4825138590669,1.235,467.007,558.857,650.975,741.7655,746.6914999999999,838.3616,1414.066,1000,64,90,50000,30,558.4825138590669,1.235,467.007,558.857,650.975,741.7655,746.6914999999999,838.3616,1414.066,114.2,,,,,,,,,,,,,,,,,,,,,,,,,,,,,,,,,,,,,,,,,,,,,,,,,,,,,,,,,,,,,,,,,,,,,,,,,,,,,,,,,,,,,
scalability/aurora/scalability-aurora-regions6-hot0-F-mr0-20240611-102821/4-us-west-1-0,4-us-west-1-0,6,1000000,F,0,20240611-102821,20,20,0,0,14705,14705,14725,0,0,0,0,0,0,0,0,0,0,163.38864781983162,391.5559817635408,0.869,328.388,392.952,457.561,519.389,530.943,594.255,982.21,1000,64,90,50000,30,391.5559817635408,0.869,328.388,392.952,457.561,519.389,530.943,594.255,982.21,163.4,,,,,,,,,,,,,,,,,,,,,,,,,,,,,,,,,,,,,,,,,,,,,,,,,,,,,,,,,,,,,,,,,,,,,,,,,,,,,,,,,,,,,
scalability/aurora/scalability-aurora-regions6-hot0-F-mr0-20240611-102821/1-us-east-1-0,1-us-east-1-0,6,1000000,F,0,20240611-102821,447,447,0,0,481636,481636,482083,0,0,0,0,0,0,0,0,0,0,5351.455661051909,11.953176841676843,1.212,10.753,11.671,12.763,14.202,15.408449999999954,18.909289999999977,75.905,1000,64,90,50000,30,11.953176841676843,1.212,10.753,11.671,12.763,14.202,15.408449999999954,18.909289999999977,75.905,5379.299999999999,,,,,,,,,,,,,,,,,,,,,,,,,,,,,,,,,,,,,,,,,,,,,,,,,,,,,,,,,,,,,,,,,,,,,,,,,,,,,,,,,,,,,
scalability/aurora/scalability-aurora-regions6-hot0-F-mr0-20240611-102821/5-ap-southeast-1-0,5-ap-southeast-1-0,6,1000000,F,0,20240611-102821,7,7,0,0,4174,4174,4181,0,0,0,0,0,0,0,0,0,0,46.37726389708168,1378.4787562043796,1.034,1154.8445000000002,1383.254,1614.333,1840.1734,1905.8650499999997,2093.3108799999995,3228.183,1000,64,90,50000,30,1378.4787562043796,1.034,1154.8445000000002,1383.254,1614.333,1840.1734,1905.8650499999997,2093.3108799999995,3228.183,46.6,,,,,,,,,,,,,,,,,,,,,,,,,,,,,,,,,,,,,,,,,,,,,,,,,,,,,,,,,,,,,,,,,,,,,,,,,,,,,,,,,,,,,
scalability/aurora/scalability-aurora-regions6-hot0-F-mr0-20240611-102821/3-ap-northeast-1-0,3-ap-northeast-1-0,6,1000000,F,0,20240611-102821,8,8,0,0,5882,5882,5890,0,0,0,0,0,0,0,0,0,0,65.35488507978953,978.2060379855621,0.974,833.2462499999999,997.1510000000001,1164.39975,1322.0779,1346.54775,1512.78846,2517.553,1000,64,90,50000,30,978.2060379855621,0.974,833.2462499999999,997.1510000000001,1164.39975,1322.0779,1346.54775,1512.78846,2517.553,65.5,,,,,,,,,,,,,,,,,,,,,,,,,,,,,,,,,,,,,,,,,,,,,,,,,,,,,,,,,,,,,,,,,,,,,,,,,,,,,,,,,,,,,
scalability/aurora/scalability-aurora-regions6-hot0-F-mr0-20240611-102821/2-eu-west-1-0,2-eu-west-1-0,6,1000000,F,0,20240611-102821,14,14,0,0,13692,13692,13706,0,0,0,0,0,0,0,0,0,0,152.13231360395812,420.9295465218667,1.366,351.943,420.6405,489.64225,557.4863,562.5396000000001,630.70583,1181.315,1000,64,90,50000,30,420.9295465218667,1.366,351.943,420.6405,489.64225,557.4863,562.5396000000001,630.70583,1181.315,152.0,,,,,,,,,,,,,,,,,,,,,,,,,,,,,,,,,,,,,,,,,,,,,,,,,,,,,,,,,,,,,,,,,,,,,,,,,,,,,,,,,,,,,
scalability/aurora/scalability-aurora-regions5-hot10000-F-mr5-20240520-130452/4-us-west-1-0,4-us-west-1-0,5,10000,F,5,20240520-130452,32,23,0,0,7291,6954,7323,0,0,0,0,0,0,0,0,0,0,81.01096338761937,790.0243576864535,531.622,728.397,788.891,849.6195,908.1882,925.6445,991.13396,1787.406,1000,64,90,50000,30,789.5302696547722,531.622,728.40425,788.9304999999999,849.438,907.9489,925.46245,990.0767999999999,1787.406,77.30000000000001,3.0,6.0,259.0,56.0,0.0,0.0,0.0,0.0,0.0,0.0,0.0,0.0,0.0,0.0,789.5163411764705,550.162,727.8675000000001,788.088,851.5645,911.2604,924.9366,1103.9458000000022,1492.416,850.9060892857143,654.664,731.12725,790.092,860.645,1031.4625,1436.1075,1573.6857500000003,1641.234,0.6,2.8,,12.0,0.2,792.7771666666666,668.933,763.3357500000001,790.8725,846.45975,852.5181,876.2496,899.15072,904.876,,,,,,10.0,799.362,669.424,746.5595000000001,816.281,854.95975,877.9119,896.0914499999999,910.63509,914.271,0.2,,,,,,,,,,,,,,,,,,,,,,,
scalability/aurora/scalability-aurora-regions5-hot10000-F-mr5-20240520-130452/1-us-east-1-0,1-us-east-1-0,5,10000,F,5,20240520-130452,1313,1208,0,0,570180,541716,571493,0,0,0,0,0,0,0,0,0,0,6335.277852771066,10.093999086022636,2.095,9.185,9.909,10.603,11.478,12.305,15.621300000000046,1199.005,1000,64,90,50000,30,10.067150810415567,2.099,9.184,9.908,10.602,11.476,12.301,15.557540000000037,905.02,6046.700000000001,83.0,14.0,22725.0,3753.0,0.0,0.0,0.0,0.0,0.0,0.0,0.0,0.0,0.0,0.0,10.56670142159236,2.113,9.199,9.93,10.623,11.522,12.407,17.81659999999996,1199.005,10.78914632196162,2.158,9.198,9.9145,10.61725,11.5545,12.379349999999999,16.203819999999997,928.248,41.7,252.9,4.0,1328.0,14.7,10.713469879518073,2.419,9.24975,9.949,10.63825,11.494,12.245949999999997,15.529770000000001,516.709,0.0,0.0,0.0,0.0,0.0,658.0,10.691571428571429,3.487,9.21825,9.9035,10.55625,11.306900000000002,12.29625,15.768759999999993,356.26,7.1,,,,,,,,,,,,,,,,,,4.0,0.0,0.0,0.0,0.0,0.0
scalability/aurora/scalability-aurora-regions5-hot10000-F-mr5-20240520-130452/5-ap-southeast-1-0,5-ap-southeast-1-0,5,10000,F,5,20240520-130452,27,16,0,0,3921,3724,3948,0,0,0,0,0,0,0,0,0,0,43.56655645344437,1465.7800785584652,0.997,1200.901,1440.102,1679.482,1916.1758,1989.4072,2235.846,4579.729,1000,64,90,50000,30,1461.1894518417462,0.997,1200.464,1440.075,1679.054,1915.6519999999998,1988.8076,2233.34076,3221.306,41.6,6.0,2.0,159.0,25.0,0.0,0.0,0.0,0.0,0.0,0.0,0.0,0.0,0.0,0.0,1525.3040769230768,722.279,1240.301,1445.4085,1725.95425,1937.7285,2140.91925,3177.984449999995,3861.599,1541.6988695652174,985.757,1204.719,1435.016,1673.0435,1881.1882,1927.2841,3996.4542200000033,4579.729,0.2,1.5,2.0,11.0,0.2,1848.4670909090912,1203.364,1587.1745,1746.697,2031.5439999999999,2156.917,2519.4735,2809.5187000000005,2882.03,0.0,0.0,0.0,0.0,0.0,2.0,2257.387,1431.305,1844.346,2257.387,2670.428,2918.2526000000003,3000.8608,3066.94736,3083.469,0.2,,,,,,,,,,,,,,,,,,1.0,0.0,0.0,0.0,0.0,0.0
scalability/aurora/scalability-aurora-regions5-hot10000-F-mr5-20240520-130452/3-ap-northeast-1-0,3-ap-northeast-1-0,5,10000,F,5,20240520-130452,34,27,0,0,5760,5469,5794,0,0,0,0,0,0,0,0,0,0,63.999305527891444,999.5884389044943,1.159,836.02025,1002.156,1168.501,1334.1345000000001,1343.8725,1512.2631000000001,3000.798,1000,64,90,50000,30,998.6592733493619,1.159,836.0125,1002.039,1168.3885,1334.041,1343.6217,1510.1887599999998,3000.798,60.5,5.0,2.0,239.0,38.0,0.0,0.0,0.0,0.0,0.0,0.0,0.0,0.0,0.0,0.0,1009.1384641350211,501.996,835.443,1003.093,1168.866,1335.4574,1373.4919999999984,1777.5488399999979,2168.118,1070.4930789473685,501.709,839.85225,1086.426,1330.7447499999998,1497.3747,1504.72025,1719.2061600000009,1839.246,0.4,2.5,,8.0,0.2,963.1405,505.824,797.20525,1009.9035,1167.0014999999999,1223.2851,1275.72455,1317.6761099999999,1328.164,,,,,,6.0,1059.23,838.658,1001.83425,1003.5550000000001,1130.56475,1254.0394999999999,1294.74475,1327.30895,1335.45,0.2,,,,,,,,,,,,,,,,,,,,,,,
scalability/aurora/scalability-aurora-regions5-hot10000-F-mr5-20240520-130452/2-eu-west-1-0,2-eu-west-1-0,5,10000,F,5,20240520-130452,55,42,0,0,13764,13063,13819,0,0,0,0,0,0,0,0,0,0,152.93247153166826,418.28979540145986,1.357,349.64575,418.6935,487.615,555.6945,561.0232500000001,630.2674499999999,1116.33,1000,64,90,50000,30,418.22553688177834,1.357,349.632,418.704,487.602,555.592,560.835,629.742,1026.33,145.2,8.0,4.0,546.0,100.0,0.0,0.0,0.0,0.0,0.0,0.0,0.0,0.0,0.0,0.0,414.75727757352945,1.832,348.96074999999996,417.872,486.47775,555.7944,564.8904000000001,698.6216200000002,1116.33,439.30274,2.13,352.2475,422.8985,489.60625000000005,559.9239,621.3915,696.6018700000008,832.021,1.1,6.300000000000001,1.0,40.0,0.6,441.2772000000001,280.163,350.87375,421.0415,492.1645,623.065,628.3966499999999,711.9311899999999,762.233,0.0,0.0,0.0,0.0,0.0,15.0,400.71139999999997,2.558,317.248,484.651,488.517,528.8862,553.0472,553.29024,553.351,0.2,,,,,,,,,,,,,,,,,,,,,,,
scalability/aurora/scalability-aurora-regions5-hot0-F-mr0-20240520-125715/4-us-west-1-0,4-us-west-1-0,5,1000000,F,0,20240520-125715,5,5,0,0,7310,7310,7315,0,0,0,0,0,0,0,0,0,0,81.22129675427848,788.743216809274,531.458,728.1165,788.829,850.6995000000001,908.6075,921.0687499999999,979.4302500000001,1751.928,1000,64,90,50000,30,788.743216809274,531.458,728.1165,788.829,850.6995000000001,908.6075,921.0687499999999,979.4302500000001,1751.928,81.0,,,,,,,,,,,,,,,,,,,,,,,,,,,,,,,,,,,,,,,,,,,,,,,,,,,,,,,,,,,,,,,,,,,,,,,,,,,,,,,,,,,,,
scalability/aurora/scalability-aurora-regions5-hot0-F-mr0-20240520-125715/1-us-east-1-0,1-us-east-1-0,5,1000000,F,0,20240520-125715,529,529,0,0,583658,583658,584187,0,0,0,0,0,0,0,0,0,0,6485.087620261637,9.859505547568585,1.538,8.995,9.777,10.487,11.344,12.192,15.712359999999986,66.192,1000,64,90,50000,30,9.859505547568585,1.538,8.995,9.777,10.487,11.344,12.192,15.712359999999986,66.192,6423.8,,,,,,,,,,,,,,,,,,,,,,,,,,,,,,,,,,,,,,,,,,,,,,,,,,,,,,,,,,,,,,,,,,,,,,,,,,,,,,,,,,,,,
scalability/aurora/scalability-aurora-regions5-hot0-F-mr0-20240520-125715/5-ap-southeast-1-0,5-ap-southeast-1-0,5,1000000,F,0,20240520-125715,5,5,0,0,3960,3960,3965,0,0,0,0,0,0,0,0,0,0,43.99952324952132,1452.6751003593429,0.917,1201.333,1446.092,1689.781,1917.2930000000001,1983.41975,2227.0363,3104.949,1000,64,90,50000,30,1452.6751003593429,0.917,1201.333,1446.092,1689.781,1917.2930000000001,1983.41975,2227.0363,3104.949,43.8,,,,,,,,,,,,,,,,,,,,,,,,,,,,,,,,,,,,,,,,,,,,,,,,,,,,,,,,,,,,,,,,,,,,,,,,,,,,,,,,,,,,,
scalability/aurora/scalability-aurora-regions5-hot0-F-mr0-20240520-125715/3-ap-northeast-1-0,3-ap-northeast-1-0,5,1000000,F,0,20240520-125715,13,13,0,0,5689,5689,5702,0,0,0,0,0,0,0,0,0,0,63.21084460857149,1011.3425383111111,1.182,836.918,1003.313,1169.865,1334.8078,1346.6764,1512.36344,2722.982,1000,64,90,50000,30,1011.3425383111111,1.182,836.918,1003.313,1169.865,1334.8078,1346.6764,1512.36344,2722.982,63.2,,,,,,,,,,,,,,,,,,,,,,,,,,,,,,,,,,,,,,,,,,,,,,,,,,,,,,,,,,,,,,,,,,,,,,,,,,,,,,,,,,,,,
scalability/aurora/scalability-aurora-regions5-hot0-F-mr0-20240520-125715/2-eu-west-1-0,2-eu-west-1-0,5,1000000,F,0,20240520-125715,9,9,0,0,13793,13793,13802,0,0,0,0,0,0,0,0,0,0,153.2547651253733,417.53574397261275,1.429,349.485,418.364,487.249,555.2082,560.1984,628.55604,1368.268,1000,64,90,50000,30,417.53574397261275,1.429,349.485,418.364,487.249,555.2082,560.1984,628.55604,1368.268,153.0,,,,,,,,,,,,,,,,,,,,,,,,,,,,,,,,,,,,,,,,,,,,,,,,,,,,,,,,,,,,,,,,,,,,,,,,,,,,,,,,,,,,,
scalability/aurora/scalability-aurora-regions3-hot0-F-mr0-20240519-214347/1-us-east-1-0,1-us-east-1-0,3,1000000,F,0,20240519-214347,629,629,0,0,600736,600736,601365,0,0,0,0,0,0,0,0,0,0,6674.839473024005,9.583040757684723,1.233,8.396,9.319,10.294,11.523,12.51,15.57,52.143,1000,64,90,50000,30,9.583040757684723,1.233,8.396,9.319,10.294,11.523,12.51,15.57,52.143,6688.299999999999,,,,,,,,,,,,,,,,,,,,,,,,,,,,,,,,,,,,,,,,,,,,,,,,,,,,,,,,,,,,,,,,,,,,,,,,,,,,,,,,,,,,,
scalability/aurora/scalability-aurora-regions3-hot0-F-mr0-20240519-214347/3-ap-northeast-1-0,3-ap-northeast-1-0,3,1000000,F,0,20240519-214347,5,5,0,0,5746,5746,5751,0,0,0,0,0,0,0,0,0,0,63.84436659262383,1001.9952092573038,1.2,837.64475,1004.3065,1170.1822499999998,1334.1028000000001,1347.34775,1512.5805599999999,2513.742,1000,64,90,50000,30,1001.9952092573038,1.2,837.64475,1004.3065,1170.1822499999998,1334.1028000000001,1347.34775,1512.5805599999999,2513.742,63.7,,,,,,,,,,,,,,,,,,,,,,,,,,,,,,,,,,,,,,,,,,,,,,,,,,,,,,,,,,,,,,,,,,,,,,,,,,,,,,,,,,,,,
scalability/aurora/scalability-aurora-regions3-hot0-F-mr0-20240519-214347/2-eu-west-1-0,2-eu-west-1-0,3,1000000,F,0,20240519-214347,19,19,0,0,13701,13701,13720,0,0,0,0,0,0,0,0,0,0,152.23183148005108,420.3001433599765,1.875,350.604,419.628,488.39,555.9338,561.387,629.86364,1255.466,1000,64,90,50000,30,420.3001433599765,1.875,350.604,419.628,488.39,555.9338,561.387,629.86364,1255.466,152.2,,,,,,,,,,,,,,,,,,,,,,,,,,,,,,,,,,,,,,,,,,,,,,,,,,,,,,,,,,,,,,,,,,,,,,,,,,,,,,,,,,,,,
scalability/aurora/scalability-aurora-regions3-hot10000-F-mr5-20240611-105258/1-us-east-1-0,1-us-east-1-0,3,10000,F,5,20240611-105258,1481,1393,0,0,597652,567922,599133,0,0,0,0,0,0,0,0,0,0,6640.531015453502,9.630529742899792,0.944,8.402,9.32,10.299,11.617,12.623,17.53552000000002,718.981,1000,64,90,50000,30,9.616771356421102,0.944,8.4,9.318,10.297,11.613,12.618,17.502390000000013,523.032,6322.700000000001,74.0,14.0,25429.0,4301.0,0.0,0.0,0.0,0.0,0.0,0.0,0.0,0.0,0.0,0.0,9.862731327433627,1.483,8.447,9.361,10.355,11.689,12.7,17.886959999999966,718.981,10.07441246221809,1.664,8.396,9.311,10.345,11.724,12.84,27.445,599.175,47.8,283.1,,,,,,,,,,,,,,,,,,,,,,,,,,,,,,,,,,,,,,,,,,,,,,,,,,,
scalability/aurora/scalability-aurora-regions3-hot10000-F-mr5-20240611-105258/3-ap-northeast-1-0,3-ap-northeast-1-0,3,10000,F,5,20240611-105258,34,24,0,0,6050,5739,6084,0,0,0,0,0,0,0,0,0,0,67.2220522430471,951.012729869696,0.97,785.3955,941.8285000000001,1100.948,1254.97,1342.15825,1510.5147499999998,2522.425,1000,64,90,50000,30,948.6784557942938,0.97,785.1395,941.3444999999999,1100.189,1252.6608,1341.46215,1509.1174099999996,2236.329,64.0,8.0,2.0,272.0,39.0,0.0,0.0,0.0,0.0,0.0,0.0,0.0,0.0,0.0,0.0,988.3192602230483,2.421,789.759,1004.671,1170.786,1331.393,1379.0117999999998,1841.508,2522.425,1033.5396923076921,447.691,810.404,1006.761,1208.1245,1375.7774000000004,1561.4558000000009,2038.9607199999998,2056.785,0.4,3.2,,,,,,,,,,,,,,,,,,,,,,,,,,,,,,,,,,,,,,,,,,,,,,,,,,,
scalability/aurora/scalability-aurora-regions3-hot10000-F-mr5-20240611-105258/2-eu-west-1-0,2-eu-west-1-0,3,10000,F,5,20240611-105258,38,32,0,0,13753,13047,13791,0,0,0,0,0,0,0,0,0,0,152.81070066156914,418.7214947768281,1.237,350.053,418.803,487.692,555.654,560.5264,629.27696,1460.433,1000,64,90,50000,30,418.6769852952498,1.237,350.061,418.784,487.649,555.6225999999999,560.3876,629.07888,1041.864,145.6,3.0,3.0,612.0,94.0,0.0,0.0,0.0,0.0,0.0,0.0,0.0,0.0,0.0,0.0,416.75979042904294,1.5,349.3815,418.673,488.528,556.4259999999999,561.71625,629.5422,911.656,437.51858510638283,207.027,351.26125,420.77049999999997,489.2525,553.4572000000001,561.366,1014.1724999999967,1460.433,1.0,6.6,,,,,,,,,,,,,,,,,,,,,,,,,,,,,,,,,,,,,,,,,,,,,,,,,,,
