path,region,suffix,rejected,aborted,aborted.NewOrder,unexpected,completed,completed.NewOrder,completed.Payment,completed.OrderStatus,completed.Delivery,completed.StockLevel,total,throughput,avg,p0,p25,p50,p75,p90,p95,p99,p100,avg.NewOrder,p0.NewOrder,p25.NewOrder,p50.NewOrder,p75.NewOrder,p90.NewOrder,p95.NewOrder,p99.NewOrder,p100.NewOrder,avg.OrderStatus,p0.OrderStatus,p25.OrderStatus,p50.OrderStatus,p75.OrderStatus,p90.OrderStatus,p95.OrderStatus,p99.OrderStatus,p100.OrderStatus,avg.Delivery,p0.Delivery,p25.Delivery,p50.Delivery,p75.Delivery,p90.Delivery,p95.Delivery,p99.Delivery,p100.Delivery,avg.StockLevel,p0.StockLevel,p25.StockLevel,p50.StockLevel,p75.StockLevel,p90.StockLevel,p95.StockLevel,p99.StockLevel,p100.StockLevel,avg.Payment,p0.Payment,p25.Payment,p50.Payment,p75.Payment,p90.Payment,p95.Payment,p99.Payment,p100.Payment,throughput.StockLevel,throughput.Delivery,throughput.NewOrder,ood_index_page,ood_table,ood_tuple,other_aborts,deadlock,throughput.OrderStatus,scalefactor,terminals,time,rate,warmup,throughput.Payment,rejected.NewOrder,ood_index_page.NewOrder,ood_table.NewOrder,ood_tuple.NewOrder,other_aborts.NewOrder,deadlock.NewOrder,rejected.Delivery,ood_index_page.Delivery,ood_table.Delivery,ood_tuple.Delivery,other_aborts.Delivery,deadlock.Delivery,rejected.StockLevel,ood_index_page.StockLevel,ood_table.StockLevel,ood_tuple.StockLevel,other_aborts.StockLevel,deadlock.StockLevel,rejected.Payment,ood_index_page.Payment,ood_table.Payment,ood_tuple.Payment,other_aborts.Payment,deadlock.Payment
tpcc/cockroach/tpcc-100-cockroach-terminals80-20241127-150318/1-us-east-1-0,1-us-east-1-0,20241127-150318,0,218,218,0,49420,21951,21455,2033,2039,1942,49638,823.6651023481766,96.4251758837694,3.279,18.477,33.946,60.7645,315.7964000000003,620.8349999999999,914.3254,1268.127,94.05640428246014,21.051,39.765,50.7425,66.11375,94.56620000000028,602.0306999999998,692.1070999999995,1268.127,5.764412401574803,3.476,4.80825,5.4915,6.05175,6.677100000000001,7.33945,11.372600000000002,110.754,130.16973369298677,99.049,120.50999999999999,127.84,137.47500000000002,148.5606,156.21249999999998,173.4133799999999,240.646,12.157959320288361,5.678,9.274249999999999,10.5795,13.82625,18.922700000000003,20.928949999999997,26.11538999999998,34.308,111.86464607998509,11.235,17.17,19.366,23.67625,422.3714,827.1480999999999,959.5725800000001,1154.829,32.8,33.7,370.3,0,0,0,0,0,33.400000000000006,100,80,60,50000,0,356.9,,,,,,,,,,,,,,,,,,,,,,,,
tpcc/cockroach/tpcc-100-cockroach-terminals80-20241127-150318/3-ap-northeast-1-0,3-ap-northeast-1-0,20241127-150318,0,182,182,0,36017,16150,15539,1489,1411,1428,36199,600.2766896410108,132.07718078076408,2.545,16.913,33.659,60.17625,636.4715,885.673,1207.36185,1784.69,119.49537752321982,22.112,39.29075,50.348,65.3475,90.0925,817.7793499999999,864.7098100000001,1784.69,5.124184811827957,2.6,4.2684999999999995,4.949,5.785,6.498099999999999,6.95895,8.522649999999988,37.711,120.52792253020613,79.995,108.1935,120.773,132.559,141.3484,147.33870000000002,164.09022,198.922,12.816859943977592,5.671,8.45475,9.467,11.59825,16.6514,19.437299999999983,25.070330000000002,1049.214,169.3406381773716,11.291,15.96725,17.5835,20.686500000000002,914.995,1086.1058499999963,1210.53367,1520.106,23.3,23.5,267.1,0,0,0,0,0,24.4,100,80,60,50000,0,256.4,,,,,,,,,,,,,,,,,,,,,,,,
tpcc/cockroach/tpcc-100-cockroach-terminals80-20241127-150318/2-eu-west-1-0,2-eu-west-1-0,20241127-150318,0,174,174,0,40511,18152,17513,1612,1590,1644,40685,675.1773224209321,117.51740208832169,3.727,21.247500000000002,41.786,76.5155,328.083,839.865,1212.0332,1692.695,116.29496330982812,26.334,49.063,63.4195,84.335,119.814,390.29400000000146,883.9377500000004,1692.695,7.240483250620349,3.727,5.7935,6.8285,7.90725,8.744100000000001,9.429,12.988769999999988,119.95,153.70216918238992,97.449,128.64925,158.2115,172.26024999999998,185.41420000000002,194.2558,211.83087,245.887,13.478306569343065,6.307,9.654,10.9025,13.712250000000001,18.826900000000002,21.621499999999997,26.66930999999998,732.264,135.41625409695652,12.632,19.673,22.312,26.457,427.6564,1015.8727999999999,1215.9854,1427.769,26.9,26.9,305.5,0,0,0,0,0,26.7,100,80,60,50000,0,291.0,,,,,,,,,,,,,,,,,,,,,,,,
tpcc/cockroach/tpcc-10-cockroach-terminals20-20241127-135551/1-us-east-1-0,1-us-east-1-0,20241127-135551,17,207,207,0,9886,4375,4278,407,403,423,10110,164.76593142341258,119.09844380374305,2.614,16.225,31.262,51.241,423.379,733.8747999999997,942.2337599999998,2109.046,111.58087291428572,17.083,31.298000000000002,39.963,53.046499999999995,351.9159999999997,616.4483000000001,911.5531200000001,2020.623,4.421608374384237,2.733,3.90875,4.410500000000001,4.93475,5.3385,5.58875,6.113599999999999,18.349,76.73873880597014,34.407,52.73225,73.301,97.26925,106.86330000000001,116.44104999999998,156.46077000000008,634.16,20.52521276595745,5.355,6.588,7.353,8.99,16.7836,30.994599999999963,429.9641399999995,602.676,151.42423398784476,9.625,14.75775,17.631500000000003,35.96275,717.4563000000009,877.7656,1037.2370799999997,2109.046,6.8,6.3,76.4,0,0,0,17,0,6.9,10,20,60,50000,0,70.2,17.0,0.0,0.0,0.0,17.0,0.0,,,,,,,,,,,,,,,,,,
tpcc/cockroach/tpcc-10-cockroach-terminals20-20241127-135551/3-ap-northeast-1-0,3-ap-northeast-1-0,20241127-135551,17,119,119,0,6772,2996,2909,291,298,278,6908,112.86642333230128,173.92143760153596,2.892,14.0495,29.624,50.7755,832.79,1021.0095,1407.6127999999999,2763.45,163.1259632721202,17.553,31.057000000000002,40.764,53.703500000000005,747.2986,854.5914999999998,1269.08644,2188.215,4.300989690721649,2.892,3.806,4.189,4.6055,5.129,5.411,6.472900000000013,20.38,69.89230201342282,37.806,49.402249999999995,55.983000000000004,92.67325,99.14670000000001,103.81089999999999,139.63304999999988,173.908,29.059848920863313,5.073,6.68175,7.324,8.577,17.014900000000004,43.75834999999992,573.3271800000001,691.185,226.5045245788931,9.177,12.865,14.83,29.25,1006.2508,1204.314,1620.7884400000003,2763.45,4.5,5.2,48.599999999999994,0,0,0,17,0,5.1,10,20,60,50000,0,47.7,15.0,0.0,0.0,0.0,15.0,0.0,2.0,0.0,0.0,0.0,2.0,0.0,,,,,,,,,,,,
tpcc/cockroach/tpcc-10-cockroach-terminals20-20241127-135551/2-eu-west-1-0,2-eu-west-1-0,20241127-135551,16,173,173,0,7487,3262,3351,283,303,288,7676,124.78125931074732,156.6925813518568,3.438,17.65325,37.1525,67.69125,445.29,1010.144,1409.6572499999997,2619.395,150.82575896964124,21.204,39.932,52.169,73.022,409.29,851.23,1263.763600000001,2195.726,5.247544169611308,3.438,4.6995000000000005,5.209,5.7925,6.2682,6.4082,6.97616,7.633,83.71055775577557,42.171,56.4035,86.366,113.351,119.7364,125.72379999999997,157.0683800000001,192.387,29.588458333333328,5.885,7.258,8.226,10.193,18.628500000000003,61.08444999999993,705.9914999999999,828.909,192.7147221724858,9.938,16.2835,18.409,35.2025,1003.824,1208.942,1423.6395,2619.395,4.8,4.699999999999999,57.2,0,0,0,16,0,4.4,10,20,60,50000,0,53.3,16.0,0.0,0.0,0.0,16.0,0.0,,,,,,,,,,,,,,,,,,
tpcc/cockroach/tpcc-10-cockroach-terminals60-20241127-135551/1-us-east-1-0,1-us-east-1-0,20241127-135551,181,242,242,0,12209,5340,5300,518,498,553,12632,203.48124164790983,289.0553614842726,2.808,32.56875,53.008,451.15774999999996,948.3734000000001,1130.8986499999996,1912.2391300000002,3929.008,220.79593294624462,17.863,37.454,50.539,313.858,771.3517999999998,1028.7894999999996,1327.6387199999992,2250.59,4.759279069767443,2.861,4.10375,4.6615,5.1682500000000005,5.683,5.9515,7.092050000000001,19.808,64.5231686746988,9.338,33.79575,59.407,79.41624999999999,104.81580000000001,123.96434999999988,268.1778499999995,656.698,39.5757034358047,5.743,8.022,11.354,20.034,45.132400000000004,249.07839999999985,564.6162800000003,615.124,432.73189641509435,9.444,36.26975,76.828,807.26225,1106.7521000000004,1463.4574000000005,2127.0601400000014,3929.008,9.1,8.5,91.30000000000001,0,0,0,181,0,8.6,10,60,60,50000,0,86.4,164.0,0.0,0.0,0.0,164.0,0.0,17.0,0.0,0.0,0.0,17.0,0.0,,,,,,,,,,,,
tpcc/cockroach/tpcc-10-cockroach-terminals60-20241127-135551/3-ap-northeast-1-0,3-ap-northeast-1-0,20241127-135551,93,168,168,0,7590,3315,3334,292,350,299,7851,126.4989087592719,461.57036579259454,3.153,34.719,57.265,901.338,1374.8887999999997,1826.8639999999994,2599.3343999999997,4020.291,363.9752503770739,18.147,40.6535,55.813,765.5554999999999,1181.8744,1405.1852999999999,2006.33502,3430.879,4.666938144329897,3.391,4.215999999999999,4.606,4.987500000000001,5.376,5.635,6.806200000000009,12.087,83.82300571428573,10.022,33.25025,60.043000000000006,84.46225,109.4627,140.1731,794.9939499999998,1045.92,85.46246488294314,5.475,10.7635,16.149,25.276,236.98719999999884,617.1663999999998,861.6298199999984,1041.838,672.0753045304531,9.628,34.509,88.882,1185.597,1797.567800000001,2238.889999999999,3141.0911599999986,4020.291,5.300000000000001,5.6,58.4,0,0,0,93,0,4.9,10,60,60,50000,0,56.9,85.0,0.0,0.0,0.0,85.0,0.0,7.0,0.0,0.0,0.0,7.0,0.0,1.0,0.0,0.0,0.0,1.0,0.0,,,,,,
tpcc/cockroach/tpcc-10-cockroach-terminals60-20241127-135551/2-eu-west-1-0,2-eu-west-1-0,20241127-135551,112,196,196,0,9273,4051,4094,393,379,356,9581,154.5492409777677,377.36230025884385,3.59,40.793,69.309,488.89,1247.2271,1462.8515499999992,2457.80735999999,4843.425,313.8288644779067,22.338,50.962,72.783,416.139,1148.269,1328.479,1826.042,2940.853,5.66860358056266,3.894,5.093999999999999,5.543,6.1129999999999995,6.596,6.949,8.37500000000001,20.384,76.05324538258576,10.674,38.561,62.671,94.541,118.18199999999999,144.9587,328.1456599999993,929.791,57.41749438202246,5.445,11.6055,17.0035,27.944499999999998,80.36,269.02675,808.2243499999998,1368.587,531.6623391155631,10.702,39.369,86.218,1020.488,1448.5600000000002,1825.6107999999995,2653.95472,4843.425,6.1,6.2,76.0,0,0,0,112,0,6.7,10,60,60,50000,0,70.4,104.0,0.0,0.0,0.0,104.0,0.0,8.0,0.0,0.0,0.0,8.0,0.0,,,,,,,,,,,,
tpcc/cockroach/tpcc-10-cockroach-terminals100-20241127-135551/1-us-east-1-0,1-us-east-1-0,20241127-135551,128,265,265,0,11397,4950,4996,474,506,471,11790,189.947113326232,516.0866644731069,2.96,47.574,130.655,901.717,1412.7766,1886.902399999999,2789.1494799999987,4831.306,265.89443737373733,19.065,42.881,58.388,436.49475,894.6753000000001,1053.17865,1488.0721000000008,2586.422,5.021057324840764,3.123,4.3575,4.784,5.393,5.939,6.282,12.241200000000045,26.128,71.13520553359683,9.414,33.88125,61.935,89.18475000000001,112.8365,139.76725000000002,346.4408999999993,688.804,49.350402222222215,7.306,15.51125,17.984499999999997,25.08,62.55000000000008,246.48129999999975,600.0734399999999,663.509,901.711137510008,11.443,157.44225,838.139,1323.4582500000001,1932.7604999999999,2379.543,3048.47425,4831.306,7.8,8.3,85.9,0,0,0,128,0,7.8999999999999995,10,100,60,50000,0,82.6,114.0,0.0,0.0,0.0,114.0,0.0,14.0,0.0,0.0,0.0,14.0,0.0,,,,,,,,,,,,
tpcc/cockroach/tpcc-10-cockroach-terminals100-20241127-135551/3-ap-northeast-1-0,3-ap-northeast-1-0,20241127-135551,101,193,193,0,7547,3283,3342,313,290,319,7841,125.7825669254784,768.7029018022794,3.184,45.74725,112.996,1249.848,2188.968,2695.70725,4087.2701000000006,6057.945,383.9239811090798,22.475,41.825250000000004,56.921,831.91125,1222.1774,1416.3993,2019.3017100000004,2858.84,4.946220447284345,3.184,4.142,4.593,4.99,5.2874,5.6278,27.85484,29.773,87.80236896551723,10.444,32.309749999999994,57.585499999999996,86.42725,108.05400000000004,155.68055,883.1841400000004,924.534,59.47464331210191,6.283,14.78825,16.890500000000003,26.394000000000002,57.4458,491.81409999999937,810.7911600000001,827.204,1344.9669359664872,9.685,128.39499999999998,1204.0590000000002,2102.182,2824.7034000000003,3517.5370999999996,4746.37269,6057.945,5.0,5.0,54.3,0,0,0,101,0,5.0,10,100,60,50000,0,53.0,89.0,0.0,0.0,0.0,89.0,0.0,12.0,0.0,0.0,0.0,12.0,0.0,,,,,,,,,,,,
tpcc/cockroach/tpcc-10-cockroach-terminals100-20241127-135551/2-eu-west-1-0,2-eu-west-1-0,20241127-135551,145,218,218,0,9322,4110,4072,387,350,403,9685,155.3645753584954,624.0786376998177,3.7,59.667,134.021,1098.878,1750.433,2364.787,3391.5695999999975,5253.684,358.3197688564477,24.916,55.05875,78.3155,473.58775,1240.9066,1429.9196499999996,1919.800589999997,3973.275,5.9092202072538855,3.962,5.0752500000000005,5.5504999999999995,6.09275,6.627000000000001,7.13425,21.427249999999997,32.757,84.5365,13.609,48.54825,68.8605,104.17325,131.6057,171.36924999999997,343.95937999999995,1433.452,64.97399751861042,6.27,16.186500000000002,19.199,34.1815,86.1234,307.328,787.5461400000006,966.394,1053.0955789732252,12.225,138.462,794.211,1612.0985,2479.3,2880.7309999999998,3923.120700000001,5253.684,6.2,5.300000000000001,68.6,0,0,0,145,0,6.2,10,100,60,50000,0,64.4,131.0,0.0,0.0,0.0,131.0,0.0,13.0,0.0,0.0,0.0,13.0,0.0,,,,,,,1.0,0.0,0.0,0.0,1.0,0.0
tpcc/cockroach/tpcc-10-cockroach-terminals80-20241127-135551/1-us-east-1-0,1-us-east-1-0,20241127-135551,119,262,262,0,10853,4779,4788,430,429,427,11234,180.88200602418783,433.04463333947666,2.865,44.236000000000004,82.5795,743.89975,1165.6305,1594.8761499999991,2414.0600499999996,4317.843,261.5165161155295,18.157,42.42225,56.958,435.0665,891.7005,1040.76005,1346.1966099999993,2457.713,4.886440559440558,2.891,4.155,4.636,5.227,5.8352,6.261,11.38847999999996,27.685,66.15929836829837,9.486,26.384,58.961,83.74,110.47299999999998,128.02159999999995,316.9002799999985,644.238,47.3722020460358,7.438,15.1785,17.632,25.3525,62.694,250.00799999999998,568.4966000000003,742.875,710.2405649540518,11.108,84.25425,524.5975000000001,1082.82375,1663.2490000000003,2043.6659999999997,2835.65218,4317.843,6.699999999999999,6.8,85.19999999999999,0,0,0,119,0,7.1,10,80,60,50000,0,78.8,112.0,0.0,0.0,0.0,112.0,0.0,7.0,0.0,0.0,0.0,7.0,0.0,,,,,,,,,,,,
tpcc/cockroach/tpcc-10-cockroach-terminals80-20241127-135551/3-ap-northeast-1-0,3-ap-northeast-1-0,20241127-135551,90,180,180,0,7491,3251,3263,322,333,322,7761,124.84896440281007,624.4700993324432,3.269,42.646,74.37549999999999,1092.58725,1819.152,2363.9095999999995,3449.2724099999996,5613.007,387.16439630769236,19.176,42.1885,57.4,820.806,1222.2336,1423.2892,2073.7822899999946,3317.29,4.734080745341615,3.269,4.103,4.4965,4.93075,5.433200000000003,5.6387,7.590610000000005,25.662,68.51033933933934,9.512,30.66,57.369,79.065,105.4526,122.51559999999994,609.7441200000006,836.123,84.51461490683229,5.588,14.519,16.7245,31.141,195.12390000000048,616.2935999999999,826.4426100000001,1068.438,1032.0088057002758,9.725,72.4105,1012.609,1475.2255,2426.9104,2837.8172,3803.3394800000065,5613.007,5.300000000000001,5.4,57.8,0,0,0,90,0,5.0,10,80,60,50000,0,55.2,76.0,0.0,0.0,0.0,76.0,0.0,13.0,0.0,0.0,0.0,13.0,0.0,1.0,0.0,0.0,0.0,1.0,0.0,,,,,,
tpcc/cockroach/tpcc-10-cockroach-terminals80-20241127-135551/2-eu-west-1-0,2-eu-west-1-0,20241127-135551,132,208,208,0,9626,4191,4219,431,386,399,9966,160.43266266865194,486.44147096103893,3.636,52.074,89.459,743.596,1454.8962000000001,1834.6084,2864.4532000000004,4433.576,350.22725465393796,23.204,53.27475,76.02449999999999,474.58774999999997,1236.8591999999999,1424.1074499999997,1906.4552399999948,3195.012,5.828924705882352,3.869,5.088,5.467,6.092,6.736000000000001,7.1792,15.773319999999984,27.739,79.75623316062176,11.407,34.95525,67.04849999999999,95.682,120.7135,166.269,509.6183999999932,1144.74,69.81299749373433,6.675,15.401,18.202,37.0475,141.20379999999994,341.74199999999985,850.3065399999999,871.888,747.4297297937901,10.532,76.569,478.698,1282.676,1847.4664000000002,2442.3604,3091.0900399999996,4433.576,6.9,6.4,74.9,0,0,0,132,0,6.8,10,80,60,50000,0,69.1,120.0,0.0,0.0,0.0,120.0,0.0,12.0,0.0,0.0,0.0,12.0,0.0,,,,,,,,,,,,
tpcc/cockroach/tpcc-100-cockroach-terminals20-20241127-150318/1-us-east-1-0,1-us-east-1-0,20241127-150318,0,68,68,0,14186,6342,6082,602,544,616,14254,236.4313593127471,84.04667698272823,2.451,14.405,25.044,43.472,296.26440000000014,603.8537999999998,942.5614,1135.682,78.55988252917061,16.727,29.59575,37.7125,48.41374999999999,65.42130000000004,331.27554999999995,660.55836,1135.682,4.550960132890365,2.451,3.72275,4.335,4.9375,5.4049000000000005,5.905449999999999,6.818950000000001,106.832,101.96622878228781,72.035,93.005,103.3505,110.72325000000001,116.9408,120.45799999999996,130.37048000000013,154.985,9.51612012987013,5.117,6.88375,7.7669999999999995,9.413,15.1345,17.171750000000003,24.4965,102.072,103.59059815850048,9.412,13.26725,15.125499999999999,17.45675,420.49,788.08215,945.2058499999999,1101.903,10.2,8.7,109.5,0,0,0,0,0,10.100000000000001,100,20,60,50000,0,101.5,,,,,,,,,,,,,,,,,,,,,,,,
tpcc/cockroach/tpcc-100-cockroach-terminals20-20241127-150318/3-ap-northeast-1-0,3-ap-northeast-1-0,20241127-150318,0,45,45,0,10126,4447,4372,438,426,443,10171,168.76486911829272,117.186832691358,2.592,14.068,26.587,48.079,607.0712,862.537399999999,1203.5492000000002,1786.56,108.89492264447942,18.918,32.2705,41.123,53.4745,71.77220000000005,672.8797999999999,851.74086,1546.699,4.336009132420092,2.592,3.71875,4.2255,4.92675,5.484500000000001,5.752999999999998,6.392479999999999,8.422,99.13200705882353,68.784,89.958,97.556,108.116,115.5186,119.70199999999998,126.60991999999999,144.246,8.55389841986456,4.746,6.54,7.342,8.5715,13.8786,16.1247,18.688859999999995,24.98,149.70860054907342,10.448,13.479,14.599,16.465,879.471,1005.0755,1207.239,1786.56,7.6,6.699999999999999,74.4,0,0,0,0,0,7.699999999999999,100,20,60,50000,0,70.69999999999999,,,,,,,,,,,,,,,,,,,,,,,,
tpcc/cockroach/tpcc-100-cockroach-terminals20-20241127-150318/2-eu-west-1-0,2-eu-west-1-0,20241127-150318,0,52,52,0,10826,4866,4632,453,472,403,10878,180.4330589487806,109.87427618695733,2.941,17.78525,33.676500000000004,58.772,317.942,838.0755,1210.15375,1500.644,100.58278133990957,21.26,38.4155,48.795500000000004,63.518,87.0695,349.94849999999997,860.5382500000001,1459.435,5.434384105960264,2.941,4.497,5.348,6.204,6.8746,7.4056,8.30332,19.63,115.12526906779661,75.142,92.715,123.05350000000001,129.53075,138.6271,148.03095,155.94659000000001,160.603,9.208523573200992,5.377,6.9239999999999995,8.002,10.032,14.8086,16.0977,18.820500000000003,22.082,138.0723579447323,10.313,15.11475,18.566499999999998,20.829,425.79140000000007,1205.3812,1212.00425,1500.644,6.9,8.2,81.9,0,0,0,0,0,7.4,100,20,60,50000,0,77.5,,,,,,,,,,,,,,,,,,,,,,,,
tpcc/cockroach/tpcc-100-cockroach-terminals60-20241127-150318/1-us-east-1-0,1-us-east-1-0,20241127-150318,1,169,169,0,38121,17113,16507,1486,1472,1543,38291,635.3479875140713,93.70532510493179,3.161,17.76275,32.141999999999996,56.62225,310.3925999999999,616.6888999999994,916.0174399999983,1156.934,88.49559110565686,19.537,37.430749999999996,47.477999999999994,61.39875000000001,80.72099999999998,339.07534999999996,691.28518,1150.905,5.480904441453567,3.161,4.52875,5.1605,5.766,6.3655,6.87475,10.13400000000001,116.012,122.69096868618108,93.276,113.499,123.138,130.697,138.22220000000002,144.0856,157.54767999999996,186.787,11.303193778353856,5.024,8.325,9.576,12.650500000000001,18.412199999999995,20.778399999999998,26.841359999999987,43.696,112.17170491306719,11.634,16.638,18.517,22.34,419.21419999999995,829.4121999999999,957.3651800000001,1156.934,25.7,25.0,289.20000000000005,0,0,0,1,0,25.4,100,60,60,50000,0,275.2,,,,,,,,,,,,,,,,,,,1.0,0.0,0.0,0.0,1.0,0.0
tpcc/cockroach/tpcc-100-cockroach-terminals60-20241127-150318/3-ap-northeast-1-0,3-ap-northeast-1-0,20241127-150318,1,128,128,0,27889,12584,11979,1137,1112,1077,28018,464.81043943852586,127.82916053499716,2.604,15.873,31.015500000000003,55.01025,626.1745999999999,883.1772499999997,1206.26464,2040.531,113.46142474570883,20.613,36.06325,46.062,59.8875,80.32940000000004,682.6308999999998,856.98208,2040.531,4.864358839050132,2.604,4.068,4.692,5.489,6.2074,6.580400000000001,8.395320000000005,23.113,112.77357323688967,77.636,102.565,112.36699999999999,123.288,131.0005,136.01,151.7757,178.06,10.609792943361187,5.476,7.73,8.759,11.24,16.003999999999998,18.681399999999993,22.496840000000002,414.852,166.55247453665052,10.652,14.97,16.441,18.961,888.9829000000002,1051.0801999999994,1209.48261,1606.748,18.6,18.3,209.10000000000002,0,0,0,1,0,18.700000000000003,100,60,60,50000,0,197.0,,,,,,,,,,,,,,,,,,,1.0,0.0,0.0,0.0,1.0,0.0
tpcc/cockroach/tpcc-100-cockroach-terminals60-20241127-150318/2-eu-west-1-0,2-eu-west-1-0,20241127-150318,0,149,149,0,31672,14196,13675,1255,1283,1263,31821,527.8616428050651,112.76637400145243,3.469,20.886499999999998,39.579,71.5025,319.734,831.139,1211.5216,1671.009,109.6484197661313,24.208,46.39125,59.2975,78.58525,105.5295,359.4465,873.7147499999999,1671.009,6.774774760383386,3.559,5.6015,6.5645,7.47425,8.219800000000001,8.619900000000001,10.39427,113.488,143.46167575993766,87.613,124.3115,146.974,161.027,170.87279999999998,176.7817,193.36818000000005,349.759,12.350781472684085,6.273,8.866,10.233,13.0215,18.124399999999998,20.211899999999996,24.978399999999944,783.789,132.15330495208838,11.902,18.6785,21.932,25.2305,424.514,1014.108,1214.7688,1608.104,20.700000000000003,21.5,237.0,0,0,0,0,0,20.9,100,60,60,50000,0,228.5,,,,,,,,,,,,,,,,,,,,,,,,
tpcc/cockroach/tpcc-100-cockroach-terminals1-20241127-150318/1-us-east-1-0,1-us-east-1-0,20241127-150318,0,2,2,0,433,211,176,17,16,13,435,7.216604533385509,136.6756412037037,3.511,14.04575,32.1485,50.66225,349.2099,626.4712,1081.3360599999994,12771.972,95.6412654028436,22.913,32.61,41.614,51.072500000000005,304.749,393.99350000000004,765.4718,1328.152,17.31311764705882,3.511,4.329,4.537,5.73,6.5638000000000005,48.87699999999986,182.70099999999996,216.157,100.205625,89.98,95.3115,100.74,105.13,107.11449999999999,107.71725,108.95385,109.263,22.769692307692306,5.89,6.349,6.41,7.026,7.4356,91.4803999999997,192.24247999999977,217.433,209.54257714285714,11.632,13.334499999999998,14.204,18.3155,440.7235999999998,886.831,1366.1438399999931,12771.972,0.4,0.5,3.4,0,0,0,0,0,0.30000000000000004,100,1,60,50000,0,3.0,,,,,,,,,,,,,,,,,,,,,,,,
tpcc/cockroach/tpcc-100-cockroach-terminals1-20241127-150318/3-ap-northeast-1-0,3-ap-northeast-1-0,20241127-150318,0,1,1,0,356,156,151,16,14,19,357,5.933322767469927,166.2288820224719,3.327,13.397,26.367,49.531,815.7705000000001,960.54625,1615.9631999999988,2738.131,149.135608974359,22.447,31.27775,41.0795,51.178,676.402,839.6837499999999,1333.950099999995,1668.365,45.575,3.43,4.4165,4.744,5.1305,6.086399999999999,189.61999999999932,531.6903999999996,617.208,80.50914285714285,76.813,78.4825,78.994,79.9045,85.088,87.67065,91.32052999999999,92.233,6.525578947368421,5.139,5.550000000000001,5.625,6.0315,8.5346,10.428099999999988,14.511220000000002,15.532,224.99510596026488,11.22,13.053,13.77,17.573,956.029,1204.5525,2318.3720000000003,2738.131,0.4,0.2,2.4,0,0,0,0,0,0.2,100,1,60,50000,0,2.1,,,,,,,,,,,,,,,,,,,,,,,,
tpcc/cockroach/tpcc-100-cockroach-terminals1-20241127-150318/2-eu-west-1-0,2-eu-west-1-0,20241127-150318,0,2,2,0,507,227,234,14,13,19,509,8.449923369334948,116.19880039525691,5.094,17.93225,37.7585,70.17375,311.38149999999996,476.147,1413.96405,2226.829,113.19891189427312,34.801,47.665,61.765,75.477,88.5814,401.57379999999995,1079.7027,1657.078,21.59828571428571,5.094,6.1485,6.744,7.0885,7.603800000000001,81.24504999999992,190.45700999999983,217.76,128.89076923076922,124.779,126.779,128.878,129.464,129.9254,133.94899999999998,138.689,139.874,9.692736842105266,7.921,8.379000000000001,8.493,9.469000000000001,11.752599999999996,17.481099999999998,18.30262,18.508,132.78249785407726,15.017,17.304,18.261,19.533,422.6084,1206.4304,1416.5978,2226.829,0.2,0.4,3.4,0,0,0,0,0,0.4,100,1,60,50000,0,4.1,,,,,,,,,,,,,,,,,,,,,,,,
tpcc/cockroach/tpcc-100-cockroach-terminals10-20241127-150318/1-us-east-1-0,1-us-east-1-0,20241127-150318,0,32,32,0,6606,2948,2885,271,262,240,6638,110.09971430041637,90.0638912944739,2.429,13.94,24.445,43.019,313.4860000000001,616.7236,889.9364400000001,1834.904,84.91082801899593,16.973,28.514,36.2745,46.8165,298.1478,605.5545500000001,666.1971300000008,1493.241,5.881391143911439,2.429,3.694,4.281,4.9185,5.397,5.8205,8.119000000000005,214.432,95.5778854961832,69.007,84.4445,98.6275,103.862,108.4293,112.3549,116.70699999999998,121.567,10.462720833333332,4.869,6.35525,7.404999999999999,9.804,13.947299999999998,15.91565,21.693239999999992,226.01,109.4000003468609,9.103,12.858,14.533,16.5995,420.43899999999996,791.4033000000003,943.36926,1834.904,3.9,4.2,48.4,0,0,0,0,0,4.300000000000001,100,10,60,50000,0,48.2,,,,,,,,,,,,,,,,,,,,,,,,
tpcc/cockroach/tpcc-100-cockroach-terminals10-20241127-150318/3-ap-northeast-1-0,3-ap-northeast-1-0,20241127-150318,0,23,23,0,4659,2075,1995,192,188,209,4682,77.64882402667817,126.99806719622157,2.903,13.606,26.5985,45.973,639.2700000000001,938.6273,1207.3942,3023.669,108.10139971070396,18.794,30.9,39.063,50.70375,64.20390000000002,746.2619499999996,862.13512,1831.751,13.659958333333334,2.903,3.6645,4.339,4.851,5.3101,5.545749999999997,604.22597,605.663,95.94448936170213,77.136,87.29400000000001,93.0235,106.81125,111.1901,113.80065,118.94393,123.615,11.01766028708134,4.696,6.358,7.226,8.288,13.645800000000003,14.782,19.82395999999996,611.302,172.62743208020052,10.667,13.019,13.994,15.6335,940.3436,1200.6979999999999,1403.36114,3023.669,3.6,3.3,34.599999999999994,0,0,0,0,0,3.1,100,10,60,50000,0,32.4,,,,,,,,,,,,,,,,,,,,,,,,
tpcc/cockroach/tpcc-100-cockroach-terminals10-20241127-150318/2-eu-west-1-0,2-eu-west-1-0,20241127-150318,0,17,17,0,5284,2327,2354,204,186,213,5301,88.06652222582801,112.47735093696762,3.069,17.688,30.16,54.1415,324.6302,841.5403999999997,1209.79644,2280.2,103.33525967325882,20.501,36.446,46.6665,58.660000000000004,298.365,815.268,860.79425,1648.361,7.664622549019608,3.069,4.7139999999999995,5.7669999999999995,6.4955,7.048200000000001,7.28665,11.549439999999997,217.285,114.94836021505377,73.251,95.168,121.465,130.767,142.2625,147.37075,154.44015,159.597,9.735460093896714,5.516,6.703,7.597,9.229,14.096400000000001,15.711399999999992,20.61084,224.331,143.98696663740122,11.585,16.696,18.457,20.28125,426.6106,1183.4767500000019,1211.55942,2280.2,3.5,3.0,38.3,0,0,0,0,0,3.1,100,10,60,50000,0,40.1,,,,,,,,,,,,,,,,,,,,,,,,
tpcc/cockroach/tpcc-100-cockroach-terminals100-20241127-150318/1-us-east-1-0,1-us-east-1-0,20241127-150318,0,239,239,0,59443,26628,25656,2366,2406,2387,59682,990.7069686361507,100.20839298812288,3.386,21.282,37.900999999999996,66.20649999999999,318.7411000000001,622.7376,896.387019999999,1614.212,98.39106433319563,22.71,43.116,54.778,72.62,112.439,397.35909999999535,701.44764,1614.212,6.445315433403805,3.495,5.223,5.964,6.741,7.7032,8.989199999999999,14.3206000000001,112.257,149.18307024106403,104.66,134.82475,145.598,160.77425,178.5505,188.41825,208.29589999999996,269.483,13.643593213238374,6.46,10.166,11.536,14.914,20.8702,23.6224,30.74831999999997,294.964,114.20253137667602,10.838,19.439,22.5655,29.00325,426.14149999999995,805.77575,958.3328,1143.365,39.4,40.2,449.8,0,0,0,0,0,39.4,100,100,60,50000,0,425.5,,,,,,,,,,,,,,,,,,,,,,,,
tpcc/cockroach/tpcc-100-cockroach-terminals100-20241127-150318/3-ap-northeast-1-0,3-ap-northeast-1-0,20241127-150318,1,197,197,0,44530,19992,19222,1809,1761,1746,44728,742.1631347988939,133.4528611017539,2.751,17.844,35.941,64.497,650.7374000000009,908.2923999999999,1208.26844,1866.879,121.52377134710619,22.05,41.909499999999994,53.712,70.225,99.114,747.361,868.8763,1866.879,5.4758451327433635,2.937,4.5625,5.308999999999999,6.2265,6.9913,7.540199999999999,9.95695,17.206,127.49353378762068,83.032,113.378,127.018,140.361,151.574,158.534,185.06120000000004,259.032,12.587771477663232,5.806,9.0505,10.144,13.3225,18.445,21.211,27.20119999999998,498.857,169.4279106232442,12.107,16.789,18.549,22.195,931.7395,1084.8946000000003,1211.12716,1445.357,28.0,29.2,336.1,0,0,0,1,0,29.7,100,100,60,50000,0,317.1,,,,,,,,,,,,,,,,,,,1.0,0.0,0.0,0.0,1.0,0.0
tpcc/cockroach/tpcc-100-cockroach-terminals100-20241127-150318/2-eu-west-1-0,2-eu-west-1-0,20241127-150318,0,213,213,0,49466,22293,21175,2035,1944,2019,49679,824.4313756248482,120.29610445558566,3.855,22.941,45.119,82.2705,333.45,838.7692499999999,1213.8157,2040.595,120.48607621226394,26.627,52.644,67.915,89.793,129.91899999999987,388.1083999999991,890.04464,2040.595,7.7794010853478035,4.495,6.315,7.129,7.9975000000000005,9.129800000000001,10.051199999999985,16.912280000000003,142.581,164.84932664609053,120.657,150.2715,162.52800000000002,175.16250000000002,189.9904,200.07174999999995,229.83369999999977,375.183,14.01264437840515,6.42,10.373999999999999,11.785,15.3215,20.4826,23.7613,29.7792,623.137,136.95447626918536,13.893,21.4595,24.02,29.486,429.60360000000003,1017.0187999999999,1218.1338600000001,1438.845,33.4,32.9,377.4,0,0,0,0,0,32.7,100,100,60,50000,0,351.3,,,,,,,,,,,,,,,,,,,,,,,,
tpcc/cockroach/tpcc-10-cockroach-terminals1-20241127-135551/1-us-east-1-0,1-us-east-1-0,20241127-135551,0,13,13,0,717,299,328,30,32,28,730,11.949876580678852,82.01091061452513,3.183,10.9185,18.573500000000003,30.214,296.4185,608.278,888.42065,1370.78,63.41954362416108,15.629,21.557499999999997,27.032,31.7955,36.3994,344.4975999999945,621.86096,852.991,4.661866666666667,3.183,3.98975,4.4455,4.7845,5.373200000000001,7.162399999999993,8.93495,9.209,87.11840625,79.718,84.35725,86.703,88.50375,92.5694,95.01585,97.69586000000001,97.849,7.660363636363636,6.472,6.750249999999999,6.8495,7.3785,8.475900000000003,13.239499999999996,14.57799,14.868,111.86730182926831,8.473,10.395499999999998,11.346499999999999,13.634,418.168,741.85505,950.2692900000014,1370.78,0.4,0.4,5.2,0,0,0,0,0,0.4,10,1,60,50000,0,5.5,,,,,,,,,,,,,,,,,,,,,,,,
tpcc/cockroach/tpcc-10-cockroach-terminals1-20241127-135551/3-ap-northeast-1-0,3-ap-northeast-1-0,20241127-135551,0,10,10,0,421,186,177,18,15,25,431,7.016591914586102,140.00931666666668,3.576,11.85,25.3035,44.8625,609.1752,879.6129,1424.6376,2934.198,125.36293010752689,21.903,29.636,39.436,47.431,55.992000000000004,835.28,1296.4987000000008,2876.599,31.176722222222217,3.576,4.261,4.641,5.3557500000000005,6.085800000000001,77.90689999999933,399.7005799999992,480.149,95.48807692307695,93.054,93.756,94.012,94.247,99.3896,103.56279999999998,107.11095999999999,107.998,28.9965,5.935,6.715,7.0009999999999994,7.324,8.866100000000001,13.299499999999997,384.9028899999996,483.622,185.600197740113,9.899,11.617,12.299,13.405,879.4427999999999,1205.5194000000001,1887.2262800000078,2934.198,0.4,0.30000000000000004,3.2,0,0,0,0,0,0.4,10,1,60,50000,0,2.5,,,,,,,,,,,,,,,,,,,,,,,,
tpcc/cockroach/tpcc-10-cockroach-terminals1-20241127-135551/2-eu-west-1-0,2-eu-west-1-0,20241127-135551,0,7,7,0,440,217,183,12,14,14,447,7.333234923887287,133.62757403189065,4.272,17.630499999999998,42.64,69.846,354.3686,874.8902999999999,1211.52668,2546.675,136.48163888888888,33.555,47.06,60.284,74.108,336.1925,863.86475,946.5067999999995,1410.883,23.08083333333333,4.272,5.231,5.802,6.07625,7.5128,100.98144999999984,192.22029000000012,215.03,94.08957142857143,91.104,91.724,92.4555,94.841,98.0734,101.59835,105.70687,106.734,23.71876923076923,7.328,7.378,7.508,7.699,8.1734,92.0627999999997,192.6069599999998,217.743,149.0340163934426,15.428,16.988,17.709,18.711,424.5302,1010.8597,1460.7300600000015,2546.675,0.2,0.4,3.9000000000000004,0,0,0,0,0,0.2,10,1,60,50000,0,2.7,,,,,,,,,,,,,,,,,,,,,,,,
tpcc/cockroach/tpcc-10-cockroach-terminals40-20241127-135551/1-us-east-1-0,1-us-east-1-0,20241127-135551,111,261,261,0,11485,5048,5041,454,470,472,11857,191.41522028859862,204.74784701784938,2.51,22.837,40.081,295.087,771.1536000000001,932.0841999999999,1409.7628399999999,2871.243,182.82951862123613,17.32,34.366,45.436,77.2795,626.8435999999999,892.5663,1185.3219399999994,2286.48,4.834855875831486,2.896,4.0925,4.6,5.1025,5.611,5.8675,7.377,79.122,66.69306382978723,15.968,35.8555,65.0155,86.31899999999999,108.04310000000001,125.70444999999998,173.43884000000003,508.112,28.45230084745763,5.63,7.33625,8.677,15.7905,32.34490000000002,50.35149999999994,540.7846200000005,593.696,274.08089744098396,9.556,15.935,33.645,440.319,905.7,1053.57,1642.6930000000007,2871.243,8.2,8.399999999999999,88.69999999999999,0,0,0,111,0,7.6,10,40,60,50000,0,84.80000000000001,102.0,0.0,0.0,0.0,102.0,0.0,9.0,0.0,0.0,0.0,9.0,0.0,,,,,,,,,,,,
tpcc/cockroach/tpcc-10-cockroach-terminals40-20241127-135551/3-ap-northeast-1-0,3-ap-northeast-1-0,20241127-135551,51,142,142,0,7402,3226,3297,291,290,298,7595,123.36580326641936,317.93633644102147,3.086,22.587,40.427,597.927,1179.651,1398.898,2255.64,3479.392,258.43594666666667,18.416,33.711,45.051,77.75,916.6916,1223.0766,1700.0904399999988,2752.857,4.537,3.086,3.9779999999999998,4.48,4.794499999999999,5.164,5.38,6.576100000000015,19.79,73.2357703180212,19.701,46.1475,58.605,79.6495,100.6708,124.24479999999984,671.2984400000001,774.605,45.39651006711409,5.758,7.2692499999999995,9.107,15.67625,36.46840000000001,388.0865,584.7719399999994,817.481,450.071779496512,9.19,15.329,32.321,903.407,1236.4724,1752.6719999999993,2427.65688,3479.392,5.0,4.699999999999999,55.5,0,0,0,51,0,4.699999999999999,10,40,60,50000,0,54.7,48.0,0.0,0.0,0.0,48.0,0.0,3.0,0.0,0.0,0.0,3.0,0.0,,,,,,,,,,,,
tpcc/cockroach/tpcc-10-cockroach-terminals40-20241127-135551/2-eu-west-1-0,2-eu-west-1-0,20241127-135551,72,179,179,0,9297,4102,4071,382,366,376,9548,154.9475828125432,251.87920815404473,3.762,26.605,50.703500000000005,248.73675,1024.521,1243.6745,1718.3402999999985,3988.232,227.7511999512314,22.057,45.218,60.739,94.438,850.487,1217.583,1528.152,3006.291,5.475680628272252,3.762,4.84525,5.3145,5.93675,6.487100000000001,6.85265,7.473039999999999,19.211,72.90512841530054,19.332,45.712500000000006,65.4195,90.3055,118.32,132.37975,196.83170000000126,831.067,47.02368882978723,5.125,8.01475,10.773,18.271250000000002,59.3745,285.81674999999996,638.133,1046.068,334.3172571849668,10.344,19.143,37.37,442.262,1217.455,1414.5545000000002,2236.296900000001,3988.232,6.0,6.5,73.2,0,0,0,72,0,6.5,10,40,60,50000,0,69.8,66.0,0.0,0.0,0.0,66.0,0.0,6.0,0.0,0.0,0.0,6.0,0.0,,,,,,,,,,,,
tpcc/cockroach/tpcc-10-cockroach-terminals10-20241127-135551/1-us-east-1-0,1-us-east-1-0,20241127-135551,0,151,151,0,7039,3079,3095,314,279,272,7190,117.3149811632273,83.72666458303738,2.57,13.2365,22.806,41.388999999999996,301.25779999999986,606.8105999999999,887.1038199999999,1456.842,77.16766774926924,16.01,27.942,35.315,45.4365,59.0586,386.82269999998823,623.39902,1058.543,4.20568152866242,2.57,3.6615,4.1955,4.63125,5.0984,5.372349999999997,7.162850000000001,10.597,89.91046594982079,67.395,77.507,92.846,98.5755,102.78300000000002,105.3944,112.68657999999976,144.247,7.325819852941176,5.276,6.46825,7.039,7.5645,8.7537,9.678,14.286620000000001,16.935,104.5075174531351,8.679,12.45425,14.003,16.151,419.8884,760.7573999999997,905.65603,1456.842,4.4,4.5,53.900000000000006,0,0,0,0,0,5.6,10,10,60,50000,0,52.5,,,,,,,,,,,,,,,,,,,,,,,,
tpcc/cockroach/tpcc-10-cockroach-terminals10-20241127-135551/3-ap-northeast-1-0,3-ap-northeast-1-0,20241127-135551,0,93,93,0,4739,2103,2062,187,198,189,4832,78.98197153012931,124.86986030808185,2.884,12.992,24.523,44.2355,616.0177999999999,879.1243999999999,1206.29334,2529.742,109.82759153590109,17.172,29.1615,37.236,48.076499999999996,64.03279999999991,813.3482999999999,850.3646200000001,1874.351,8.951582887700534,2.884,3.7065,4.157,4.529999999999999,5.0302,5.4064,76.34077999999418,447.673,91.98616836734692,74.353,86.64325000000001,93.3995,97.03125,101.9685,104.8825,120.84995000000004,133.672,7.448772972972974,5.459,6.556,6.966,7.463,8.5724,12.812199999999967,15.6282,16.629,164.66913821532495,8.525,12.079,13.6075,15.266,880.5651,1199.03245,1207.28,2529.742,3.3,3.0,36.6,0,0,0,0,0,3.2,10,10,60,50000,0,35.3,,,,,,,,,,,,,,,,,,,,,,,,
tpcc/cockroach/tpcc-10-cockroach-terminals10-20241127-135551/2-eu-west-1-0,2-eu-west-1-0,20241127-135551,0,114,114,0,5520,2491,2384,211,223,211,5634,91.9985712192563,106.98370556260193,3.403,16.5355,32.388,60.3525,319.17099999999994,826.7814999999997,1208.81154,2348.317,103.94888755020081,21.142,38.13525,48.649,65.131,113.38249999999758,441.988649999954,865.94541,1468.77,8.056909952606635,3.403,4.5735,4.998,5.616,6.006,6.509,193.58620000000118,217.399,103.40304484304933,81.665,90.324,108.078,111.7495,115.55160000000001,117.8291,122.5359,135.281,10.10837914691943,5.86,7.0385,7.584,8.2805,9.559,14.7225,20.338000000000015,219.121,128.6603654414871,10.809,15.0875,17.056,18.583,422.002,1009.1066,1210.3443,2348.317,3.6,3.7,42.8,0,0,0,0,0,4.0,10,10,60,50000,0,39.8,,,,,,,,,,,,,,,,,,,,,,,,
tpcc/cockroach/tpcc-100-cockroach-terminals40-20241127-150318/1-us-east-1-0,1-us-east-1-0,20241127-150318,0,103,103,0,26583,11908,11421,1085,1072,1097,26686,443.04357860021236,89.81333831163946,2.906,15.808,28.554499999999997,50.5075,304.7986000000001,611.6217499999997,910.8173999999999,1241.625,84.30559553203997,18.017,33.522,42.421,55.253,74.54459999999995,334.6819999999999,666.31284,1241.625,5.168558525345622,2.906,4.217,4.743,5.409,5.974,6.5106,8.702040000000014,216.543,112.85277319587628,82.192,104.10300000000001,114.212,121.819,128.8362,133.4015,143.70449999999997,156.248,10.00548769371012,5.134,7.745,8.657,10.758,15.522,17.589600000000008,22.405199999999986,42.838,109.11390140968392,10.099,14.663,16.519,19.264,417.286,789.164,944.3446,1191.222,18.299999999999997,18.2,199.3,0,0,0,0,0,18.5,100,40,60,50000,0,192.4,,,,,,,,,,,,,,,,,,,,,,,,
tpcc/cockroach/tpcc-100-cockroach-terminals40-20241127-150318/3-ap-northeast-1-0,3-ap-northeast-1-0,20241127-150318,0,92,92,0,18560,8341,8051,700,761,707,18652,309.33249971317986,127.89701088362068,2.419,14.818750000000001,29.4185,52.626,630.0314000000001,884.2915,1205.31284,1520.49,116.97899904088239,19.48,34.336,43.946,57.425,601.243,819.884,857.2388000000002,1520.49,4.567362857142857,2.419,3.73975,4.4785,5.2475000000000005,5.8746,6.209799999999999,6.98527,19.944,103.13438633377135,71.827,92.096,101.591,115.399,123.49,127.547,133.2412,170.833,10.691543140028289,5.155,7.1715,8.176,9.811499999999999,14.683599999999998,16.112399999999997,20.987239999999947,588.747,162.58325565217393,10.22,14.003,15.286,17.2305,886.6818999999999,1199.8,1207.74928,1411.56,11.7,12.8,138.5,0,0,0,0,0,11.4,100,40,60,50000,0,134.4,,,,,,,,,,,,,,,,,,,,,,,,
tpcc/cockroach/tpcc-100-cockroach-terminals40-20241127-150318/2-eu-west-1-0,2-eu-west-1-0,20241127-150318,0,106,106,0,21654,9528,9494,860,885,887,21760,360.8961483960056,109.91886385258394,3.279,19.214,35.992,66.579,317.45599999999996,830.5155999999994,1210.5392800000002,1655.407,107.92408260732654,22.665,43.492000000000004,55.543,73.646,98.10819999999998,378.771599999997,871.857,1655.407,6.070260465116279,3.279,5.1555,6.009499999999999,6.88725,7.5568,7.970149999999999,9.284759999999999,23.741,129.99805762711864,73.708,107.038,134.341,146.996,156.99880000000002,162.88559999999998,171.32899999999992,186.862,11.370572717023675,5.533,8.143,9.261,11.686,16.312399999999997,18.141099999999998,22.468459999999993,720.744,128.72498324375593,11.372,17.261,20.106,22.765,424.4458,1012.1882,1212.8827999999999,1421.649,14.4,14.0,160.39999999999998,0,0,0,0,0,14.7,100,40,60,50000,0,156.5,,,,,,,,,,,,,,,,,,,,,,,,
