path,region,hot,workload,mr,suffix,rejected,aborted,unexpected,completed,completed.WorkloadC1,total,scalefactor,terminals,time,rate,warmup,throughput.WorkloadC1,avg.WorkloadC1,p0.WorkloadC1,p25.WorkloadC1,p50.WorkloadC1,p75.WorkloadC1,p90.WorkloadC1,p95.WorkloadC1,p99.WorkloadC1,p100.WorkloadC1,ood_index_page,ood_table,ood_tuple,other_aborts,deadlock,throughput,avg,p0,p25,p50,p75,p90,p95,p99,p100,completed.WorkloadC2,completed.WorkloadC3,throughput.WorkloadC3,avg.WorkloadC3,p0.WorkloadC3,p25.WorkloadC3,p50.WorkloadC3,p75.WorkloadC3,p90.WorkloadC3,p95.WorkloadC3,p99.WorkloadC3,p100.WorkloadC3,throughput.WorkloadC2,avg.WorkloadC2,p0.WorkloadC2,p25.WorkloadC2,p50.WorkloadC2,p75.WorkloadC2,p90.WorkloadC2,p95.WorkloadC2,p99.WorkloadC2,p100.WorkloadC2
read-only/aurora/ycsb-read-only-aurora-hot100000-F-mr0-20240610-110239/1-us-east-1-0,1-us-east-1-0,100000,F,0,20240610-110239,0,0,0,2077141,2077141,2077141,1000,128,90,50000,30,23107.0,5.517642424481699,0.905,3.07,4.231,6.326,8.595,10.289,18.145879999999888,138.426,0,0,0,0,0,23079.118388839215,5.517642424481699,0.905,3.07,4.231,6.326,8.595,10.289,18.145879999999888,138.426,,,,,,,,,,,,,,,,,,,,,,
read-only/aurora/ycsb-read-only-aurora-hot100000-F-mr0-20240610-110239/3-ap-northeast-1-0,3-ap-northeast-1-0,100000,F,0,20240610-110239,0,0,0,1804367,1804367,1804367,1000,128,90,50000,30,20051.699999999997,6.378266574439417,2.266,3.573,4.561,7.69,11.704,15.045,23.622,67.135,0,0,0,0,0,20048.463331197752,6.378266574439417,2.266,3.573,4.561,7.69,11.704,15.045,23.622,67.135,,,,,,,,,,,,,,,,,,,,,,
read-only/aurora/ycsb-read-only-aurora-hot100000-F-mr0-20240610-110239/2-eu-west-1-0,2-eu-west-1-0,100000,F,0,20240610-110239,0,0,0,1797842,1797842,1797842,1000,128,90,50000,30,19929.199999999997,6.399687949807365,2.416,3.808,4.737,7.82,11.686,14.355,20.066,216.674,0,0,0,0,0,19976.015184450116,6.399687949807365,2.416,3.808,4.737,7.82,11.686,14.355,20.066,216.674,,,,,,,,,,,,,,,,,,,,,,
read-only/aurora/ycsb-read-only-aurora-hot10000-F-mr5-20240610-110239/1-us-east-1-0,1-us-east-1-0,10000,F,5,20240610-110239,0,0,0,2057659,1955324,2057659,1000,128,90,50000,30,21783.5,5.569092655852104,1.182,3.081,4.239,6.174,8.754,10.962,20.260979999999982,170.424,0,0,0,0,0,22862.80815849469,5.572638257698184,1.182,3.083,4.243,6.181,8.761,10.971,20.249,170.424,88076.0,14259.0,161.3,5.77116784737322,1.653,3.14,4.407,6.42,9.023,11.299199999999999,22.77944000000033,120.914,986.8,5.619213577681643,1.52,3.113,4.301,6.282,8.879,11.138,19.787400000000023,121.154
read-only/aurora/ycsb-read-only-aurora-hot10000-F-mr5-20240610-110239/3-ap-northeast-1-0,3-ap-northeast-1-0,10000,F,5,20240610-110239,0,0,0,1787466,1698279,1787466,1000,128,90,50000,30,18844.6,6.433353714228175,2.276,3.577,4.581,7.9,12.055,15.138,22.677,64.675,0,0,0,0,0,19860.540840999394,6.43929668926638,2.276,3.579,4.586,7.909,12.068,15.15,22.698,64.675,76502.0,12685.0,141.60000000000002,6.609226681384531,2.463,3.616,4.714,8.2105,12.372400000000003,15.377799999999999,23.47072,41.48,845.3,6.543052368751306,2.304,3.605,4.67,8.056,12.288,15.377500000000001,22.972900000000053,54.581
read-only/aurora/ycsb-read-only-aurora-hot10000-F-mr5-20240610-110239/2-eu-west-1-0,2-eu-west-1-0,10000,F,5,20240610-110239,0,0,0,1793469,1703546,1793469,1000,128,90,50000,30,18947.1,6.410691745116321,2.438,3.814,4.754,7.667,11.46,14.46,21.71,221.941,0,0,0,0,0,19927.215631159524,6.416628101961645,2.438,3.815,4.759,7.675,11.472,14.477,21.741,221.941,77263.0,12660.0,141.5,6.570943044474287,2.54,3.861,4.875,7.8955,11.798400000000012,14.871299999999996,22.68468,57.148,857.4000000000001,6.522236660884873,2.511,3.84,4.839,7.8157499999999995,11.656,14.793699999999982,22.369,212.347
read-only/aurora/ycsb-read-only-aurora-hot100000-F-mr15-20240610-110239/1-us-east-1-0,1-us-east-1-0,100000,F,15,20240610-110239,0,0,0,2075796,1764094,2075796,1000,128,90,50000,30,19701.3,5.509787231630221,1.231,3.184,4.356,6.23,8.123,9.589,15.517169999999926,137.005,0,0,0,0,0,23064.28182297653,5.520448525486732,1.231,3.189,4.365,6.243,8.141,9.608,15.544,137.284,267517.0,44185.0,491.3,5.65059703958536,1.451,3.229,4.467,6.379,8.332,9.834800000000003,16.202360000000002,122.226,2991.7,5.569255819604414,1.445,3.211,4.407,6.309,8.218,9.698,15.648,137.284
read-only/aurora/ycsb-read-only-aurora-hot100000-F-mr15-20240610-110239/3-ap-northeast-1-0,3-ap-northeast-1-0,100000,F,15,20240610-110239,0,0,0,1805192,1534564,1805192,1000,128,90,50000,30,17033.8,6.359423452174347,2.314,3.567,4.528,7.596,11.969,15.141,22.839,65.999,0,0,0,0,0,20057.61017324349,6.37434511961903,2.314,3.57,4.538,7.62,12.003,15.184,22.899,71.77,232052.0,38576.0,428.8,6.515066340021776,2.388,3.598,4.632,7.83675,12.399,15.647,23.408269999999998,49.41,2580.6000000000004,6.4496303468071075,2.339,3.587,4.594,7.744,12.157,15.378499999999999,23.160500000000056,71.77
read-only/aurora/ycsb-read-only-aurora-hot100000-F-mr15-20240610-110239/2-eu-west-1-0,2-eu-west-1-0,100000,F,15,20240610-110239,0,0,0,1809584,1538028,1809584,1000,128,90,50000,30,17055.5,6.3468913656813335,2.431,3.828,4.698,7.425,11.494,14.455,21.427800000000047,212.537,0,0,0,0,0,20106.430268368036,6.357567892781036,2.431,3.831,4.706,7.444,11.52,14.484,21.456,212.537,233290.0,38266.0,422.20000000000005,6.483498183718804,2.648,3.858,4.776,7.618,11.819,14.923599999999992,22.214720000000014,54.062,2590.7,6.407299674197282,2.498,3.847,4.75,7.52675,11.645,14.606,21.513859999999987,50.952
read-only/aurora/ycsb-read-only-aurora-hot0-F-mr5-20240610-110239/1-us-east-1-0,1-us-east-1-0,1000000,F,5,20240610-110239,0,0,0,2073396,1970267,2073396,1000,128,90,50000,30,21982.9,5.529007048201453,1.353,3.064,4.19,6.27,8.658,10.558,17.016,137.715,0,0,0,0,0,23037.55758978942,5.53261070686472,1.353,3.066,4.194,6.274,8.665,10.568,17.016,137.715,88596.0,14533.0,162.6,5.659860858794385,1.672,3.13375,4.297,6.4285,8.883799999999999,10.87445,17.359810000000024,120.51,980.9000000000001,5.591879927303924,1.528,3.102,4.259,6.346,8.800300000000004,10.738,16.951780000000028,123.954
read-only/aurora/ycsb-read-only-aurora-hot0-F-mr5-20240610-110239/3-ap-northeast-1-0,3-ap-northeast-1-0,1000000,F,5,20240610-110239,0,0,0,1786362,1697041,1786362,1000,128,90,50000,30,18877.6,6.433886369422249,2.238,3.613,4.6,7.83,12.036,15.175,22.651,71.673,0,0,0,0,0,19848.25036528598,6.442533533120523,2.238,3.615,4.606,7.843,12.056,15.199,22.692,71.673,76584.0,12737.0,141.39999999999998,6.699201177856301,2.333,3.675,4.8,8.184000000000001,12.6846,15.886899999999997,23.765739999999994,46.915,854.2,6.591463168753836,2.426,3.651,4.699,8.076,12.391,15.56,23.371,57.229
read-only/aurora/ycsb-read-only-aurora-hot0-F-mr5-20240610-110239/2-eu-west-1-0,2-eu-west-1-0,1000000,F,5,20240610-110239,0,0,0,1802585,1711989,1802585,1000,128,90,50000,30,19018.1,6.378996356033833,2.439,3.798,4.714,7.662,11.418,14.349,21.481,217.754,0,0,0,0,0,20028.54920114916,6.3841527853369,2.439,3.8,4.718,7.669,11.429,14.362,21.5,217.754,77973.0,12623.0,140.7,6.5468313128912135,2.586,3.841,4.846,7.92,11.61,14.722,22.62799999999995,47.687,864.9000000000001,6.471037619444623,2.592,3.824,4.791,7.783,11.618,14.588400000000009,21.77836,55.743
read-only/aurora/ycsb-read-only-aurora-hot1000-F-mr50-20240610-110239/1-us-east-1-0,1-us-east-1-0,1000,F,50,20240610-110239,0,0,0,2064616,1032848,2064616,1000,128,90,50000,30,11452.7,5.545467088700744,1.296,3.147,4.284,6.275,8.365,10.22425,17.481,160.443,0,0,0,0,0,22939.948489679075,5.555814461503289,1.296,3.15,4.289,6.294,8.391,10.259,17.573,160.443,885878.0,145890.0,1620.6,5.594456674778079,1.467,3.157,4.296,6.326,8.431,10.331,17.804480000000098,129.087,9853.9,5.561514444694054,1.37,3.153,4.294,6.312,8.412,10.289,17.651,127.189
read-only/aurora/ycsb-read-only-aurora-hot1000-F-mr50-20240610-110239/3-ap-northeast-1-0,3-ap-northeast-1-0,1000,F,50,20240610-110239,0,0,0,1797914,899274,1797914,1000,128,90,50000,30,10025.2,6.368899839970815,2.286,3.589,4.518,7.442,11.807,15.383,24.340800000000048,125.736,0,0,0,0,0,19976.63829376205,6.400996406691338,2.286,3.595,4.54,7.49,11.882,15.502,24.509,125.736,770922.0,127718.0,1421.5,6.473459337561665,2.31,3.61,4.582,7.585,12.083,15.775549999999988,25.092,79.995,8580.1,6.4264319173915,2.375,3.6,4.559,7.529,11.941,15.6,24.611359999999987,108.429
read-only/aurora/ycsb-read-only-aurora-hot1000-F-mr50-20240610-110239/2-eu-west-1-0,2-eu-west-1-0,1000,F,50,20240610-110239,0,0,0,1764404,881481,1764404,1000,128,90,50000,30,9819.3,6.509203709229281,2.435,3.852,4.815,7.939,11.842,14.607,20.851,219.537,0,0,0,0,0,19604.468774703928,6.522208931028929,2.435,3.855,4.822,7.961,11.876,14.645,20.862,225.927,757921.0,125002.0,1388.7,6.5561267541403305,2.525,3.862,4.854,8.018,11.942,14.708549999999988,20.90811,210.678,8416.7,6.531740618027272,2.451,3.858,4.826,7.975,11.905,14.678,20.866,225.927
read-only/aurora/ycsb-read-only-aurora-hot1000-F-mr0-20240610-110239/1-us-east-1-0,1-us-east-1-0,1000,F,0,20240610-110239,0,0,0,2087461,2087461,2087461,1000,128,90,50000,30,23187.5,5.487843023609553,1.168,3.135,4.303,6.257,8.212,9.812,18.364,145.473,0,0,0,0,0,23193.9576072897,5.487843023609553,1.168,3.135,4.303,6.257,8.212,9.812,18.364,145.473,,,,,,,,,,,,,,,,,,,,,,
read-only/aurora/ycsb-read-only-aurora-hot1000-F-mr0-20240610-110239/3-ap-northeast-1-0,3-ap-northeast-1-0,1000,F,0,20240610-110239,0,0,0,1784877,1784877,1784877,1000,128,90,50000,30,19806.6,6.4482041518419955,2.185,3.577,4.564,7.965,12.233,15.28,22.15451000000001,69.224,0,0,0,0,0,19831.74925935259,6.4482041518419955,2.185,3.577,4.564,7.965,12.233,15.28,22.15451000000001,69.224,,,,,,,,,,,,,,,,,,,,,,
read-only/aurora/ycsb-read-only-aurora-hot1000-F-mr0-20240610-110239/2-eu-west-1-0,2-eu-west-1-0,1000,F,0,20240610-110239,0,0,0,1782298,1782298,1782298,1000,128,90,50000,30,19886.199999999997,6.4565189617152114,2.321,3.837,4.775,7.697,11.767,14.724,21.44,218.005,0,0,0,0,0,19803.280190269423,6.4565189617152114,2.321,3.837,4.775,7.697,11.767,14.724,21.44,218.005,,,,,,,,,,,,,,,,,,,,,,
read-only/aurora/ycsb-read-only-aurora-hot0-F-mr15-20240610-110239/1-us-east-1-0,1-us-east-1-0,1000000,F,15,20240610-110239,0,0,0,2051371,1744048,2051371,1000,128,90,50000,30,19356.5,5.5763148990217575,1.321,3.051,4.258,6.3572500000000005,8.759,10.577,18.21760999999987,165.188,0,0,0,0,0,22792.923841817563,5.588121743742697,1.321,3.055,4.265,6.372,8.781,10.607,18.247580000000074,165.188,263805.0,43518.0,485.8,5.6856337753062025,1.6,3.089,4.306,6.474,8.937400000000002,10.876399999999979,18.536199999999983,118.2,2929.6,5.6500924234038195,1.403,3.079,4.309,6.446,8.897,10.753,18.397149999999993,123.733
read-only/aurora/ycsb-read-only-aurora-hot0-F-mr15-20240610-110239/3-ap-northeast-1-0,3-ap-northeast-1-0,1000000,F,15,20240610-110239,0,0,0,1789035,1520038,1789035,1000,128,90,50000,30,16919.7,6.417070137763559,2.313,3.617,4.578,7.765,11.961,15.121,22.888,81.009,0,0,0,0,0,19878.023428721976,6.433495240671964,2.313,3.621,4.59,7.792,11.998,15.166,22.957,81.192,230922.0,38075.0,425.0,6.586062115879603,2.415,3.655,4.714,8.004750000000001,12.345700000000004,15.498699999999996,23.805269999999997,61.734,2569.6,6.516453871838067,2.34,3.643,4.65,7.933,12.193,15.397,23.248899999999992,81.192
read-only/aurora/ycsb-read-only-aurora-hot0-F-mr15-20240610-110239/2-eu-west-1-0,2-eu-west-1-0,1000000,F,15,20240610-110239,0,0,0,1798438,1528281,1798438,1000,128,90,50000,30,16984.9,6.385147059169967,2.342,3.852,4.796,7.658,11.295,14.027,21.121,216.079,0,0,0,0,0,19982.644148035226,6.39991256902314,2.342,3.856,4.805,7.676,11.331,14.076,21.183,216.079,231955.0,38202.0,423.1,6.53339671693371,2.555,3.888,4.893,7.838,11.692,14.432,21.627,56.337,2576.8,6.475215266879369,2.504,3.875,4.857,7.768,11.502,14.338,21.507219999999972,89.32
read-only/aurora/ycsb-read-only-aurora-hot1000-F-mr10-20240610-110239/1-us-east-1-0,1-us-east-1-0,1000,F,10,20240610-110239,0,0,0,2068798,1862101,2068798,1000,128,90,50000,30,20806.1,5.537707506302429,1.336,3.105,4.282,6.33,8.499,10.19,17.53,131.45,0,0,0,0,0,22986.51976632745,5.5432116920533465,1.336,3.108,4.285,6.339,8.51,10.202,17.547,131.45,177517.0,29180.0,325.0,5.584833676057303,1.658,3.154,4.330500000000001,6.421,8.6053,10.217149999999998,17.487449999999995,116.633,1978.0,5.59410599966199,1.456,3.131,4.314,6.417,8.618,10.318,17.74946000000002,122.256
read-only/aurora/ycsb-read-only-aurora-hot1000-F-mr10-20240610-110239/3-ap-northeast-1-0,3-ap-northeast-1-0,1000,F,10,20240610-110239,0,0,0,1793193,1614428,1793193,1000,128,90,50000,30,17954.8,6.406453310256485,2.297,3.553,4.588,7.968,11.961,14.852,22.059,60.384,0,0,0,0,0,19924.224800651577,6.417577359995316,2.27,3.556,4.596,7.986,11.985,14.880799999999814,22.116,66.686,153539.0,25226.0,281.6,6.553709919124643,2.431,3.584,4.671,8.244,12.28,15.262249999999993,23.042190000000023,45.802,1707.6,6.512180348477447,2.27,3.576,4.661,8.137,12.185,15.117,22.454760000000007,66.686
read-only/aurora/ycsb-read-only-aurora-hot1000-F-mr10-20240610-110239/2-eu-west-1-0,2-eu-west-1-0,1000,F,10,20240610-110239,0,0,0,1791737,1613156,1791737,1000,128,90,50000,30,17946.5,6.415085152562292,2.444,3.833,4.789,7.643,11.369,14.363,21.949,213.412,0,0,0,0,0,19908.176057848217,6.422929445543082,2.444,3.835,4.794,7.655,11.386,14.386,21.98,213.412,153340.0,25241.0,281.2,6.539416679873217,2.688,3.858,4.867,7.82625,11.674100000000001,14.626299999999995,22.56337000000001,54.321,1706.8,6.48627980798706,2.558,3.85,4.835,7.75,11.529800000000018,14.571899999999994,22.235339999999997,59.039
read-only/aurora/ycsb-read-only-aurora-hot10000-F-mr15-20240610-110239/1-us-east-1-0,1-us-east-1-0,10000,F,15,20240610-110239,0,0,0,2069196,1758213,2069196,1000,128,90,50000,30,19565.8,5.541407466920273,1.412,3.11,4.265,6.295,8.474,10.155,19.373,128.367,0,0,0,0,0,22990.341087414778,5.548762085519705,1.412,3.112,4.269,6.304,8.488,10.171,19.440680000000167,138.263,266931.0,44052.0,487.6,5.633458342792282,1.576,3.148,4.339,6.413,8.647099999999998,10.329549999999996,19.814060000000012,115.776,2952.5,5.583227206312099,1.506,3.124,4.289,6.353,8.556,10.253,19.818999999999534,138.263
read-only/aurora/ycsb-read-only-aurora-hot10000-F-mr15-20240610-110239/3-ap-northeast-1-0,3-ap-northeast-1-0,10000,F,15,20240610-110239,0,0,0,1781278,1514320,1781278,1000,128,90,50000,30,16818.199999999997,6.4453527455792345,1.877,3.612,4.595,7.833,12.007,15.149,22.99,74.958,0,0,0,0,0,19791.918117019806,6.4613483895236214,1.877,3.616,4.607,7.855,12.041,15.195,23.063510000000008,84.782,228771.0,38187.0,424.1,6.56396925494304,2.37,3.645,4.677,7.999,12.231599999999998,15.453799999999996,23.199319999999993,74.726,2542.8,6.550101923942836,2.383,3.635,4.674,7.978,12.231,15.459,23.48703999999998,84.782
read-only/aurora/ycsb-read-only-aurora-hot10000-F-mr15-20240610-110239/2-eu-west-1-0,2-eu-west-1-0,10000,F,15,20240610-110239,0,0,0,1831058,1556867,1831058,1000,128,90,50000,30,17327.8,6.274763632684654,2.472,3.883,4.827,7.218,10.66,13.709,21.904,214.705,0,0,0,0,0,20345.042684392727,6.284814542336405,2.472,3.886,4.834,7.232,10.681,13.739,21.95,218.773,235042.0,39149.0,434.0,6.357744035150463,2.534,3.908,4.859,7.316,10.8275,13.998750000000001,22.20015000000004,72.848,2620.5,6.339241468074153,2.546,3.901,4.874,7.313,10.798,13.907,22.234160000000003,218.773
read-only/aurora/ycsb-read-only-aurora-hot10000-F-mr10-20240610-110239/1-us-east-1-0,1-us-east-1-0,10000,F,10,20240610-110239,0,0,0,2076279,1868312,2076279,1000,128,90,50000,30,20714.5,5.5127896118981115,1.327,3.097,4.239,6.346,8.478,10.141,15.038,134.273,0,0,0,0,0,23069.53378023581,5.5225671822521525,1.327,3.1,4.244,6.357,8.494,10.164,15.089500000000001,134.273,178533.0,29434.0,327.0,5.665071821702793,1.566,3.141,4.3235,6.491,8.681700000000001,10.411349999999999,15.710349999999991,116.306,1971.8,5.6013917892472636,1.426,3.127,4.293,6.444,8.62,10.355949999999982,15.492480000000098,127.374
read-only/aurora/ycsb-read-only-aurora-hot10000-F-mr10-20240610-110239/3-ap-northeast-1-0,3-ap-northeast-1-0,10000,F,10,20240610-110239,0,0,0,1776090,1597998,1776090,1000,128,90,50000,30,17778.1,6.470724823343946,2.33,3.663,4.687,7.954,12.036,15.024,21.851439999999943,60.792,0,0,0,0,0,19734.13287993178,6.481253235148048,2.33,3.666,4.695,7.969,12.057,15.052,21.897,63.862,152883.0,25209.0,279.0,6.59719017772136,2.455,3.698,4.7885,8.17525,12.291899999999998,15.353299999999996,22.24193,45.986,1700.9,6.57218104987735,2.376,3.688,4.763,8.097,12.241,15.317299999999989,22.343260000000008,63.862
read-only/aurora/ycsb-read-only-aurora-hot10000-F-mr10-20240610-110239/2-eu-west-1-0,2-eu-west-1-0,10000,F,10,20240610-110239,0,0,0,1837833,1654105,1837833,1000,128,90,50000,30,18414.699999999997,6.2544687150088185,2.444,3.837,4.774,7.277,10.586,13.867,22.011,221.897,0,0,0,0,0,20420.178062952495,6.26206754566157,2.444,3.839,4.78,7.287,10.603,13.89,22.043959999999963,221.897,157744.0,25984.0,288.2,6.39740310972559,2.593,3.869,4.897,7.416,10.849,14.289,22.969780000000007,63.662,1755.6999999999998,6.3194549875106185,2.552,3.853,4.824,7.369,10.747,14.071,22.195,213.264
read-only/aurora/ycsb-read-only-aurora-hot1000-F-mr15-20240610-110239/1-us-east-1-0,1-us-east-1-0,1000,F,15,20240610-110239,0,0,0,2065273,1755414,2065273,1000,128,90,50000,30,19536.0,5.547765413284535,1.428,3.011,3.986,5.943,8.81,11.772,23.744,131.863,0,0,0,0,0,22947.38230111418,5.561824167310284,1.367,3.014,3.992,5.955,8.831600000000094,11.808,23.859,131.863,265787.0,44072.0,486.7,5.673899271596814,1.678,3.048,4.063,6.079,9.049000000000023,12.183599999999998,24.341239999999985,122.887,2961.5,5.636092146652019,1.367,3.032,4.027,6.014,8.938,11.959,24.44157999999996,118.187
read-only/aurora/ycsb-read-only-aurora-hot1000-F-mr15-20240610-110239/3-ap-northeast-1-0,3-ap-northeast-1-0,1000,F,15,20240610-110239,0,0,0,1785108,1517786,1785108,1000,128,90,50000,30,16880.1,6.434587596858366,2.296,3.637,4.639,7.786,11.856,15.076,22.919209999999964,79.55,0,0,0,0,0,19834.380300070217,6.4477569838317494,2.296,3.64,4.647,7.807,11.884,15.117,23.005,79.55,229502.0,37820.0,419.6,6.552320049714407,2.372,3.665,4.713,7.956250000000001,12.081,15.50575,23.570199999999982,60.515,2550.8,6.517621367938504,2.297,3.655,4.687,7.919,12.017,15.319,23.423339999999968,55.864
read-only/aurora/ycsb-read-only-aurora-hot1000-F-mr15-20240610-110239/2-eu-west-1-0,2-eu-west-1-0,1000,F,15,20240610-110239,0,0,0,1788569,1521321,1788569,1000,128,90,50000,30,16910.2,6.425132989178385,2.456,3.812,4.734,7.467,11.588,15.03,22.926869999999877,228.622,0,0,0,0,0,19872.888283054388,6.434144668457053,2.436,3.814,4.739,7.481,11.606,15.053,22.969,228.622,229044.0,38204.0,422.4,6.517007643778959,2.655,3.83,4.789,7.614,11.761,15.279,23.507,49.572,2540.1,6.480179809279296,2.436,3.827,4.769,7.551,11.688,15.175,23.133,214.924
read-only/aurora/ycsb-read-only-aurora-hot1000-F-mr5-20240610-110239/1-us-east-1-0,1-us-east-1-0,1000,F,5,20240610-110239,0,0,0,2066368,1963819,2066368,1000,128,90,50000,30,21854.4,5.551881334423114,1.335,3.082,4.252,6.376,8.599,10.29,17.235060000000054,159.717,0,0,0,0,0,22959.611714752624,5.555763860442155,1.335,3.084,4.256,6.381,8.607,10.299,17.234,159.717,87985.0,14564.0,160.89999999999998,5.595882381213952,1.618,3.139,4.3415,6.491,8.6887,10.435499999999985,16.466849999999994,126.66,981.7,5.635778986372058,1.513,3.108,4.316,6.483,8.765,10.498,17.365399999999948,127.69
read-only/aurora/ycsb-read-only-aurora-hot1000-F-mr5-20240610-110239/3-ap-northeast-1-0,3-ap-northeast-1-0,1000,F,5,20240610-110239,0,0,0,1806820,1716054,1806820,1000,128,90,50000,30,19079.1,6.362680079560076,2.251,3.572,4.551,7.425,11.657,15.447,24.835649999999905,78.111,0,0,0,0,0,20075.58346152115,6.370292552908856,2.251,3.573,4.556,7.435,11.674,15.473,24.874,78.111,77831.0,12935.0,143.2,6.58655397463656,2.327,3.60875,4.725,7.75,12.111099999999997,15.997949999999989,25.61231000000005,55.485,865.3,6.502203330592105,2.38,3.598,4.641,7.621,11.972699999999998,15.966549999999975,25.417770000000004,64.55
read-only/aurora/ycsb-read-only-aurora-hot1000-F-mr5-20240610-110239/2-eu-west-1-0,2-eu-west-1-0,1000,F,5,20240610-110239,0,0,0,1802964,1713042,1802964,1000,128,90,50000,30,19032.6,6.376746494290454,2.22,3.956,4.857,7.487,11.22,13.948,20.604,216.401,0,0,0,0,0,20032.902531410164,6.381796293728327,2.22,3.957,4.861,7.495,11.233,13.962,20.614,216.401,77118.0,12804.0,140.7,6.469442005779896,2.64,4.001,4.914,7.639,11.4338,14.188999999999997,20.71445999999999,47.554,855.5999999999999,6.479416337063791,2.662,3.98,4.921,7.651,11.462800000000001,14.243,20.86068000000005,72.052
read-only/aurora/ycsb-read-only-aurora-hot0-F-mr10-20240610-110239/1-us-east-1-0,1-us-east-1-0,1000000,F,10,20240610-110239,0,0,0,2059826,1853796,2059826,1000,128,90,50000,30,20630.0,5.551148172524125,1.266,3.083,4.236,6.26,8.631,10.661,18.261,137.764,0,0,0,0,0,22886.763499499568,5.561517127268175,1.266,3.086,4.241,6.269,8.647,10.684,18.325060000000054,137.764,176889.0,29141.0,324.4,5.676283522668771,1.565,3.133,4.308,6.441,8.878200000000005,10.923,19.22067999999998,116.107,1969.6,5.651275072929152,1.342,3.111,4.285,6.342,8.772,10.867850000000006,18.888,134.28
read-only/aurora/ycsb-read-only-aurora-hot0-F-mr10-20240610-110239/3-ap-northeast-1-0,3-ap-northeast-1-0,1000000,F,10,20240610-110239,0,0,0,1802847,1622860,1802847,1000,128,90,50000,30,18073.199999999997,6.3707223209575865,2.252,3.57,4.574,7.739,11.713,14.859,23.011,87.043,0,0,0,0,0,20031.6237622235,6.38433057786599,2.252,3.573,4.584,7.76,11.744,14.895,23.052,87.043,154591.0,25396.0,279.9,6.574630291812705,2.459,3.62,4.702,8.019,12.133399999999998,15.52519999999996,23.536719999999935,63.023,1721.5,6.49592466134479,2.381,3.6,4.674,7.932,11.987,15.172949999999982,23.368190000000002,77.854
read-only/aurora/ycsb-read-only-aurora-hot0-F-mr10-20240610-110239/2-eu-west-1-0,2-eu-west-1-0,1000000,F,10,20240610-110239,0,0,0,1831850,1648415,1831850,1000,128,90,50000,30,18307.7,6.271936347106926,2.373,3.804,4.753,7.547,10.936,13.507,20.279,217.079,0,0,0,0,0,20353.881357952785,6.282700301137402,2.373,3.806,4.76,7.562,10.963,13.541,20.317,217.079,157712.0,25723.0,284.79999999999995,6.4281950081642165,2.582,3.842,4.88,7.779,11.365,13.962699999999982,20.62986000000003,53.925,1754.4,6.371474626032809,2.549,3.825,4.823,7.689,11.163,13.811,20.733,67.352
read-only/aurora/ycsb-read-only-aurora-hot0-F-mr50-20240610-110239/1-us-east-1-0,1-us-east-1-0,1000000,F,50,20240610-110239,0,0,0,2064111,1031821,2064111,1000,128,90,50000,30,11521.2,5.5412943225532585,1.253,3.111,4.23,6.152,8.389,10.363,18.41352000000002,139.966,0,0,0,0,0,22934.36100049096,5.558746336089009,1.253,3.121,4.246,6.182,8.431,10.425,18.475179999999934,142.387,886425.0,145865.0,1627.0,5.58618115564453,1.498,3.135,4.28,6.226,8.487300000000017,10.493149999999995,18.435859999999987,142.387,9833.7,5.574546075254745,1.309,3.129,4.26,6.209,8.472,10.487,18.553,139.793
read-only/aurora/ycsb-read-only-aurora-hot0-F-mr50-20240610-110239/3-ap-northeast-1-0,3-ap-northeast-1-0,1000000,F,50,20240610-110239,0,0,0,1792826,896773,1792826,1000,128,90,50000,30,9955.900000000001,6.38487332108111,2.256,3.61,4.545,7.486,11.755,15.507,24.337929999999936,76.876,0,0,0,0,0,19920.247176997982,6.419190381759783,2.256,3.617,4.567,7.534,11.844,15.595,24.46903000000003,76.876,768830.0,127223.0,1414.5,6.488131216739903,2.4,3.632,4.607,7.621,11.983,15.856,24.805839999999996,64.328,8554.099999999999,6.447809930889874,2.386,3.623,4.585,7.577,11.919,15.659,24.554,70.927
read-only/aurora/ycsb-read-only-aurora-hot0-F-mr50-20240610-110239/2-eu-west-1-0,2-eu-west-1-0,1000000,F,50,20240610-110239,0,0,0,1801144,899944,1801144,1000,128,90,50000,30,10016.5,6.362992321206913,2.459,3.85,4.726,7.46,11.366,14.418,21.746,216.296,0,0,0,0,0,20012.60239665111,6.388576645626689,2.459,3.857,4.744,7.499,11.429,14.48125,21.823850000000096,216.296,773687.0,127513.0,1420.9,6.447110499360799,2.578,3.869,4.773,7.596,11.533,14.637899999999995,22.15389999999998,65.879,8610.3,6.408689057588103,2.541,3.861,4.761,7.527,11.482900000000024,14.533449999999954,21.845,214.667
read-only/aurora/ycsb-read-only-aurora-hot10000-F-mr50-20240610-110239/1-us-east-1-0,1-us-east-1-0,10000,F,50,20240610-110239,0,0,0,2051044,1025571,2051044,1000,128,90,50000,30,11410.400000000001,5.566117195803826,1.21,3.088,4.3,6.372,8.556,10.226,16.576949999999954,130.861,0,0,0,0,0,22789.312912809648,5.5877830793655106,1.132,3.095,4.315,6.392,8.588,10.258,16.719,130.861,879909.0,145564.0,1617.5,5.650077923505528,1.335,3.105,4.34,6.446,8.676,10.344,17.12348000000001,124.904,9812.5,5.602730158423473,1.132,3.102,4.328,6.406,8.609,10.281,16.831,129.032
read-only/aurora/ycsb-read-only-aurora-hot10000-F-mr50-20240610-110239/3-ap-northeast-1-0,3-ap-northeast-1-0,10000,F,50,20240610-110239,0,0,0,1807366,903624,1807366,1000,128,90,50000,30,10045.400000000001,6.3315838178053285,2.279,3.624,4.513,7.38,11.665,15.156,24.082400000000025,74.192,0,0,0,0,0,20081.63146669376,6.367215306451062,2.279,3.63,4.535,7.435,11.754,15.274,24.207,74.192,775675.0,128067.0,1423.6999999999998,6.438794781888891,2.423,3.646,4.576,7.547,11.951,15.504349999999992,24.225820000000006,67.772,8622.9,6.396906516439046,2.301,3.636,4.554,7.479,11.828,15.369,24.355,69.1
read-only/aurora/ycsb-read-only-aurora-hot10000-F-mr50-20240610-110239/2-eu-west-1-0,2-eu-west-1-0,10000,F,50,20240610-110239,0,0,0,1772564,887736,1772564,1000,128,90,50000,30,9876.6,6.471376529990346,2.479,3.838,4.804,7.892,11.762,14.462,20.42531999999995,212.348,0,0,0,0,0,19695.093978625395,6.492097343994369,2.407,3.843,4.819,7.924,11.811,14.517,20.492,214.489,759908.0,124920.0,1387.9,6.542705112399129,2.534,3.854,4.851,7.993,11.955,14.635,20.59189,49.906,8461.6,6.507984199617035,2.407,3.846,4.833,7.95,11.841,14.558,20.557459999999963,214.489
read-only/aurora/ycsb-read-only-aurora-hot0-F-mr0-20240610-110239/1-us-east-1-0,1-us-east-1-0,1000000,F,0,20240610-110239,0,0,0,2072455,2072455,2072455,1000,128,90,50000,30,22926.6,5.531361496038028,0.963,3.082,4.294,6.253,8.53,10.455,19.344,136.393,0,0,0,0,0,23027.13755069752,5.531361496038028,0.963,3.082,4.294,6.253,8.53,10.455,19.344,136.393,,,,,,,,,,,,,,,,,,,,,,
read-only/aurora/ycsb-read-only-aurora-hot0-F-mr0-20240610-110239/3-ap-northeast-1-0,3-ap-northeast-1-0,1000000,F,0,20240610-110239,0,0,0,1805175,1805175,1805175,1000,128,90,50000,30,20048.3,6.375921505091009,2.282,3.576,4.547,7.802,11.875,14.879,22.475,88.688,0,0,0,0,0,20057.33281009663,6.375921505091009,2.282,3.576,4.547,7.802,11.875,14.879,22.475,88.688,,,,,,,,,,,,,,,,,,,,,,
read-only/aurora/ycsb-read-only-aurora-hot0-F-mr0-20240610-110239/2-eu-west-1-0,2-eu-west-1-0,1000000,F,0,20240610-110239,0,0,0,1813825,1813825,1813825,1000,128,90,50000,30,20164.3,6.345109869509629,2.413,3.803,4.693,7.463,11.419,14.407,21.782,67.706,0,0,0,0,0,20153.375325576857,6.345109869509629,2.413,3.803,4.693,7.463,11.419,14.407,21.782,67.706,,,,,,,,,,,,,,,,,,,,,,
read-only/aurora/ycsb-read-only-aurora-hot100000-F-mr10-20240610-110239/1-us-east-1-0,1-us-east-1-0,100000,F,10,20240610-110239,0,0,0,2061629,1856056,2061629,1000,128,90,50000,30,20651.9,5.555127597061116,1.284,3.13,4.326,6.275,8.472,10.197,19.698570000000068,166.176,0,0,0,0,0,22906.968234439195,5.56125247028623,1.284,3.134,4.333,6.284,8.485,10.211,19.72398999999999,166.176,176766.0,28807.0,321.4,5.660578337094255,1.585,3.173,4.411,6.403,8.625,10.393799999999999,22.46831999999992,113.444,1967.6,5.609378047331587,1.513,3.165,4.387,6.363,8.589,10.332399999999994,19.73192000000004,121.619
read-only/aurora/ycsb-read-only-aurora-hot100000-F-mr10-20240610-110239/3-ap-northeast-1-0,3-ap-northeast-1-0,100000,F,10,20240610-110239,0,0,0,1784725,1605862,1784725,1000,128,90,50000,30,17855.4,6.43577101934489,2.255,3.559,4.561,7.891,12.199,15.31,22.502,70.331,0,0,0,0,0,19830.253942032876,6.447850391993264,2.255,3.562,4.57,7.911,12.228,15.343,22.558,70.331,153601.0,25262.0,279.1,6.612908313539192,2.426,3.605,4.715,8.18825,12.547,15.588099999999997,23.212549999999993,52.015,1705.6,6.546991308027866,2.362,3.583,4.637,8.076,12.470100000000006,15.645,22.994209999999846,60.36
read-only/aurora/ycsb-read-only-aurora-hot100000-F-mr10-20240610-110239/2-eu-west-1-0,2-eu-west-1-0,100000,F,10,20240610-110239,0,0,0,1799043,1619490,1799043,1000,128,90,50000,30,18077.6,6.386047726996251,2.456,3.867,4.768,7.566,11.442,14.346,21.082,216.041,0,0,0,0,0,19989.133644451715,6.395316947715708,2.456,3.869,4.775,7.58,11.462,14.371,21.11785999999987,216.041,154244.0,25309.0,281.1,6.560245159250771,2.749,3.91,4.89,7.774,11.832,14.85975,22.144600000000032,57.122,1711.0,6.465579211836712,2.529,3.89,4.832,7.692,11.613,14.543,21.316,61.764
read-only/aurora/ycsb-read-only-aurora-hot10000-F-mr0-20240610-110239/1-us-east-1-0,1-us-east-1-0,10000,F,0,20240610-110239,0,0,0,2075275,2075275,2075275,1000,128,90,50000,30,23091.9,5.520158028322814,1.365,3.082,4.26,6.31,8.529,10.096,15.335,144.177,0,0,0,0,0,23058.477106771406,5.520158028322814,1.365,3.082,4.26,6.31,8.529,10.096,15.335,144.177,,,,,,,,,,,,,,,,,,,,,,
read-only/aurora/ycsb-read-only-aurora-hot10000-F-mr0-20240610-110239/3-ap-northeast-1-0,3-ap-northeast-1-0,10000,F,0,20240610-110239,0,0,0,1821684,1821684,1821684,1000,128,90,50000,30,20285.300000000003,6.317265260030436,1.746,3.576,4.589,7.646,11.431,14.486,22.949,90.514,0,0,0,0,0,20240.85617091654,6.317265260030436,1.746,3.576,4.589,7.646,11.431,14.486,22.949,90.514,,,,,,,,,,,,,,,,,,,,,,
read-only/aurora/ycsb-read-only-aurora-hot10000-F-mr0-20240610-110239/2-eu-west-1-0,2-eu-west-1-0,10000,F,0,20240610-110239,0,0,0,1800633,1800633,1800633,1000,128,90,50000,30,20041.6,6.392586526002426,2.471,3.867,4.804,7.72,11.382,14.049,20.476,218.163,0,0,0,0,0,20006.804061805422,6.392586526002426,2.471,3.867,4.804,7.72,11.382,14.049,20.476,218.163,,,,,,,,,,,,,,,,,,,,,,
read-only/aurora/ycsb-read-only-aurora-hot100000-F-mr5-20240610-110239/1-us-east-1-0,1-us-east-1-0,100000,F,5,20240610-110239,0,0,0,2081694,1977398,2081694,1000,128,90,50000,30,22038.5,5.501029789407674,1.227,3.129,4.33,6.244,8.15,9.694,16.270209999999963,149.235,0,0,0,0,0,23129.795361534023,5.505619698822905,1.227,3.131,4.333,6.251,8.159,9.706,16.287,149.235,89667.0,14629.0,164.3,5.666026459729249,1.56,3.183,4.4285,6.44575,8.4165,10.0255,16.942,119.716,996.5999999999999,5.580674648672764,1.582,3.173,4.397,6.35625,8.314,9.893,16.587,129.833
read-only/aurora/ycsb-read-only-aurora-hot100000-F-mr5-20240610-110239/3-ap-northeast-1-0,3-ap-northeast-1-0,100000,F,5,20240610-110239,0,0,0,1799569,1709601,1799569,1000,128,90,50000,30,19009.6,6.38905123151845,2.251,3.558,4.551,7.715,11.902,15.25,23.32726000000001,73.22,0,0,0,0,0,19995.119966467097,6.395672205423793,2.251,3.56,4.555,7.725,11.918,15.264,23.347600000000092,73.22,77235.0,12733.0,140.3,6.572083719469096,2.374,3.603,4.679,7.964,12.2578,15.7364,23.691680000000012,45.52,859.1,6.513136780909714,2.377,3.586,4.632,7.913,12.188,15.518,23.600359999999984,66.476
read-only/aurora/ycsb-read-only-aurora-hot100000-F-mr5-20240610-110239/2-eu-west-1-0,2-eu-west-1-0,100000,F,5,20240610-110239,0,0,0,1818794,1727424,1818794,1000,128,90,50000,30,19168.4,6.324343245328987,2.393,3.839,4.774,7.582,11.054,13.681,21.006,223.492,0,0,0,0,0,20208.762153023974,6.328377757103285,2.393,3.84,4.777,7.588,11.06,13.689,21.017350000000093,223.492,78560.0,12810.0,143.1,6.427524355971897,2.744,3.889,4.846500000000001,7.702,11.1931,13.887099999999998,21.135589999999993,57.968,873.5,6.400922449239386,2.52,3.861,4.839,7.686,11.185,13.835300000000004,21.284460000000006,59.678
read-only/aurora/ycsb-read-only-aurora-hot100000-F-mr50-20240610-110239/1-us-east-1-0,1-us-east-1-0,100000,F,50,20240610-110239,0,0,0,2052279,1026788,2052279,1000,128,90,50000,30,11437.0,5.559345701738242,1.397,3.108,4.293,6.25,8.513,10.431,19.581439999999944,126.846,0,0,0,0,0,22803.08665740726,5.585295600224154,1.296,3.116,4.305,6.28,8.553,10.484,19.93451000000001,143.885,880050.0,145441.0,1613.6,5.638666733136216,1.376,3.131,4.341,6.339,8.623,10.569549999999989,20.78583999999997,122.038,9782.3,5.606752353149067,1.296,3.124,4.314,6.305,8.588,10.5305,20.236099999999976,143.885
read-only/aurora/ycsb-read-only-aurora-hot100000-F-mr50-20240610-110239/3-ap-northeast-1-0,3-ap-northeast-1-0,100000,F,50,20240610-110239,0,0,0,1789190,894397,1789190,1000,128,90,50000,30,9908.5,6.401496047936865,2.296,3.612,4.58,7.78,11.831,14.903,22.868,76.395,0,0,0,0,0,19879.784086422256,6.4319445843687895,2.268,3.619,4.603,7.833,11.897,14.973,22.958,76.395,768129.0,126664.0,1404.0,6.492558004942638,2.392,3.636,4.654,7.943,11.994800000000001,15.077,23.126959999999993,57.847,8529.0,6.457404068139977,2.268,3.624,4.621,7.877,11.958,15.04,23.01,63.715
read-only/aurora/ycsb-read-only-aurora-hot100000-F-mr50-20240610-110239/2-eu-west-1-0,2-eu-west-1-0,100000,F,50,20240610-110239,0,0,0,1783171,891585,1783171,1000,128,90,50000,30,9897.9,6.432780828847582,2.46,3.808,4.749,7.769,11.633,14.465,21.43647999999998,210.152,0,0,0,0,0,19812.828875132687,6.453657186057766,2.438,3.813,4.763,7.803,11.676,14.531,21.477,213.133,765348.0,126238.0,1399.1999999999998,6.502558823063394,2.542,3.822,4.78,7.876,11.766,14.6955,21.8245,64.588,8525.5,6.469911387839903,2.438,3.817,4.776,7.832,11.71,14.583,21.463,213.133
