path,region,scalefactor,terminals,avg.NewOrder,p0.NewOrder,p25.NewOrder,p50.NewOrder,p75.NewOrder,p90.NewOrder,p95.NewOrder,p99.NewOrder,p100.NewOrder,avg.OrderStatus,p0.OrderStatus,p25.OrderStatus,p50.OrderStatus,p75.OrderStatus,p90.OrderStatus,p95.OrderStatus,p99.OrderStatus,p100.OrderStatus,avg.StockLevel,p0.StockLevel,p25.StockLevel,p50.StockLevel,p75.StockLevel,p90.StockLevel,p95.StockLevel,p99.StockLevel,p100.StockLevel,avg.Delivery,p0.Delivery,p25.Delivery,p50.Delivery,p75.Delivery,p90.Delivery,p95.Delivery,p99.Delivery,p100.Delivery,avg.Payment,p0.Payment,p25.Payment,p50.Payment,p75.Payment,p90.Payment,p95.Payment,p99.Payment,p100.Payment,avg,p0,p25,p50,p75,p90,p95,p99,p100,time,warmup,throughput,throughput.NewOrder,throughput.Payment,throughput.OrderStatus,throughput.Delivery,throughput.StockLevel
tpcc/yugabyte/tpcc-10-yugabyte-terminals128/1-us-east-1,1-us-east-1,10,128,83.36740449130492,77.008,82.438,83.37,84.365,85.2068,85.6569,86.72382,88.035,25.79144217687075,4.324,11.065,21.3245,34.88525,52.2257,61.69495,86.99786,91.548,7.799109656301145,5.625,6.5315,6.909,7.4295,8.004,13.55,30.395599999999998,31.966,137.2046286231884,7.604,28.855,78.89150000000001,179.55525,382.0908000000001,498.3477499999994,643.78044,694.443,7.661827089337177,5.724,7.13275,7.635,8.12525,8.6156,8.92,9.64413,9.937,64.02176383799423,4.324,33.833,82.6725,83.98575,84.9931,85.559,87.33216999999999,94.633,60,30,196.51,136.35,25.3,11.133333333333333,10.5,13.233333333333333
tpcc/yugabyte/tpcc-10-yugabyte-terminals128/2-eu-west-1,2-eu-west-1,10,128,15.52908083752982,8.912,14.29,15.446,16.709,17.8022,18.452,19.547819999999998,20.771,14.250723140495868,4.279,7.86975,13.0625,18.64575,24.176200000000005,28.525999999999996,33.47927,38.386,7.626767754318618,5.797,7.06475,7.6815,8.14125,8.552,8.8268,9.31436,9.826,49.25677710233029,8.171,30.6625,44.689,71.411,89.74419999999999,99.59979999999999,113.15391999999999,143.307,8.311658577878104,5.778,7.434,8.169,9.109,9.876000000000001,10.32,11.203800000000003,12.085,12.982745197650422,4.279,8.712,14.14,16.041,17.544400000000003,18.4152,21.327560000000034,28.313,60,30,348.48,198.51666666666668,95.88333333333334,17.633333333333333,17.75,18.7
tpcc/yugabyte/tpcc-10-yugabyte-terminals128/3-ap-northeast-1,3-ap-northeast-1,10,128,9404.365842105262,665.446,752.6065,6636.728,9914.781500000001,30830.156399999993,37482.5802,39137.904839999996,39551.736,39432.9218,23031.933,41580.952,44134.959,44196.377,44210.7836,44215.5858,44219.42756,44220.388,47006.775,35823.958,44166.34,52508.722,52598.1835,52651.8604,52669.7527,52684.06654,52687.645,,,,,,,,,,43867.809499999996,13440.999,28654.40425,43867.809499999996,59081.21475,68209.2579,71251.93895,73686.08378999999,74294.62,24951.488749999997,665.446,1313.74575,15290.462,44150.313500000004,63404.916100000024,64623.788799999995,71298.08498000001,74294.62,60,30,0.53,0.36666666666666664,0.03333333333333333,0.08333333333333333,0.0,0.05
tpcc/yugabyte/tpcc-100-yugabyte-terminals64/1-us-east-1,1-us-east-1,100,64,82.22319816946333,76.751,81.4165,82.183,83.0245,83.7,84.1285,85.1816,90.035,92.7139882044561,4.189,21.857,47.649,153.935,235.3718,276.4727,376.89252,432.906,6.125554123711341,5.099,5.87975,6.102,6.3545,6.553,6.779249999999999,7.13175,7.23,41.67976160602259,7.513,24.792,35.088,59.904,73.59899999999999,80.58739999999999,85.74699999999999,126.18,6.942538391933816,5.562,6.522,6.876,7.272,7.726,8.07575,8.619649999999998,9.413,43.52523886986301,4.189,6.828749999999999,11.907,82.04525000000001,83.28710000000001,83.99810000000001,143.35558000000003,196.057,60,30,355.9,158.36666666666667,155.35,13.7,14.4,14.083333333333334
tpcc/yugabyte/tpcc-100-yugabyte-terminals64/2-eu-west-1,2-eu-west-1,100,64,16.58990603255875,9.489,15.414,16.555,17.731,18.799,19.468,20.685659999999995,22.234,30.742121968616264,4.724,14.341249999999999,26.5855,41.74475,61.126700000000014,71.55895,86.53283,92.455,7.953137043478261,5.714,7.375500000000001,7.899,8.495,8.9812,9.2973,9.740379999999996,10.187,63.62334372926344,8.697,36.199999999999996,64.6815,94.52324999999999,108.0631,116.73579999999998,124.94817999999997,150.589,8.943893464703494,6.088,8.108,8.776,9.65,10.456,10.949,12.150060000000002,13.561,12.920254359543437,4.724,8.72,13.214,16.655250000000002,18.222,19.173,23.018569999999986,31.58,60,30,1244.97,562.7666666666667,533.9833333333333,49.516666666666666,50.38333333333333,48.333333333333336
tpcc/yugabyte/tpcc-100-yugabyte-terminals64/3-ap-northeast-1,3-ap-northeast-1,100,64,31747.63451063829,239.819,1107.0875,4047.538,64698.247,65221.5556,67579.4347,68204.93452000001,68312.615,54937.6465,44265.37,49601.50825,54937.6465,60273.78475,63475.467699999994,64542.695349999995,65396.47747,65609.923,52749.424,52749.424,52749.424,52749.424,52749.424,52749.424,52749.424,52749.424,52749.424,65009.535,65009.535,65009.535,65009.535,65009.535,65009.535,65009.535,65009.535,65009.535,35691.507647058825,14.14,496.49525000000006,45229.168999999994,55367.447499999995,74032.1266,74050.04535,74055.98765,74056.052,34509.22745882353,14.14,1155.463,44265.37,64681.629,67579.2156,73962.58559999999,74055.8882,74056.052,60,30,1.42,0.7833333333333333,0.5666666666666667,0.03333333333333333,0.016666666666666666,0.016666666666666666
tpcc/yugabyte/tpcc-10-yugabyte-terminals16/1-us-east-1,1-us-east-1,10,16,81.9035195035461,76.022,81.079,81.878,82.759,83.50710000000001,83.8921,84.58591,85.391,12.799112727272725,3.691,8.068,12.339,16.523000000000003,20.7328,23.4033,27.67372,30.64,5.704350364963504,4.823,5.462,5.6995000000000005,5.93125,6.1304,6.380499999999999,6.594579999999999,6.786,42.03034920634921,14.892,16.812,33.143,65.349,73.1501,82.35185,123.2596800000002,138.537,6.697623857205049,5.401,6.253,6.647,7.045,7.507,7.854199999999999,8.35232,8.777,45.345896442819146,3.691,6.67275,41.313,81.862,83.0255,83.66875,131.2632000000081,183.894,60,30,110.93,52.7,43.68333333333333,4.9,4.733333333333333,4.916666666666667
tpcc/yugabyte/tpcc-10-yugabyte-terminals16/2-eu-west-1,2-eu-west-1,10,16,14.51429019009622,8.852,13.728,14.52,15.34225,16.0559,16.50395,17.302369999999996,18.139,11.905287914691941,4.497,7.94525,11.536,15.04,18.701600000000003,21.015349999999994,24.480709999999988,25.597,6.409003562945369,5.185,6.0794999999999995,6.4135,6.7357499999999995,7.045,7.177349999999999,7.492800000000001,7.728,43.42266498103666,8.166,18.927,38.068,63.487,89.893,91.7695,93.87460000000002,103.325,7.813638356164383,5.954,7.297,7.749,8.252,8.7482,9.122599999999998,9.79492,10.21,11.466795430010796,4.497,7.758,12.917,14.68075,15.702,16.330349999999996,18.167700000000004,26.112,60,30,309.15,152.03333333333333,115.03333333333333,14.233333333333333,13.583333333333334,14.266666666666667
tpcc/yugabyte/tpcc-10-yugabyte-terminals16/3-ap-northeast-1,3-ap-northeast-1,10,16,23945.261363636364,234.776,667.67325,1108.708,57785.432,66722.4836,66775.48014999999,66872.35927999999,66897.377,65885.986,65885.986,65885.986,65885.986,65885.986,65885.986,65885.986,65885.986,65885.986,,,,,,,,,,65097.911,65097.911,65097.911,65097.911,65097.911,65097.911,65097.911,65097.911,65097.911,41376.9292,228.906,20219.213,55411.569,57004.005,67214.17379999999,70617.56339999998,73340.27507999999,74020.953,29816.010103448272,228.906,667.998,26456.08,64838.579,66734.0074,66849.7242,72026.35171999999,74020.953,60,30,0.48,0.36666666666666664,0.08333333333333333,0.016666666666666666,0.016666666666666666,0.0
tpcc/yugabyte/tpcc-100-yugabyte-terminals512/1-us-east-1,1-us-east-1,100,512,148.1741196122555,77.492,83.824,85.27199999999999,98.12975,360.0724,474.5818500000002,561.2831499999996,586.973,120.56919364754098,5.004,23.43975,57.474000000000004,189.8805,306.2555,432.90975000000003,496.14099999999996,535.313,7.190704257767549,5.68,6.641,7.072,7.618,8.181199999999999,8.5962,9.341479999999999,11.209,102.72346696528557,7.997,27.441,56.23,87.35,300.2758000000004,482.8029999999999,680.6042400000001,727.063,7.93124451969346,5.815,7.155,7.647,8.228,8.957,9.495000000000001,17.864799999999867,29.237,73.25263208959076,5.004,8.129,83.112,85.651,144.88900000000004,265.0626000000003,324.6455200000002,343.909,60,30,384.97,207.3,123.25,18.0,17.966666666666665,18.45
tpcc/yugabyte/tpcc-100-yugabyte-terminals512/2-eu-west-1,2-eu-west-1,100,512,26.55204206215876,11.904,22.802,25.756,29.577,33.8072,36.56009999999999,40.79385999999999,42.823,41.45006002728513,5.993,18.0795,36.0525,58.17075,81.06930000000001,95.54984999999998,120.49284999999992,129.336,12.812381703470031,7.673,11.29,12.4985,14.018,15.802,16.905499999999996,18.43826,19.031,95.33672449212509,11.089,46.307,89.194,136.988,173.122,197.363,239.78679999999997,276.064,13.868449350158922,7.409,11.616,13.366,15.606,18.189,19.852,22.590479999999996,23.954,21.6035339931345,5.993,13.946,21.577,26.99325,32.484,36.532699999999984,45.77408000000001,52.397,60,30,1673.02,858.95,583.75,77.53333333333333,74.36666666666666,78.43333333333334
tpcc/yugabyte/tpcc-100-yugabyte-terminals512/3-ap-northeast-1,3-ap-northeast-1,100,512,25519.318157894737,644.288,666.9895,2430.924,64690.2365,64888.2338,65720.51645,68539.80263,68696.276,44155.1375,44044.419,44099.77825,44155.1375,44210.49675,44243.7123,44254.78415,44263.64163,44265.856,52757.17266666667,52714.745,52742.858,52770.971,52778.3865,52782.8358,52784.318900000006,52785.50538,52785.802,40035.566333333336,52.443,11529.62725,54779.0725,65030.88325,65037.138999999996,65039.325,65041.0738,65041.511,3887.8885999999998,14.308,15.265500000000001,476.918,5327.158,13524.230899999999,13768.60745,13964.108690000001,14012.984,26944.74357377049,14.308,666.875,5463.145,64670.474,65041.511,68273.375,74108.5086,74121.03,60,30,1.02,0.6333333333333333,0.2,0.03333333333333333,0.1,0.05
tpcc/yugabyte/tpcc-10-yugabyte-terminals1/1-us-east-1,1-us-east-1,10,1,82.39637272727275,76.766,81.61475,82.388,83.13525,83.88600000000001,84.30475,84.81682,86.127,10.790411764705883,5.469,9.433,10.825,12.867,13.9318,14.1648,14.25376,14.276,5.946052631578947,5.458,5.775499999999999,5.919,6.105,6.3386,6.4439,6.46478,6.47,63.43495999999999,61.753,62.61,63.604,63.846,64.8346,65.0482,65.16004,65.179,6.912372727272726,5.819,6.427,6.8335,7.192,7.8701,8.24915,8.650599999999999,8.788,44.33452046783625,5.458,6.826,14.137,82.323,83.357,84.1172,136.87539999999976,144.12,60,30,9.62,4.266666666666667,4.266666666666667,0.3,0.45,0.3333333333333333
tpcc/yugabyte/tpcc-10-yugabyte-terminals1/2-eu-west-1,2-eu-west-1,10,1,13.228224522292996,8.77,12.509,13.252500000000001,13.87025,14.570300000000001,15.00565,15.64319,16.197,9.43219298245614,4.414,6.33,9.091,11.888,14.5594,15.240799999999998,16.565279999999998,16.838,5.368883333333333,5.026,5.2330000000000005,5.3575,5.5065,5.6246,5.71425,5.8555600000000005,5.865,7.970249999999999,7.434,7.841,7.973,8.08275,8.221499999999999,8.255,8.4189,8.453,7.3895925233644855,6.081,6.867,7.35,7.7595,8.289,8.6833,9.115499999999999,9.691,10.149329858525688,4.414,7.3245000000000005,8.901,13.214500000000001,13.9762,14.590399999999999,15.554019999999998,16.838,60,30,24.77,11.416666666666666,10.383333333333333,0.95,1.0166666666666666,1.0
tpcc/yugabyte/tpcc-10-yugabyte-terminals1/3-ap-northeast-1,3-ap-northeast-1,10,1,24063.414333333338,882.123,1158.8065000000001,1435.49,35654.060000000005,56185.202000000005,63028.916,68503.8872,69872.63,,,,,,,,,,,,,,,,,,,,,,,,,,,,,,,,,,,,,24063.414333333338,882.123,1158.8065000000001,1435.49,35654.060000000005,56185.202000000005,63028.916,68503.8872,69872.63,60,30,0.05,0.05,0.0,0.0,0.0,0.0
tpcc/yugabyte/tpcc-10-yugabyte-terminals256/1-us-east-1,1-us-east-1,10,256,83.70215228502707,77.26,82.6925,83.685,84.718,85.7119,86.26045,87.51442999999999,89.453,30.48873201438849,4.575,12.698250000000002,24.813,41.137,62.7945,76.6065,111.79485000000004,126.952,25.101822929936308,6.014,7.061,7.599,9.039,86.51400000000001,143.9708,145.68568000000002,149.052,183.35551543942995,8.144,27.818,78.074,213.48,523.694,848.011,969.7066000000001,1043.758,7.9127661927330175,5.964,7.441,7.866,8.359,8.8334,9.1124,9.65392,10.162,67.96692828865513,4.575,79.19,83.074,84.37,85.511,86.147,87.63320000000002,91.04,60,30,175.77,129.33333333333334,12.216666666666667,10.983333333333333,8.083333333333334,15.15
tpcc/yugabyte/tpcc-10-yugabyte-terminals256/2-eu-west-1,2-eu-west-1,10,256,15.884421838177532,8.965,14.605,15.782,17.028,18.335,19.033799999999996,20.325760000000002,21.393,16.112704521556257,4.386,8.211500000000001,14.133,22.271,29.039,33.217,44.7735,51.677,8.019926630434782,5.548,7.2855,8.035499999999999,8.687,9.331800000000001,9.786149999999997,10.58965,11.216,53.897378839590445,8.407,29.075499999999998,50.5,76.60249999999999,94.66480000000003,103.12479999999998,161.61880000000002,178.964,8.400979267116684,5.9,7.5497499999999995,8.25,9.152249999999999,10.021,10.5153,11.351649999999998,12.142,13.614762366850703,4.386,9.253,14.7,16.509,18.175,19.187,23.35690000000001,28.588,60,30,333.15,203.46666666666667,74.03333333333333,18.133333333333333,16.95,20.566666666666666
tpcc/yugabyte/tpcc-10-yugabyte-terminals256/3-ap-northeast-1,3-ap-northeast-1,10,256,790.5743793103449,238.634,665.354,666.731,1028.439,1261.109,1399.9137999999996,1488.1767599999998,1489.628,23060.235,23060.235,23060.235,23060.235,23060.235,23060.235,23060.235,23060.235,23060.235,52663.605,52663.605,52663.605,52663.605,52663.605,52663.605,52663.605,52663.605,52663.605,,,,,,,,,,9970.2195,6208.169,8089.1942500000005,9970.2195,11851.24475,12979.859900000001,13356.06495,13657.02899,13732.27,1284.4015757575758,238.634,665.665,667.338,1256.56,3053.8976000000016,4897.3738,5798.9994,6208.169,60,30,0.68,0.6166666666666667,0.03333333333333333,0.016666666666666666,0.0,0.016666666666666666
tpcc/yugabyte/tpcc-10-yugabyte-terminals64/1-us-east-1,1-us-east-1,10,64,82.38390298865271,76.739,81.588,82.361,83.205,83.8854,84.3062,85.08,86.276,21.18870731707317,4.346,11.136,19.349,29.041,37.8654,43.7124,54.504639999999995,62.182,6.314882703777336,5.062,5.999499999999999,6.288,6.59,6.944599999999999,7.1535,7.5886200000000015,7.891,70.61710602910601,7.432,25.007,51.44,90.131,162.478,212.907,290.10999999999984,331.935,7.128319218241043,5.465,6.696,7.099,7.525,7.9124,8.214799999999999,8.708879999999999,9.027,58.53827800216728,4.346,7.959,81.514,82.8105,83.748,84.374,143.525,193.719,60,30,184.23,115.25,39.4,9.8,9.316666666666666,10.466666666666667
tpcc/yugabyte/tpcc-10-yugabyte-terminals64/2-eu-west-1,2-eu-west-1,10,64,15.217305422446406,8.751,14.079,15.149,16.293,17.412800000000004,18.0383,19.074539999999995,20.093,14.490779260780288,4.057,8.10325,13.2395,18.94325,25.5964,28.850149999999996,36.16391999999999,42.868,7.448099223468509,5.778,6.9025,7.445,7.9094999999999995,8.3656,8.6459,9.093400000000006,9.762,44.489022641509436,8.371,12.533,37.685500000000005,66.261,93.5034,100.10559999999997,127.0186600000003,156.659,8.096730537759658,5.772,7.302,7.971,8.817,9.537,10.032,10.854,11.556,12.806272778031571,4.057,8.577,13.96,15.721,17.191,18.133,20.772,27.395,60,30,359.38,208.46666666666667,92.45,18.466666666666665,19.116666666666667,20.883333333333333
tpcc/yugabyte/tpcc-10-yugabyte-terminals64/3-ap-northeast-1,3-ap-northeast-1,10,64,6655.409763157894,240.164,667.091,669.784,9454.98575,21653.778300000013,29828.372499999998,34239.31876000002,36669.165,35285.70725,29.985,21879.23425,32511.620000000003,49661.5365,65827.8294,65828.57070000001,65829.16374,65829.312,52941.226500000004,52936.836,52939.03125,52941.226500000004,52943.42175,52944.7389,52945.17795,52945.52919,52945.617,75826.571,75826.571,75826.571,75826.571,75826.571,75826.571,75826.571,75826.571,75826.571,4923.129,15.621,645.8900000000001,1276.159,7376.883,11037.3174,12257.462199999998,13233.57804,13477.607,18245.07887719298,15.621,667.842,1334.843,29780.083,64818.432,65219.497800000005,65828.12592,65829.312,60,30,0.97,0.7333333333333333,0.05,0.13333333333333333,0.016666666666666666,0.03333333333333333
tpcc/yugabyte/tpcc-10-yugabyte-terminals32/1-us-east-1,1-us-east-1,10,32,81.73481411872565,76.654,80.9815,81.734,82.501,83.1756,83.5529,84.24452,85.37,15.4457680798005,4.069,9.025,14.152,20.822,26.937,30.908,35.643,43.8,5.725647849462365,4.758,5.4605,5.691000000000001,5.95125,6.2196,6.353149999999999,6.629290000000002,6.977,44.36100867052023,7.733,16.637,38.927,56.825500000000005,81.7825,114.05025,153.68585000000004,166.019,6.779314486174163,5.39,6.3495,6.718,7.137499999999999,7.566400000000001,7.874300000000001,8.533,8.764,51.16725443053662,4.069,6.945,80.42,81.935,82.872,83.4642,135.69119999999884,190.353,60,30,146.42,80.35,45.05,7.316666666666666,6.716666666666667,6.983333333333333
tpcc/yugabyte/tpcc-10-yugabyte-terminals32/2-eu-west-1,2-eu-west-1,10,32,14.491656273600174,8.688,13.548,14.442,15.389,16.312,16.8492,17.790319999999998,18.553,12.980406067677949,3.977,8.451,12.223,16.898,20.632199999999997,23.484799999999996,28.003239999999995,30.994,6.5260044843049325,5.009,6.18925,6.5405,6.894,7.2199,7.3588,7.71644,8.03,48.50220303383898,8.224,28.312,44.055,69.9,90.96119999999999,93.7648,103.41667999999996,152.867,7.755043462513582,5.644,7.07125,7.64,8.35,9.0429,9.4199,10.21658,10.81,11.756562492539093,3.977,7.82025,13.096499999999999,14.762,15.989700000000001,16.741699999999998,18.61347,26.236,60,30,309.42,163.4,100.18333333333334,15.283333333333333,15.133333333333333,15.416666666666666
tpcc/yugabyte/tpcc-10-yugabyte-terminals32/3-ap-northeast-1,3-ap-northeast-1,10,32,18707.508487804876,240.259,669.292,1158.947,64758.042,65475.407,67165.522,67213.1406,67213.323,37974.524,18176.449,21859.300000000003,33728.8565,49844.0805,59695.9926,62979.96329999999,65607.13986,66263.934,54937.977,54937.977,54937.977,54937.977,54937.977,54937.977,54937.977,54937.977,54937.977,65064.22,65064.22,65064.22,65064.22,65064.22,65064.22,65064.22,65064.22,65064.22,4050.8559999999998,14.772,14.96175,15.881,4051.77525,11314.844100000002,13735.867049999993,15672.685409999995,16156.89,21719.52380769231,14.772,669.01775,1299.9769999999999,64761.142,66185.08129999999,67186.82725,70687.5945,74303.673,60,30,0.87,0.6833333333333333,0.08333333333333333,0.06666666666666667,0.016666666666666666,0.016666666666666666
tpcc/yugabyte/tpcc-100-yugabyte-terminals16/1-us-east-1,1-us-east-1,100,16,81.25916352705411,76.432,80.5295,81.226,81.969,82.55120000000001,82.905,83.93924,85.825,45.15893511450381,4.561,15.13075,29.407,63.26025,101.4791,134.63414999999998,164.62316999999993,181.852,5.674969491525424,5.097,5.459,5.672,5.890000000000001,6.0256,6.1075,6.259720000000001,6.435,45.22021138211382,14.655,30.512999999999998,45.301500000000004,61.70475,71.6245,78.31649999999999,79.93745000000001,82.015,6.589885220729366,5.405,6.166,6.531,6.886,7.3976,7.7218,8.25084,8.93,42.68449224870812,4.561,6.467499999999999,16.343,81.085,82.176,82.6883,142.53575999999998,195.145,60,30,118.27,52.46666666666667,51.3,4.983333333333333,4.333333333333333,5.183333333333334
tpcc/yugabyte/tpcc-100-yugabyte-terminals16/2-eu-west-1,2-eu-west-1,100,16,14.611556841470765,8.479,13.435,14.509,15.724,16.833000000000002,17.389899999999997,18.245359999999998,19.88,23.5073528708134,4.315,13.036249999999999,21.576,32.0225,41.0465,47.547250000000005,54.98289999999997,60.21,6.6192799511002445,5.281,6.206,6.5795,7.03575,7.404100000000001,7.5693,7.83694,7.978,40.765239902080786,8.3,21.019,32.873,59.352,86.8414,94.43099999999998,98.31096,99.268,7.9618383730264926,5.665,7.017250000000001,7.8454999999999995,8.73275,9.601,9.952699999999998,11.067349999999998,12.364,11.489966082338833,4.315,7.72,11.672,14.656,16.3578,17.373399999999997,22.425320000000013,27.898,60,30,341.73,153.56666666666666,146.88333333333333,14.033333333333333,13.616666666666667,13.633333333333333
tpcc/yugabyte/tpcc-100-yugabyte-terminals16/3-ap-northeast-1,3-ap-northeast-1,100,16,25212.559400000006,239.259,666.48,3660.602,65104.921,66094.3412,66764.3756,69466.9832,70310.084,,,,,,,,,,54401.77,54401.77,54401.77,54401.77,54401.77,54401.77,54401.77,54401.77,54401.77,,,,,,,,,,24923.073045454537,15.266,256.976,19333.909,55322.183000000005,55891.7465,73700.83059999999,74660.25327,74666.22,25687.986708333334,15.266,666.1097500000001,18692.7175,55734.17,65690.1806,69080.562,74652.86589,74666.22,60,30,0.8,0.4166666666666667,0.36666666666666664,0.0,0.0,0.016666666666666666
tpcc/yugabyte/tpcc-100-yugabyte-terminals256/1-us-east-1,1-us-east-1,100,256,87.94392567314884,77.6,83.57275,84.7445,86.1035,88.4315,107.1255,156.03764999999996,254.233,107.6987396883593,4.592,23.2215,45.083,177.395,274.26,363.782,490.22609999999986,512.723,7.163965174129353,5.407,6.682,7.047,7.518,8.1166,8.4962,9.722800000000001,10.358,84.85348163693598,7.689,24.886,52.969,80.031,205.80500000000026,382.2159999999999,544.5481199999999,630.756,7.825305089605735,5.8,7.213,7.696,8.2705,8.951600000000001,9.474199999999998,10.701200000000004,14.152,57.87202958112753,4.592,7.97125,82.5365,85.134,87.9517,139.33224999999993,213.73537,232.054,60,30,445.59,233.61666666666667,151.85,20.15,19.4,20.583333333333332
tpcc/yugabyte/tpcc-100-yugabyte-terminals256/2-eu-west-1,2-eu-west-1,100,256,26.910514193904508,11.427,23.264,26.194,29.871,34.048,36.643,40.97,43.093,41.52863005159072,6.002,17.8825,35.5725,57.835,82.14500000000002,98.776,120.93822999999999,131.049,12.536974196277496,7.924,11.0175,12.2415,13.753,15.483,16.550299999999996,18.059139999999992,18.553,87.17766652515388,11.259,37.706,81.535,127.1035,165.289,184.3145,222.04259999999994,263.807,14.160158121288074,7.566,11.829,13.652,15.963750000000001,18.573999999999998,20.29075,23.342749999999985,24.966,21.599545609895028,6.002,13.976750000000001,21.54,27.18325,32.432,36.189,45.41266999999999,52.99,60,30,1846.83,919.0833333333334,683.05,82.78333333333333,79.61666666666666,82.31666666666666
tpcc/yugabyte/tpcc-100-yugabyte-terminals256/3-ap-northeast-1,3-ap-northeast-1,100,256,29724.339086956523,238.533,667.9945,19464.4055,64721.0215,64753.9825,65037.04375,65224.328199999996,65236.633,55035.635,44253.738,49644.686499999996,55035.635,60426.58350000001,63661.15260000001,64739.342300000004,65601.89406,65817.532,52761.324,52703.682,52756.524,52775.088,52779.888,52786.818,52789.128000000004,52790.976,52791.438,65032.783500000005,64946.887,64989.835250000004,65032.783500000005,65075.73175,65101.500700000004,65110.09035,65116.96207,65118.68,32856.359785714296,14.857,3376.93375,19862.534,55340.212,73983.1592,74013.4859,74019.03638,74020.424,33507.21717647058,14.857,668.2105,36766.141,64722.986000000004,65122.3031,65614.21735,74013.27242,74020.424,60,30,1.13,0.7666666666666667,0.23333333333333334,0.03333333333333333,0.03333333333333333,0.06666666666666667
tpcc/yugabyte/tpcc-100-yugabyte-terminals1/1-us-east-1,1-us-east-1,100,1,83.74424691358024,79.422,82.85725000000001,83.57,84.515,85.412,85.93115,87.17139,89.231,20.526555555555557,4.804,12.07025,17.242,25.8855,38.797900000000006,43.12124999999998,51.88984999999998,54.082,6.172833333333334,5.944,6.0767500000000005,6.1605,6.24075,6.3309,6.3965499999999995,6.45771,6.473,17.534727272727274,16.567,17.250500000000002,17.65,17.762999999999998,18.048,18.401,18.683400000000002,18.754,7.780300578034683,5.934,7.205,7.682,8.204,8.9086,9.3404,9.92708,10.612,42.92251174934726,4.804,7.577,13.175,83.4345,84.69539999999999,85.78829999999999,144.17342,145.764,60,30,7.55,3.316666666666667,3.45,0.35,0.21666666666666667,0.21666666666666667
tpcc/yugabyte/tpcc-100-yugabyte-terminals1/2-eu-west-1,2-eu-west-1,100,1,15.408184368737473,11.882,14.7355,15.42,16.0835,16.666,17.010299999999997,17.55922,17.839,20.357897959183674,5.426,10.562,19.344,27.81,34.5474,36.1584,37.71344,37.892,6.688274509803923,6.159,6.537000000000001,6.687,6.8205,6.963,7.047499999999999,7.2095,7.212,83.2235,80.054,82.3355,83.1325,84.1445,85.0654,85.3019,86.48671,86.791,8.944551578947369,7.078,8.2655,8.957,9.5085,10.027,10.4103,11.411879999999998,11.803,12.096185324553153,5.426,8.775,11.315,15.429,16.260600000000004,16.869600000000002,19.76009999999987,25.7,60,30,20.98,9.083333333333334,9.35,0.8166666666666667,0.8666666666666667,0.8666666666666667
tpcc/yugabyte/tpcc-100-yugabyte-terminals1/3-ap-northeast-1,3-ap-northeast-1,100,1,,,,,,,,,,,,,,,,,,,,,,,,,,,,,,,,,,,,,77642.907,77642.907,77642.907,77642.907,77642.907,77642.907,77642.907,77642.907,77642.907,77642.907,77642.907,77642.907,77642.907,77642.907,77642.907,77642.907,77642.907,77642.907,60,30,0.02,0.0,0.016666666666666666,0.0,0.0,0.0
tpcc/yugabyte/tpcc-10-yugabyte-terminals512/1-us-east-1,1-us-east-1,10,512,83.8495260748733,77.21,82.83,83.83,84.923,85.82339999999999,86.417,87.442,89.693,31.999687747035573,4.565,13.0325,24.859,43.262,67.4055,81.711,115.82429999999998,134.622,27.902689497716892,5.94,7.28,7.859,18.111,101.34779999999967,144.68019999999999,161.31595999999942,200.647,265.00414364640886,8.351,38.8615,129.62099999999998,375.29375,742.3014000000002,971.0687999999999,1269.1753299999996,1325.256,7.929230878186969,6.02,7.43225,7.8985,8.447000000000001,8.911999999999999,9.18825,9.779500000000004,10.308,67.94919851851853,4.565,79.321,83.198,84.56325,85.634,86.21,87.42912000000001,91.319,60,30,163.02,120.1,13.3,9.933333333333334,6.683333333333334,13.0
tpcc/yugabyte/tpcc-10-yugabyte-terminals512/2-eu-west-1,2-eu-west-1,10,512,16.060214864511632,8.847,14.789,16.014,17.271,18.4408,19.132799999999996,20.435719999999996,21.59,17.56505600814664,4.252,8.849250000000001,15.282,23.828,31.2246,38.189,49.19423999999991,53.917,8.065425493716338,5.325,7.555,8.031,8.561,9.1507,9.47635,10.228959999999999,10.577,56.89308263598326,8.689,29.27,57.038,82.10725,97.463,108.05675,128.64965000000012,180.207,8.464400746733043,5.832,7.602,8.36,9.251,10.053,10.499,11.4528,12.198,13.602694844477757,4.252,9.0915,14.743,16.686,18.265,19.3581,23.86970000000004,29.351,60,30,345.05,202.93333333333334,85.95,18.016666666666666,17.783333333333335,20.366666666666667
tpcc/yugabyte/tpcc-10-yugabyte-terminals512/3-ap-northeast-1,3-ap-northeast-1,10,512,6719.856375,663.355,666.91075,670.06,9939.489249999999,21673.703999999998,24974.968,28539.219999999998,29430.283,44183.581333333335,44150.546,44164.817,44179.088,44200.099,44212.7056,44216.9078,44220.26956,44221.11,,,,,,,,,,64827.067,64827.067,64827.067,64827.067,64827.067,64827.067,64827.067,64827.067,64827.067,15.361333333333333,13.9,14.858,15.816,16.092,16.2576,16.3128,16.356959999999997,16.368,21299.408148148144,13.9,666.8895,1499.129,44164.817,65038.708600000005,65701.509,72076.14775999998,74263.885,60,30,0.45,0.3,0.06666666666666667,0.06666666666666667,0.016666666666666666,0.0
tpcc/yugabyte/tpcc-100-yugabyte-terminals128/1-us-east-1,1-us-east-1,100,128,84.01619187617722,77.221,82.94749999999999,83.93,84.989,85.983,86.7015,88.8147,92.863,94.01808661417324,4.652,21.99925,39.607,155.81225,250.1989000000003,301.5437999999999,428.1606899999999,449.591,6.765213740458015,5.408,6.3614999999999995,6.725,7.074,7.5258,7.805799999999999,8.251940000000001,8.642,48.91906446414182,7.979,27.553,51.546,67.132,83.574,91.408,107.32499999999996,143.601,7.532427605834224,5.606,6.994,7.4375,7.967,8.538,8.991,9.75,11.007,47.709510072929454,4.652,7.47,50.7245,83.941,85.5153,86.77415,144.79518,202.508,60,30,559.65,261.95,229.11666666666667,22.95,23.45,22.183333333333334
tpcc/yugabyte/tpcc-100-yugabyte-terminals128/2-eu-west-1,2-eu-west-1,100,128,24.036514101692198,10.507,21.175,23.604,26.466,29.524,31.50735,35.07307,37.248,38.082235863586355,5.837,18.142,33.455,51.974,72.14719999999998,86.5172,108.5634,115.858,11.386196577540106,7.163,10.15,11.188,12.4455,13.6896,14.4986,15.733940000000004,16.215,80.57773737373739,10.813,43.52075,74.5035,114.1635,147.7559,161.58849999999998,188.99764,220.314,12.516714275537826,7.318,10.708,12.121,13.926,15.848700000000004,17.203349999999997,19.94087,22.002,18.91426925671382,5.837,12.202,18.749,24.111,28.166199999999996,31.130199999999984,40.827359999999985,48.59,60,30,1979.58,920.3333333333334,817.6833333333333,81.3,79.68333333333334,80.58333333333333
tpcc/yugabyte/tpcc-100-yugabyte-terminals128/3-ap-northeast-1,3-ap-northeast-1,100,128,32994.00383333334,238.131,666.89575,29469.1585,64702.928,65383.705,67483.54925000001,67528.4642,67551.182,55004.027500000004,44271.932,49637.97975,55004.027500000004,60370.07525000001,63589.70390000001,64662.91345000001,65521.48109000001,65736.123,52778.054000000004,52747.92,52762.987,52778.054000000004,52793.121,52802.1612,52805.1746,52807.58532,52808.188,65035.7595,64903.937,64991.04425,65055.1575,65099.87275,65117.2207,65123.00335,65127.62947,65128.786,33312.2665625,14.708,15.82275,38951.993,55337.74025,72231.21530000004,74018.87925,74130.91137,74174.117,35914.26143421052,14.708,666.89575,54032.9545,64700.096000000005,65562.577,69155.02900000001,74069.58725000001,74174.117,60,30,1.27,0.6,0.5333333333333333,0.03333333333333333,0.06666666666666667,0.03333333333333333
tpcc/yugabyte/tpcc-100-yugabyte-terminals32/1-us-east-1,1-us-east-1,100,32,81.98605952380952,76.641,81.20175,81.973,82.766,83.434,83.84135,84.62977000000001,87.301,80.7844126984127,4.19,21.656750000000002,43.0185,120.96875,223.37949999999998,261.06705,303.7211999999997,330.237,6.039403193612775,5.032,5.769,6.038,6.264,6.502,6.634,6.901,7.068,51.140672447013486,7.831,40.7485,56.923,63.4735,79.5532,83.40310000000001,84.89098,87.328,6.871556800314465,5.554,6.459,6.803,7.193,7.6463,7.974599999999999,8.582780000000001,9.232,43.888920103314675,4.19,6.7605,18.489,81.8555,83.032,83.6806,142.96834,193.909,60,30,230.98,103.08333333333333,100.93333333333334,8.966666666666667,9.183333333333334,8.816666666666666
tpcc/yugabyte/tpcc-100-yugabyte-terminals32/2-eu-west-1,2-eu-west-1,100,32,15.1374340571709,8.381,13.89625,15.058,16.29475,17.4449,18.026,19.07299,21.046,23.996106699751863,4.447,12.333,21.7345,33.137,44.75020000000001,51.18524999999999,60.57030999999993,66.001,7.227662532637076,5.462,6.743,7.2165,7.671250000000001,8.0908,8.344,8.722660000000001,9.092,56.953222572509446,7.863,32.66475,54.4835,84.28775,97.6955,106.684,112.96665,135.879,8.200222556802627,5.775,7.326,8.041,8.946,9.7799,10.178,11.252889999999999,12.99,11.81350799551543,4.447,7.955,11.99,15.163,16.8297,17.806,21.76581999999999,29.211,60,30,668.59,301.7,286.93333333333334,27.433333333333334,26.566666666666666,25.966666666666665
tpcc/yugabyte/tpcc-100-yugabyte-terminals32/3-ap-northeast-1,3-ap-northeast-1,100,32,30645.50811111111,240.166,667.486,4213.276,64695.201,65296.249599999996,65438.596999999994,67093.2902,68174.071,41996.367,18164.61,30080.4885,41996.367,53912.2455,61061.7726,63444.9483,65351.48886,65828.124,52753.746666666666,52667.025,52728.5655,52790.106,52797.1075,52801.308399999994,52802.708699999996,52803.82894,52804.109,,,,,,,,,,40290.21333333333,15.004,14890.603500000001,55245.2755,60037.959500000004,74104.6775,74254.67365,74391.52113,74425.733,33948.13546774194,15.004,668.1042500000001,40960.1485,64688.63225,65451.1305,68056.77364999999,74236.01263,74425.733,60,30,1.03,0.75,0.2,0.03333333333333333,0.0,0.05
