path,region,suffix,rejected,aborted,aborted.NewOrder,unexpected,completed,completed.NewOrder,completed.Payment,completed.OrderStatus,completed.Delivery,completed.StockLevel,total,throughput.StockLevel,avg.StockLevel,p0.StockLevel,p25.StockLevel,p50.StockLevel,p75.StockLevel,p90.StockLevel,p95.StockLevel,p99.StockLevel,p100.StockLevel,scalefactor,terminals,time,rate,warmup,throughput.OrderStatus,avg.OrderStatus,p0.OrderStatus,p25.OrderStatus,p50.OrderStatus,p75.OrderStatus,p90.OrderStatus,p95.OrderStatus,p99.OrderStatus,p100.OrderStatus,throughput.Delivery,avg.Delivery,p0.Delivery,p25.Delivery,p50.Delivery,p75.Delivery,p90.Delivery,p95.Delivery,p99.Delivery,p100.Delivery,throughput.Payment,avg.Payment,p0.Payment,p25.Payment,p50.Payment,p75.Payment,p90.Payment,p95.Payment,p99.Payment,p100.Payment,ood_index_page,ood_table,ood_tuple,other_aborts,deadlock,throughput,avg,p0,p25,p50,p75,p90,p95,p99,p100,avg.NewOrder,p0.NewOrder,p25.NewOrder,p50.NewOrder,p75.NewOrder,p90.NewOrder,p95.NewOrder,p99.NewOrder,p100.NewOrder,throughput.NewOrder,rejected.NewOrder,rejected.Payment,rejected.Delivery,ood_index_page.Payment,ood_table.Payment,ood_tuple.Payment,other_aborts.Payment,deadlock.Payment,ood_index_page.NewOrder,ood_table.NewOrder,ood_tuple.NewOrder,other_aborts.NewOrder,deadlock.NewOrder,ood_index_page.Delivery,ood_table.Delivery,ood_tuple.Delivery,other_aborts.Delivery,deadlock.Delivery,rejected.StockLevel,ood_index_page.StockLevel,ood_table.StockLevel,ood_tuple.StockLevel,other_aborts.StockLevel,deadlock.StockLevel,unexpected.NewOrder
tpcc/aurora/tpcc-100-aurora-terminals100-20240619-223111/3-ap-northeast-1-0,3-ap-northeast-1-0,20240619-223111,0,1,1.0,0,282,96.0,149,16.0,7.0,14.0,283,0.2,1314.3915714285715,1036.568,1063.217,1088.0295,1095.748,1905.825,2225.8138999999996,2673.769979999999,2785.759,100,100,60,50000,0,0.30000000000000004,2735.4674375,1629.522,1719.97975,1808.013,3501.3045,4702.009,4910.38625,5229.45245,5309.219,1.4,56762.49585714285,55619.021,55641.845,55647.056,58009.42600000001,58447.0288,58607.9404,58736.66968,58768.852,1.9000000000000001,6467.476283783783,3855.901,4118.52075,7254.7880000000005,8202.33225,9494.484200000003,9831.6479,10154.79432,10406.086,0,0,0,0,0,4.699952776519485,14903.763851063832,1036.568,4163.7075,8204.1835,24895.119,35582.9939,40025.3049,56053.52603999999,58768.852,28723.386432989693,14807.718,21776.502,28864.607,34525.025,39750.3432,40747.921800000004,43890.34295999994,50365.854,0.8,,,,,,,,,,,,,,,,,,,,,,,,,
tpcc/aurora/tpcc-100-aurora-terminals100-20240619-223111/1-us-east-1-0,1-us-east-1-0,20240619-223111,15700,423,423.0,0,85027,37618.0,36796,3538.0,3522.0,3553.0,101150,64.6,69.09098197690791,4.445,26.9435,43.133,82.5425,155.137,207.4425,307.7565,2424.025,100,100,60,50000,0,59.099999999999994,18.50350367439231,0.976,4.0104999999999995,8.7745,21.67975,47.033900000000024,75.89489999999996,113.27369000000007,258.085,57.0,235.0563710959682,39.834,93.459,124.314,235.41875,450.34370000000007,724.3662499999997,1843.7499699999998,5224.969,629.7,32.42890716058709,4.315,11.79875,18.259,32.77,70.4367,105.1196499999999,197.03606000000246,1997.594,0,0,0,15700,0,1417.115912997187,68.93690239605762,1.575,18.317,38.019,73.02350000000001,133.745,213.541,518.2855,5224.969,92.9914575545072,10.921,38.456500000000005,54.766,92.765,169.7446,272.78489999999965,608.4714000000008,4822.265,650.6,13804.0,1874.0,22.0,0.0,0.0,0.0,1874.0,0.0,0.0,0.0,0.0,13804.0,0.0,0.0,0.0,0.0,22.0,0.0,,,,,,,
tpcc/aurora/tpcc-100-aurora-terminals100-20240619-223111/2-eu-west-1-0,2-eu-west-1-0,20240619-223111,0,3,3.0,0,824,346.0,369,35.0,26.0,48.0,827,0.8,737.0875208333333,561.818,564.17875,566.999,583.301,1066.5716,1896.1079999999986,2684.8446300000005,3050.115,100,100,60,50000,0,0.7,1017.8749428571429,840.491,843.155,846.757,880.973,1298.635600000001,2243.460099999999,2745.027559999999,2828.911,0.8,18556.3195,15477.495,15560.31925,15641.6095,15758.26125,30796.9924,31235.20495,31587.85622,31683.165,5.8,2571.825854227405,1980.115,2011.3685,2028.666,2250.691,4868.755400000001,5571.584699999999,6654.09804,7217.151,0,0,0,0,0,13.733134869850304,6013.453762711864,561.818,2013.73875,4701.394,8512.08725,13499.574,17093.24425,25480.98375,31683.165,10045.186083094555,4779.426,6732.173,8794.579,11281.059,17172.177199999995,20500.1044,25732.625439999996,26446.896,7.5,,,,,,,,,,,,,,,,,,,,,,,,,
tpcc/aurora/tpcc-10-aurora-terminals10-20240619-220550/3-ap-northeast-1-0,3-ap-northeast-1-0,20240619-220550,1,0,,0,18,6.0,10,1.0,,1.0,19,0.2,2178.666,2178.666,2178.666,2178.666,2178.666,2178.666,2178.666,2178.666,2178.666,10,10,60,50000,0,0.2,3848.032,3848.032,3848.032,3848.032,3848.032,3848.032,3848.032,3848.032,3848.032,,,,,,,,,,,0.2,6067.493777777778,3766.826,3853.341,3963.086,7306.043,11226.590400000001,11562.1432,11830.58544,11897.696,0,0,0,1,0,0.2999978288607129,18220.01105882353,2178.666,3853.341,7306.043,32255.802,48158.269,51426.4718,52195.16236,52387.335,41517.674333333336,31015.23,33222.3045,41130.7115,49924.594750000004,51786.7955,52087.06525,52327.28105,52387.335,1.2,1.0,,,,,,,,0.0,0.0,0.0,1.0,0.0,,,,,,,,,,,,
tpcc/aurora/tpcc-10-aurora-terminals10-20240619-220550/1-us-east-1-0,1-us-east-1-0,20240619-220550,10582,275,275.0,0,57547,25585.0,24768,2307.0,2503.0,2384.0,68404,39.0,3.331335989932886,1.71,2.628,2.978,3.51925,4.574100000000001,5.693599999999998,8.885610000000025,21.352,10,10,60,50000,0,38.3,1.2575769397485912,0.808,1.057,1.143,1.304,1.5824,1.8236999999999999,2.7797,14.232,42.099999999999994,25.741502596883738,18.939,23.1545,24.75,27.223,30.466,33.3497,39.7648,53.881,430.0,4.868327248615336,2.379,3.877,4.39,5.23,6.487,7.660299999999996,11.71260000000002,49.479,0,0,0,10582,0,959.1104808036949,10.001711911634658,0.808,4.184,7.756,14.492,19.773800000000005,23.98279999999999,31.960720000000002,103.658,14.82054559994049,5.569,11.10425,14.02,17.0825,20.886499999999998,24.44825,34.61155000000006,103.658,448.5,6810.0,3772.0,,0.0,0.0,0.0,3772.0,0.0,0.0,0.0,0.0,6810.0,0.0,,,,,,,,,,,,
tpcc/aurora/tpcc-10-aurora-terminals10-20240619-220550/2-eu-west-1-0,2-eu-west-1-0,20240619-220550,2,0,,0,82,33.0,45,,,4.0,84,0.2,566.167,564.936,565.67625,566.2465,566.73725,567.0383,567.13865,567.21893,567.239,10,10,60,50000,0,,,,,,,,,,,,,,,,,,,,,1.4,2519.419052631579,1999.438,2007.423,2014.776,2030.898,3032.2092000000102,6164.211449999999,7934.781100000005,8547.527,0,0,0,2,0,1.3666551427116171,5057.333902439024,564.936,2007.423,2164.0405,7230.7967499999995,9849.332100000001,10658.887200000001,24026.31223999998,29939.309,9270.386636363637,4807.886,6096.64,7708.172,9855.073,11642.3258,19928.37979999999,27603.310279999998,29939.309,0.8,2.0,,,,,,,,0.0,0.0,0.0,2.0,0.0,,,,,,,,,,,,
tpcc/aurora/tpcc-10-aurora-terminals100-20240619-220550/3-ap-northeast-1-0,3-ap-northeast-1-0,20240619-220550,191,1,1.0,0,179,85.0,70,10.0,2.0,12.0,371,0.4,2139.1539166666666,1049.002,1058.05825,2451.94,2758.7619999999997,3143.452,3185.18915,3191.32583,3192.86,10,100,60,50000,0,0.2,3747.2512500000003,2718.234,3228.25825,3572.5795,4051.0380000000005,4784.049300000001,5004.25565,5180.42073,5224.462,0.2,22709.546000000002,7669.275,15189.4105,22709.546000000002,30229.681500000002,34741.762800000004,36245.7899,37449.011580000006,37749.817,0.8,13663.642054054053,3698.375,7888.9365,15585.894,18118.7255,22444.002,25313.729,25626.7462,26459.601,0,0,0,191,0,2.983305116487715,19893.5278202765,1613.347,8178.201,18128.088,28197.948,37653.1396,39884.533599999995,45156.43276000001,47081.057,31621.347505882353,18452.979,24797.01,32645.692,37595.382,40513.9928,42834.3156,46891.698319999996,47081.057,1.0,7.0,184.0,,0.0,0.0,0.0,184.0,0.0,0.0,0.0,0.0,7.0,0.0,,,,,,,,,,,,
tpcc/aurora/tpcc-10-aurora-terminals100-20240619-220550/1-us-east-1-0,1-us-east-1-0,20240619-220550,184985,216,216.0,0,59770,18657.0,28033,4391.0,4170.0,4519.0,244971,73.3,25.31905593632545,2.431,8.354,12.209,22.378,70.76080000000002,98.70559999999999,152.4031799999997,347.497,10,100,60,50000,0,70.1,13.906251651104531,1.13,3.949,7.261,13.153,38.81,54.787,78.23610000000006,171.871,67.0,68.94078658251519,9.123,35.95875,56.1105,85.53675,128.28820000000002,162.52864999999997,269.74251999999757,657.09,725.2,46.83917679675383,4.189,18.398,31.907,46.8155,111.105,165.471,241.18030000000095,422.984,0,0,0,184985,0,996.1554619598382,55.55012625235615,5.796,25.101,38.104,59.885,124.67980000000014,179.15039999999985,271.64399999999983,5919.741,66.85827872688034,10.979,33.522,45.99,68.8375,146.63980000000004,202.2051999999999,292.24848000000014,5919.741,770.1,108166.0,74600.0,1991.0,0.0,0.0,0.0,74600.0,0.0,0.0,0.0,0.0,108166.0,0.0,0.0,0.0,0.0,1991.0,0.0,228.0,0.0,0.0,0.0,228.0,0.0,
tpcc/aurora/tpcc-10-aurora-terminals100-20240619-220550/2-eu-west-1-0,2-eu-west-1-0,20240619-220550,512,1,1.0,0,582,299.0,197,32.0,24.0,30.0,1095,0.6,800.5226333333335,560.854,563.91725,568.13,1008.5574999999999,1318.0574000000004,1585.935,1846.6140600000003,1947.501,10,100,60,50000,0,0.4,1166.02359375,817.762,841.682,845.4024999999999,865.3252500000001,1849.1967000000004,2677.9053999999996,4313.178550000002,4867.178,0.8,12000.236333333334,2011.655,5740.3925,8523.2235,15940.240999999998,25845.182099999998,30390.97019999999,31865.67853,32078.357,5.8,5604.531478405316,1902.091,2403.217,4991.725,6363.148,10826.683,14489.209,17444.089,17536.762,0,0,0,512,0,9.69986640228506,7907.175638932495,1141.589,4775.439,6526.406,9753.393,15012.917,17560.675999999992,26231.556159999996,32078.357,10155.82439464883,4775.439,6822.4580000000005,8741.982,11155.7235,17201.7488,20741.52979999999,26541.924599999995,31360.72,7.0,25.0,479.0,8.0,0.0,0.0,0.0,479.0,0.0,0.0,0.0,0.0,25.0,0.0,0.0,0.0,0.0,8.0,0.0,,,,,,,
tpcc/aurora/tpcc-100-aurora-terminals40-20240619-223111/3-ap-northeast-1-0,3-ap-northeast-1-0,20240619-223111,0,0,,0,109,42.0,55,3.0,,9.0,109,0.2,1710.4541111111112,1058.937,1091.774,1106.653,2544.528,2939.748,3195.7019999999998,3400.4652,3451.656,100,40,60,50000,0,0.30000000000000004,2376.508,1590.878,1595.5625,1600.247,2769.323,3470.7686,3704.5838,3891.63596,3938.399,,,,,,,,,,,0.5,6481.103314814815,3743.046,3965.1965,4302.0085,9113.859499999999,10881.9657,11110.3814,11307.1789,11403.57,0,0,0,0,0,1.8166382936528638,15150.881666666668,1058.937,3968.6765,9470.3475,26144.0675,35513.6311,41256.91815,45119.43824999999,46195.442,30090.286428571424,13499.139,24179.679,28870.5325,36308.41525,42133.2728,44004.44795,45787.39237,46195.442,0.6000000000000001,,,,,,,,,,,,,,,,,,,,,,,,,
tpcc/aurora/tpcc-100-aurora-terminals40-20240619-223111/1-us-east-1-0,1-us-east-1-0,20240619-223111,14823,449,449.0,0,98736,44057.0,42784,3952.0,4047.0,3896.0,114008,62.599999999999994,17.025879620123202,2.454,4.01575,5.021,16.98875,53.095,75.29075,113.82115000000006,206.59,100,40,60,50000,0,61.199999999999996,3.350625,1.023,1.578,1.986,2.96475,6.0079,10.5968,25.088129999999992,68.349,68.0,64.43918952310354,27.145,37.663,42.606,69.6245,131.40400000000002,171.87579999999997,258.48634,497.069,708.0,12.515225385169522,4.009,6.688,8.2,11.694,20.171000000000014,30.091400000000025,78.79996000000003,507.311,0,0,0,14823,0,1645.5765908227809,23.909982679018377,1.023,7.713,16.456,28.365499999999997,46.586,68.88769999999992,150.33151999999956,507.311,33.488944876854895,7.458,19.176,25.05,36.308,57.831200000000024,83.24860000000002,157.09520000000012,422.154,755.7,12876.0,1945.0,2.0,0.0,0.0,0.0,1945.0,0.0,0.0,0.0,0.0,12876.0,0.0,0.0,0.0,0.0,2.0,0.0,,,,,,,
tpcc/aurora/tpcc-100-aurora-terminals40-20240619-223111/2-eu-west-1-0,2-eu-west-1-0,20240619-223111,0,0,,0,307,127.0,127,22.0,16.0,15.0,307,0.2,990.866357142857,561.365,565.3435,566.7375,573.82125,2591.348200000003,3507.4473000000003,3584.47906,3603.737,100,40,60,50000,0,0.4,1076.8863636363637,838.684,844.1095,846.635,847.90925,1576.9354000000017,2669.3266499999995,3143.3935199999996,3255.258,0.5,18607.638375000002,15441.323,15515.38725,15568.578000000001,17171.1095,28431.343999999997,29518.244,31991.4392,32609.738,2.2,2759.8053571428572,1899.468,2006.31925,2016.319,2289.23125,5689.552,6590.7315,8809.526,9051.125,0,0,0,0,0,5.116607893129843,6248.935618892508,538.377,2008.732,4790.459,8417.8045,15460.2358,18257.4564,26336.249399999997,32609.738,9711.270401574806,4761.815,6706.964,8340.28,10696.1705,18085.8296,20825.371799999997,24555.032179999995,26432.979,3.0,,,,,,,,,,,,,,,,,,,,,,,,,
tpcc/aurora/tpcc-100-aurora-terminals60-20240619-223111/3-ap-northeast-1-0,3-ap-northeast-1-0,20240619-223111,0,0,,0,145,53.0,81,3.0,2.0,6.0,145,0.2,2741.4583333333335,1056.71,1660.26125,3438.1065,3551.1167499999997,3709.394,3784.394,3844.394,3859.394,100,60,60,50000,0,0.2,4116.817,2667.622,3722.135,4776.648,4841.4145,4880.274399999999,4893.2276999999995,4903.59034,4906.181,0.4,59375.4945,58873.656,59124.57525,59375.4945,59626.41375,59776.965299999996,59827.14915,59867.29623,59877.333,0.8,6848.620320987655,3800.975,3911.614,7722.859,9354.974,10102.755,10591.407,11252.0046,11343.239,0,0,0,0,0,2.41665198111563,17043.454055555554,1056.71,4284.84675,9509.590499999998,30854.489,40323.28350000001,42537.9949,55525.160859999945,59877.333,33691.710538461535,18037.104,28042.41975,34966.4835,40014.09975,42542.8906,44893.910599999996,48980.000920000006,51086.458,0.30000000000000004,,,,,,,,,,,,,,,,,,,,,,,,,
tpcc/aurora/tpcc-100-aurora-terminals60-20240619-223111/1-us-east-1-0,1-us-east-1-0,20240619-223111,26788,527,527.0,0,101024,43691.0,44754,4195.0,4140.0,4244.0,128339,63.599999999999994,25.45105725730443,2.821,6.2485,8.618500000000001,23.7955,77.86740000000002,109.33655,163.94769,411.781,100,60,60,50000,0,65.1,6.73383957091776,1.011,2.0335,3.0,5.654999999999999,18.127,29.598999999999965,47.82064000000002,93.613,61.599999999999994,93.18114130434782,30.511,51.619,59.248000000000005,96.12875,186.334,242.16459999999998,458.49012999999786,1586.898,709.3,17.1608095259174,4.599,8.582,10.723500000000001,16.11675,35.4269,51.59424999999995,100.39725000000017,613.712,0,0,0,26788,0,1683.7047085012136,34.35440965282687,1.011,10.138,22.34,41.625,68.15019999999996,105.60914999999991,212.27843000000004,1586.898,48.998423409788536,8.045,25.139,34.585499999999996,53.198,89.14520000000002,134.88145,241.3723399999999,1217.741,727.3,23667.0,3116.0,5.0,0.0,0.0,0.0,3116.0,0.0,0.0,0.0,0.0,23667.0,0.0,0.0,0.0,0.0,5.0,0.0,,,,,,,
tpcc/aurora/tpcc-100-aurora-terminals60-20240619-223111/2-eu-west-1-0,2-eu-west-1-0,20240619-223111,0,1,1.0,0,492,201.0,240,12.0,16.0,23.0,493,0.6,918.0979130434785,562.082,564.028,565.319,1202.8155000000002,1876.8860000000004,1968.5983,2579.193420000001,2750.747,100,60,60,50000,0,0.2,1412.62125,839.314,841.68025,850.1105,1192.11825,3355.2204,3558.0141,3631.14122,3649.423,0.5,15575.709266666667,15476.452,15516.329,15547.006,15617.33,15679.5914,15721.7009,15787.64258,15804.128,3.2,2695.808078947369,1648.537,2005.5639999999999,2018.118,2304.3097500000003,5223.826000000003,5939.039049999998,6278.324519999999,6426.723,0,0,0,0,0,8.199879089639536,6013.045678861789,562.082,2010.2925,4781.0985,8446.174500000001,13699.313100000005,16089.313149999996,24428.310779999978,27255.098,10157.171457711444,4778.774,6853.465,8793.783,11690.243,17096.291,21618.66,26575.946,27255.098,4.8,,,,,,,,,,,,,,,,,,,,,,,,,
tpcc/aurora/tpcc-100-aurora-terminals1-20240619-223111/3-ap-northeast-1-0,3-ap-northeast-1-0,20240619-223111,0,0,,0,1,,1,,,,1,,,,,,,,,,,100,1,60,50000,0,,,,,,,,,,,,,,,,,,,,,0.2,4209.929,4209.929,4209.929,4209.929,4209.929,4209.929,4209.929,4209.929,4209.929,0,0,0,0,0,0.016666518861866344,4209.929,4209.929,4209.929,4209.929,4209.929,4209.929,4209.929,4209.929,4209.929,,,,,,,,,,,,,,,,,,,,,,,,,,,,,,,,,,,
tpcc/aurora/tpcc-100-aurora-terminals1-20240619-223111/1-us-east-1-0,1-us-east-1-0,20240619-223111,0,32,32.0,0,7846,3545.0,3338,338.0,317.0,308.0,7878,5.4,2.356025974025974,1.962,2.23075,2.3285,2.44125,2.5788,2.6626,2.99799,3.518,100,1,60,50000,0,5.5,1.1440207100591715,0.96,1.045,1.081,1.15275,1.3232000000000002,1.4240499999999985,1.9886599999999997,3.003,5.0,21.87729337539432,19.802,20.93,21.363,22.011,24.0346,25.711000000000002,27.381559999999997,32.084,55.0,3.3929331935290596,2.858,3.189,3.296,3.46875,3.699,3.8792999999999993,4.19326,48.727,0,0,0,0,0,130.76539561394475,7.602692649485845,0.96,3.245,4.121,11.679,14.451400000000001,17.0978,22.060959999999998,48.727,11.331055384615384,5.026,9.113,11.334,13.448,14.701600000000001,15.198199999999998,18.254679999999983,30.941,59.8,,,,,,,,,,,,,,,,,,,,,,,,,
tpcc/aurora/tpcc-100-aurora-terminals1-20240619-223111/2-eu-west-1-0,2-eu-west-1-0,20240619-223111,0,0,,0,9,3.0,3,1.0,,2.0,9,0.2,666.653,666.653,666.653,666.653,666.653,666.653,666.653,666.653,666.653,100,1,60,50000,0,0.2,1004.048,1004.048,1004.048,1004.048,1004.048,1004.048,1004.048,1004.048,1004.048,,,,,,,,,,,0.30000000000000004,2747.421333333333,2418.731,2472.031,2525.331,2911.7665,3143.6278,3220.9149,3282.74458,3298.202,0,0,0,0,0,0.14999799295685515,3994.5748750000002,666.653,2065.06025,2911.7665,6379.33975,7317.425799999999,8256.922399999998,9008.51968,9196.419,7347.878,6335.072,6423.6075,6512.143,7854.281,8659.5638,8927.991399999999,9142.733479999999,9196.419,0.2,,,,,,,,,,,,,,,,,,,,,,,,,
tpcc/aurora/tpcc-100-aurora-terminals80-20240619-223111/3-ap-northeast-1-0,3-ap-northeast-1-0,20240619-223111,1,2,2.0,0,249,85.0,135,10.0,3.0,16.0,252,0.4,1992.272125,1024.667,1114.878,2192.173,2523.74575,2908.4745000000003,2968.5967499999997,2982.17535,2985.57,100,80,60,50000,0,0.2,3123.5627,1587.787,1944.9575,3330.311,3879.82225,4061.9373999999993,4609.143699999999,5046.908740000001,5156.35,0.6,53598.456666666665,52692.574,52693.6975,52694.821,54051.398,54865.3442,55136.6596,55353.71192,55407.975,1.4,6253.098932835821,3729.051,3890.43725,4643.2445,8547.93175,9452.5815,9898.2144,10380.343259999996,10486.466,0,0,0,1,0,4.14994501959174,13575.239544,1024.667,3913.38775,8515.394,21403.477000000003,32702.7616,38257.00975,52693.719970000006,59095.226,26804.45147126436,11993.435,20239.509,25683.596,32738.864,38531.3892,40890.880600000004,46940.972420000006,59095.226,0.9,1.0,,,,,,,,0.0,0.0,0.0,1.0,0.0,,,,,,,,,,,,
tpcc/aurora/tpcc-100-aurora-terminals80-20240619-223111/1-us-east-1-0,1-us-east-1-0,20240619-223111,30085,475,475.0,0,94683,40628.0,42278,3952.0,3814.0,4011.0,125243,55.1,38.76372874594864,2.788,12.6785,18.703,36.236000000000004,112.563,144.224,215.10610000000003,498.59,100,80,60,50000,0,62.6,13.254770495951416,0.983,3.227,5.7035,12.89275,38.85150000000001,60.49769999999997,83.84235999999997,116.699,57.7,124.91639931830099,39.25,68.87825000000001,81.3045,128.62574999999998,245.53690000000012,311.48304999999993,625.2722799999985,2462.084,660.3,25.55100955279794,3.784,10.899,14.581,23.067500000000003,58.36259999999997,85.39479999999993,163.30877999999902,2100.701,0,0,0,30085,0,1578.0497552707839,48.38547862325056,0.983,14.1795,29.777,58.709500000000006,95.63340000000001,148.64169999999987,312.76873999999975,4435.309,67.68434192593921,10.494,32.4085,46.102000000000004,71.40549999999999,120.72560000000007,199.99889999999976,363.4424899999998,4435.309,685.7,26744.0,3337.0,4.0,0.0,0.0,0.0,3337.0,0.0,0.0,0.0,0.0,26744.0,0.0,0.0,0.0,0.0,4.0,0.0,,,,,,,
tpcc/aurora/tpcc-100-aurora-terminals80-20240619-223111/2-eu-west-1-0,2-eu-west-1-0,20240619-223111,2,2,2.0,0,702,305.0,316,37.0,15.0,29.0,706,0.4,766.7095517241379,561.269,563.408,565.323,571.703,1384.9744,1651.7185999999992,2119.1318799999995,2246.33,100,80,60,50000,0,0.6,1243.2866216216214,838.645,842.564,847.366,1595.11,2381.0915999999997,2728.9687999999987,3004.1612800000003,3057.163,0.6,18804.00326666667,15504.132,15563.6775,15716.667,20417.5405,27532.6154,28454.1014,29775.42588,30105.757,6.300000000000001,2476.0083466666665,1663.378,2006.4702499999999,2019.616,2283.3965,4312.118700000001,4955.990800000001,5810.822259999999,6164.353,0,0,0,2,0,11.69980108466188,5725.095001422475,561.269,2010.579,4307.975,8345.86,12341.592600000022,15616.2754,21814.06768,30105.757,9502.488362745098,4764.945,6480.0635,8428.347,11051.3275,14768.332999999999,18611.7575,21930.74585,23309.433,7.4,2.0,,,,,,,,0.0,0.0,0.0,2.0,0.0,,,,,,,,,,,,
tpcc/aurora/tpcc-100-aurora-terminals20-20240619-223111/3-ap-northeast-1-0,3-ap-northeast-1-0,20240619-223111,0,1,1.0,0,38,15.0,19,4.0,,,39,,,,,,,,,,,100,20,60,50000,0,0.4,3069.10025,1568.248,1578.16075,2968.0665,4459.005999999999,4646.8144,4709.4172,4759.4994400000005,4772.02,,,,,,,,,,,0.30000000000000004,5757.794789473684,3828.891,3890.316,4014.141,4374.8515,11937.5234,12772.6225,13085.4013,13163.596,0,0,0,0,0,0.6333301453499363,20395.894512820512,1568.248,3996.76,11673.69,39811.247,48805.86400000001,51909.813,53725.12562,53765.539,42110.336500000005,20968.827,34446.595,46621.5025,48870.614,52687.313,53685.77575,53749.58635,53765.539,1.6,,,,,,,,,,,,,,,,,,,,,,,,,
tpcc/aurora/tpcc-100-aurora-terminals20-20240619-223111/1-us-east-1-0,1-us-east-1-0,20240619-223111,4771,377,377.0,0,86549,38706.0,37390,3459.0,3515.0,3479.0,91697,59.2,6.909873526875539,2.267,3.2405,3.776,6.6045,16.22200000000002,22.900399999999998,37.6283399999999,94.054,100,20,60,50000,0,60.099999999999994,1.6915880312228966,0.908,1.209,1.354,1.658,2.291800000000001,3.243799999999993,6.582140000000009,80.107,60.3,36.69336870554765,22.243,27.24,30.451,39.7445,59.187799999999996,68.9019,90.88862000000006,136.825,631.5,7.1153841473178545,3.309,4.634,5.371,7.78275,11.301199999999998,14.194549999999996,24.000339999999966,241.527,0,0,0,4771,0,1442.4670402834554,13.761682464074195,0.908,5.095,11.052,18.319,27.32,33.743849999999995,58.331250000000104,241.527,19.73428724517133,6.17,13.563,17.37,22.457,30.806600000000003,37.2864,58.862840000000034,165.555,675.9,4019.0,750.0,2.0,0.0,0.0,0.0,750.0,0.0,0.0,0.0,0.0,4019.0,0.0,0.0,0.0,0.0,2.0,0.0,,,,,,,
tpcc/aurora/tpcc-100-aurora-terminals20-20240619-223111/2-eu-west-1-0,2-eu-west-1-0,20240619-223111,0,2,2.0,0,143,67.0,61,7.0,2.0,6.0,145,0.2,608.122,563.29,564.49675,566.0595000000001,574.05875,694.573,753.5975,800.8171,812.622,100,20,60,50000,0,0.2,2155.744857142857,841.005,846.1135,854.072,3216.027,4557.444600000001,4914.150299999999,5199.514859999999,5270.856,0.2,20662.982,15680.706,18171.844,20662.982,23154.120000000003,24648.8028,25147.0304,25545.61248,25645.258,1.0,2985.217491803279,1995.424,2005.203,2015.659,2071.239,7745.127,8724.649,11167.942999999996,12780.59,0,0,0,0,0,2.3833005095256743,6118.883779310345,563.29,2014.581,5290.274,8469.011,10615.9448,14875.929399999986,26546.051600000003,27412.231,9348.912623188406,4818.49,6108.883,8239.463,10021.897,13989.080600000001,23200.135399999996,27304.510159999998,27412.231,2.0,,,,,,,,,,,,,,,,,,,,,,,,,
tpcc/aurora/tpcc-10-aurora-terminals80-20240619-220550/3-ap-northeast-1-0,3-ap-northeast-1-0,20240619-220550,154,0,,0,178,80.0,71,15.0,1.0,11.0,332,0.4,1913.548363636364,1039.432,1059.478,1108.516,2787.6175,3360.641,3602.367,3795.7478,3844.093,10,80,60,50000,0,0.4,2544.5599285714284,1524.458,1564.1284999999998,2130.3915,3608.3712499999997,3800.5597000000002,3966.69895,4179.69979,4232.95,0.2,42450.817,42450.817,42450.817,42450.817,42450.817,42450.817,42450.817,42450.817,42450.817,1.2,11559.6349,3691.413,6833.21075,10299.9435,15604.1615,21261.665500000006,24884.906349999997,25442.85712,25573.45,0,0,0,154,0,2.9666603844666364,16631.5240097561,1049.401,7010.29,14723.007,24935.995,33487.3178,37407.96279999999,42374.730920000016,47501.351,26942.68345,12940.901,18989.45575,27916.028,33357.382750000004,38341.408200000005,39013.30835,43994.38378999997,47501.351,0.7,6.0,145.0,3.0,0.0,0.0,0.0,145.0,0.0,0.0,0.0,0.0,6.0,0.0,0.0,0.0,0.0,3.0,0.0,,,,,,,
tpcc/aurora/tpcc-10-aurora-terminals80-20240619-220550/1-us-east-1-0,1-us-east-1-0,20240619-220550,174079,239,239.0,0,63579,20290.0,30057,4342.0,4424.0,4466.0,237897,63.0,20.021645572450804,2.276,6.078749999999999,8.5555,15.77525,59.5614,82.49449999999993,125.27586999999998,273.755,10,80,60,50000,0,63.7,9.382359972362966,1.027,2.6205000000000003,4.157,8.151,27.332900000000002,39.09795,60.63021000000006,107.328,70.1,56.59876029216467,7.358,29.2025,45.175,69.1305,107.99860000000001,140.08974999999998,231.27995999999996,424.832,721.9,36.516613016392746,3.012,13.705,25.398,37.196,84.7826,125.0518,187.49832000000004,366.883,0,0,0,174079,0,1059.6391401293265,44.58434256077918,3.626,19.02,30.479,48.968,99.49440000000001,143.3894,222.51779999999988,6431.414,54.91919759439645,7.81,26.322,37.49,57.048,120.00080000000001,166.91479999999999,248.86707999999993,6431.414,738.2,102463.0,69530.0,1834.0,0.0,0.0,0.0,69530.0,0.0,0.0,0.0,0.0,102463.0,0.0,0.0,0.0,0.0,1834.0,0.0,252.0,0.0,0.0,0.0,252.0,0.0,
tpcc/aurora/tpcc-10-aurora-terminals80-20240619-220550/2-eu-west-1-0,2-eu-west-1-0,20240619-220550,365,1,1.0,0,493,232.0,184,29.0,23.0,25.0,859,0.5,880.0549599999999,561.378,563.339,566.134,965.514,1643.5220000000002,1874.6087999999993,2684.1213999999977,2925.595,10,80,60,50000,0,0.4,1458.0238620689659,839.948,847.878,857.051,2274.435,3328.0206,3498.9275999999995,3610.4903999999997,3628.794,0.7,10391.375260869565,2006.085,5150.21,9571.559,14645.505000000001,18025.9746,22210.289599999993,34989.28816000002,38480.99,4.2,4500.006400000001,1438.598,2011.172,4190.009,5948.636,6513.875399999999,9632.189399999987,16175.34298,17426.416,0,0,0,365,0,8.216527876501331,6893.725633628319,561.378,2309.163,6069.712,9414.204,12962.525000000001,16865.037,25196.9666,38480.99,10489.989931330472,4773.16,7401.427,9351.185,11893.613,17766.487400000013,21393.75639999999,25592.61508,27403.875,5.4,22.0,332.0,11.0,0.0,0.0,0.0,332.0,0.0,0.0,0.0,0.0,22.0,0.0,0.0,0.0,0.0,11.0,0.0,,,,,,,
tpcc/aurora/tpcc-10-aurora-terminals20-20240619-220550/3-ap-northeast-1-0,3-ap-northeast-1-0,20240619-220550,8,0,,0,41,18.0,16,6.0,,1.0,49,0.2,3811.383,3811.383,3811.383,3811.383,3811.383,3811.383,3811.383,3811.383,3811.383,10,20,60,50000,0,0.2,2782.9998333333333,1547.674,1566.412,1616.8004999999998,4088.063,5175.246,5315.2685,5427.2865,5455.291,,,,,,,,,,,0.30000000000000004,9679.02094117647,3775.43,4327.699,10914.326,11300.059,14836.6664,17579.3104,17774.78048,17823.648,0,0,0,8,0,0.6833329274677411,16661.135365853657,1547.674,4895.201,13046.48,27517.812,38357.595,38395.889,42016.0998,44162.129,29297.283058823527,14467.571,20706.04,30644.408,38357.595,38556.3558,39870.07059999999,43303.717319999996,44162.129,0.2,1.0,7.0,,0.0,0.0,0.0,7.0,0.0,0.0,0.0,0.0,1.0,0.0,,,,,,,,,,,,
tpcc/aurora/tpcc-10-aurora-terminals20-20240619-220550/1-us-east-1-0,1-us-east-1-0,20240619-220550,24304,362,362.0,0,75674,33356.0,32797,3208.0,3180.0,3133.0,100340,52.3,6.382481008617939,2.161,3.149,3.732,6.571,13.293400000000005,18.910599999999985,34.24223999999983,87.375,10,20,60,50000,0,53.8,1.677068578553616,0.942,1.22,1.384,1.69725,2.2366000000000006,3.08919999999999,7.213019999999982,18.562,54.6,28.651195221628416,12.349,17.192,26.425,32.893,46.073,56.683,83.89379999999977,264.443,554.2,8.8531097936922,1.872,4.667,5.782,10.423,15.8235,21.5225,40.7586,162.998,0,0,0,24304,0,1261.2209603142853,15.22295417259244,0.942,5.296,12.406,19.808,29.777800000000017,37.942449999999994,64.79939000000006,2964.255,22.086325243813068,5.436,14.028,18.496,25.487,35.5936,45.05445000000001,75.05411000000018,2964.255,590.8,15295.0,8675.0,278.0,0.0,0.0,0.0,8675.0,0.0,0.0,0.0,0.0,15295.0,0.0,0.0,0.0,0.0,278.0,0.0,56.0,0.0,0.0,0.0,56.0,0.0,
tpcc/aurora/tpcc-10-aurora-terminals20-20240619-220550/2-eu-west-1-0,2-eu-west-1-0,20240619-220550,17,0,,0,152,62.0,71,10.0,4.0,5.0,169,0.2,1489.5764,566.01,567.517,2018.834,2022.846,2172.7434000000003,2222.7092000000002,2262.68184,2272.675,10,20,60,50000,0,0.2,1289.0531999999998,746.123,842.08775,851.21,1410.14525,2348.5199,2781.9009499999993,3128.6057900000005,3215.282,0.2,14871.279750000002,9481.711,9507.901749999999,12515.6365,17879.014499999997,22134.8868,23553.510899999994,24688.410179999995,24972.135,1.4,3290.5464722222223,1462.838,2005.086,2018.528,4177.16575,7067.0589,7951.8372,9410.651230000025,12179.997,0,0,0,17,0,2.533301569827152,6047.094437908497,566.01,2014.019,5293.082,8435.44,11641.690800000008,15492.6144,23447.139919999983,24972.135,9813.912419354838,4769.214,7013.25875,8681.758000000002,10552.60325,15349.4417,18949.655049999998,23300.687060000004,24293.312,1.6,2.0,14.0,1.0,0.0,0.0,0.0,14.0,0.0,0.0,0.0,0.0,2.0,0.0,0.0,0.0,0.0,1.0,0.0,,,,,,,
tpcc/aurora/tpcc-100-aurora-terminals10-20240619-223111/3-ap-northeast-1-0,3-ap-northeast-1-0,20240619-223111,0,0,,0,15,5.0,10,,,,15,,,,,,,,,,,100,10,60,50000,0,,,,,,,,,,,,,,,,,,,,,0.30000000000000004,13069.683499999997,8294.139,8478.6125,10187.9635,17804.1495,19595.9314,21318.042699999995,22695.73174,23040.154,0,0,0,0,0,0.24999626447248416,24552.972666666665,8294.139,9024.199499999999,18525.415,39778.7555,51521.8796,53334.9208,55026.83536,55449.814,51622.663499999995,48450.41,49734.0215,51295.215,53183.857,54543.4312,54996.622599999995,55359.17572,55449.814,0.5,,,,,,,,,,,,,,,,,,,,,,,,,
tpcc/aurora/tpcc-100-aurora-terminals10-20240619-223111/1-us-east-1-0,1-us-east-1-0,20240619-223111,925,251,251.0,0,61325,27301.0,26670,2487.0,2406.0,2461.0,62501,42.0,3.5878130841121494,2.012,2.799,3.181,3.816,4.836,5.923,9.814800000000021,26.56,100,10,60,50000,0,40.6,1.2486485725774026,0.818,1.049,1.137,1.3014999999999999,1.595,1.8417,2.709299999999994,17.39,41.099999999999994,26.099092269326682,19.583,23.20875,25.079,27.79325,31.128,33.57575,42.37024999999999,85.16,462.5,4.837375670103092,2.914,3.84,4.344,5.175,6.3342000000000045,7.469799999999996,11.597859999999983,95.571,0,0,0,925,0,1022.0727965804589,9.732920051956487,0.818,4.12725,7.769,14.165,18.661,22.846549999999997,29.78211,96.033,14.360594649533557,5.881,11.093,13.799,16.651,19.600400000000004,22.006799999999995,29.008080000000003,96.033,474.8,797.0,128.0,,0.0,0.0,0.0,128.0,0.0,0.0,0.0,0.0,797.0,0.0,,,,,,,,,,,,
tpcc/aurora/tpcc-100-aurora-terminals10-20240619-223111/2-eu-west-1-0,2-eu-west-1-0,20240619-223111,0,1,1.0,0,69,36.0,26,2.0,1.0,4.0,70,0.2,563.3305,561.261,562.6312499999999,563.285,563.98425,564.8883,565.18965,565.43073,565.491,100,10,60,50000,0,0.2,844.836,843.039,843.9375,844.836,845.7345,846.2736,846.4533,846.59706,846.633,0.2,15555.039,15555.039,15555.039,15555.039,15555.039,15555.039,15555.039,15555.039,15555.039,0.4,2868.2325000000005,1999.517,2010.8542499999999,2015.4665,2285.262,6438.3575,7004.38725,7079.0199999999995,7087.936,0,0,0,0,0,1.149994616146872,6553.850128571429,561.261,2015.397,6161.4015,8693.82625,10623.537900000003,18394.500499999995,25860.556000000008,27784.759,9856.687324324324,4776.494,7023.939,8357.932,9809.109,18097.828999999998,20601.778199999975,26780.827,27784.759,1.0,,,,,,,,,,,,,,,,,,,,,,,,,
tpcc/aurora/tpcc-10-aurora-terminals40-20240619-220550/3-ap-northeast-1-0,3-ap-northeast-1-0,20240619-220550,23,1,1.0,0,93,43.0,31,7.0,5.0,7.0,117,0.2,2565.3113333333336,2051.91,2211.16775,2401.143,2587.4995,3164.0355,3452.1232499999996,3682.59345,3740.211,10,40,60,50000,0,0.2,3396.282428571429,1547.208,2109.608,4027.882,4560.860500000001,4731.9908,4794.9704,4845.35408,4857.95,0.5,28737.1952,7853.931,20349.835,28609.078,41464.26,43831.027200000004,44619.9496,45251.08752,45408.872,0.2,8178.8835,3770.999,3937.522,7954.445,8898.70775,14328.322400000005,18681.739199999996,24582.182570000004,25716.799,0,0,0,23,0,1.5499907340520591,19251.91472631579,1045.402,4620.609,16094.154,30208.908499999998,39993.2488,45114.263,49739.81654000001,51370.067,31438.87281818182,14080.788,22297.29575,30208.908499999998,39074.2715,44536.38770000001,47941.15285,50624.314130000006,51370.067,0.4,6.0,16.0,1.0,0.0,0.0,0.0,16.0,0.0,0.0,0.0,0.0,6.0,0.0,0.0,0.0,0.0,1.0,0.0,,,,,,,
tpcc/aurora/tpcc-10-aurora-terminals40-20240619-220550/1-us-east-1-0,1-us-east-1-0,20240619-220550,86765,357,357.0,1,74907,29854.0,33974,3726.0,3705.0,3648.0,162030,52.900000000000006,11.350253074610547,2.425,3.634,4.505,11.885000000000002,32.2426,41.722699999999996,67.71182000000003,140.124,10,40,60,50000,0,55.2,2.957461889425658,1.011,1.51425,1.8585,2.6285,5.4350000000000005,9.742,18.6265,34.341,56.7,37.94101557465091,7.245,19.342,30.0245,44.73425,74.41720000000001,95.01570000000001,148.15645999999998,334.179,580.7,18.6114540793357,1.749,6.94225,11.8665,20.805,40.20590000000001,60.23279999999998,101.2973400000002,199.062,0,0,0,86765,1,1248.4381190929887,25.856928181504337,1.011,9.093,18.882,31.78,55.00480000000002,78.37859999999998,125.11526999999998,2214.771,35.09792675120919,5.495,18.649,26.499,40.125,69.46360000000001,93.60139999999984,138.66476000000017,2214.771,600.2,53160.0,32601.0,773.0,0.0,0.0,0.0,32601.0,0.0,0.0,0.0,0.0,53160.0,1.0,0.0,0.0,0.0,773.0,0.0,231.0,0.0,0.0,0.0,231.0,0.0,1.0
tpcc/aurora/tpcc-10-aurora-terminals40-20240619-220550/2-eu-west-1-0,2-eu-west-1-0,20240619-220550,85,1,1.0,0,304,123.0,135,12.0,12.0,22.0,390,0.4,811.1909545454546,561.203,563.6075000000001,566.8254999999999,925.00225,1517.4656,1590.53835,1696.29479,1723.385,10,40,60,50000,0,0.4,1415.5741666666665,821.746,841.1610000000001,850.854,2067.5025,2703.9942,2911.1686499999996,3083.8937300000002,3127.075,0.30000000000000004,14292.771083333333,3875.143,9436.21175,9476.0705,20662.73875,23955.7924,26108.999149999996,28015.548630000005,28492.186,2.2,3594.753573426574,1445.841,2005.838,2032.122,5079.8525,6442.492799999999,7888.009800000002,14339.625040000066,16661.538,0,0,0,85,0,5.06659198915402,6245.56617571885,561.203,2010.029,5454.0,9178.063,12013.555600000002,16778.921999999995,23351.413719999997,28492.186,9955.371838709678,4768.568,7022.3865000000005,9182.403,11166.46,15962.602400000002,18399.608499999995,23303.396629999996,23771.766,3.2,6.0,75.0,4.0,0.0,0.0,0.0,75.0,0.0,0.0,0.0,0.0,6.0,0.0,0.0,0.0,0.0,4.0,0.0,,,,,,,
tpcc/aurora/tpcc-10-aurora-terminals60-20240619-220550/3-ap-northeast-1-0,3-ap-northeast-1-0,20240619-220550,86,1,1.0,0,134,58.0,65,3.0,3.0,5.0,221,0.2,2012.0845,1747.397,1748.3000000000002,1965.1535000000001,2228.938,2313.9556000000002,2342.2948,2364.96616,2370.634,10,60,60,50000,0,0.2,2832.1696666666667,1511.588,2385.0085,3258.429,3492.4605,3632.8794000000003,3679.6857,3717.13074,3726.492,0.6,34763.334,4089.883,26214.641,48339.399,50100.0595,51156.4558,51508.5879,51790.29358,51860.72,0.8,9965.600419753086,3715.43,6291.842,8807.69,11718.198,18005.78,25028.411,27559.770800000002,27923.986,0,0,0,86,0,2.233309363745038,16713.979711409396,1511.588,7932.136,12132.348,25945.618,32862.1534,38769.62479999999,45652.01724000005,51860.72,26936.801620689654,11834.775,21329.58,27825.695,32464.60325,38420.87240000001,39910.051349999994,41603.06276,42740.687,1.0,7.0,79.0,,0.0,0.0,0.0,79.0,0.0,0.0,0.0,0.0,7.0,0.0,,,,,,,,,,,,
tpcc/aurora/tpcc-10-aurora-terminals60-20240619-220550/1-us-east-1-0,1-us-east-1-0,20240619-220550,142101,295,295.0,1,68471,23908.0,32116,4143.0,4097.0,4207.0,210868,60.8,15.233371889073238,2.205,4.503,6.013,12.2785,45.61220000000001,63.01409999999999,97.26763999999966,215.627,10,60,60,50000,0,59.6,5.7647967656287715,1.073,1.934,2.675,4.877,16.19120000000001,23.702499999999993,38.0361,64.91,54.099999999999994,46.794998310403095,5.821,23.395,36.969,55.7855,93.0686,119.82969999999997,191.12037999999947,486.386,622.1,27.42279107391285,1.886,9.73225,19.297,29.3095,62.382999999999996,93.33625,137.02619999999996,257.07,0,0,0,142101,1,1141.1758788111206,35.12599840678728,1.983,13.904,24.428,40.539,78.6142,112.43219999999994,170.34031999999996,3713.529,45.14800785871583,6.04,21.92725,31.8705,49.27875,98.74630000000006,134.0102,190.12770000000015,3713.529,654.5,85017.0,55576.0,1215.0,0.0,0.0,0.0,55576.0,0.0,0.0,0.0,0.0,85017.0,1.0,0.0,0.0,0.0,1215.0,0.0,293.0,0.0,0.0,0.0,293.0,0.0,1.0
tpcc/aurora/tpcc-10-aurora-terminals60-20240619-220550/2-eu-west-1-0,2-eu-west-1-0,20240619-220550,218,1,1.0,0,424,180.0,174,23.0,19.0,28.0,643,0.6,717.0098571428572,559.267,562.58325,565.377,569.95275,775.4959000000005,1861.6218999999987,2424.09364,2503.6,10,60,60,50000,0,0.6,1346.7775217391306,839.694,845.702,856.022,1184.432,3024.2062,3477.4465999999993,3533.29404,3534.981,0.7,10211.122473684212,2013.793,5715.3605,10656.42,14867.0965,20686.2612,21121.7934,21917.93628,22116.972,3.8,4397.343306603773,1552.143,2011.33475,3675.1005,5597.22675,9230.2529,11036.598799999998,15617.24791999997,15990.077,0,0,0,218,0,7.066638373024394,6368.520701298701,559.267,2017.11425,5662.0419999999995,9222.46575,12490.345700000013,15665.406449999999,21562.490539999988,24547.387,9805.312761111112,4783.728,7190.3135,8799.471,10593.121,15509.066,18019.941549999996,23040.2922,24547.387,4.2,9.0,203.0,6.0,0.0,0.0,0.0,203.0,0.0,0.0,0.0,0.0,9.0,0.0,0.0,0.0,0.0,6.0,0.0,,,,,,,
tpcc/aurora/tpcc-10-aurora-terminals1-20240619-220550/3-ap-northeast-1-0,3-ap-northeast-1-0,20240619-220550,0,0,,0,2,1.0,1,,,,2,,,,,,,,,,,10,1,60,50000,0,,,,,,,,,,,,,,,,,,,,,0.2,5860.822,5860.822,5860.822,5860.822,5860.822,5860.822,5860.822,5860.822,5860.822,0,0,0,0,0,0.03333292815492515,25078.9125,5860.822,15469.86725,25078.9125,34687.95775,40453.3849,42375.19394999999,43912.641189999995,44297.003,44297.003,44297.003,44297.003,44297.003,44297.003,44297.003,44297.003,44297.003,44297.003,0.2,,,,,,,,,,,,,,,,,,,,,,,,,
tpcc/aurora/tpcc-10-aurora-terminals1-20240619-220550/1-us-east-1-0,1-us-east-1-0,20240619-220550,0,37,37.0,0,8360,3689.0,3657,319.0,335.0,360.0,8397,6.2,2.1046155988857937,1.775,1.9860000000000002,2.085,2.199,2.3085999999999998,2.4594,2.6132200000000005,2.927,10,1,60,50000,0,5.1,1.1183949843260188,0.916,1.009,1.048,1.0915,1.215,1.3974999999999993,1.9674,10.233,5.5,20.69594011976048,19.249,20.18275,20.477,20.8905,21.4432,21.899449999999998,24.209110000000006,41.352,60.400000000000006,3.229918785890074,2.761,3.077,3.183,3.317,3.4894000000000003,3.607,3.9415200000000006,16.413,0,0,0,0,0,139.3319272884111,7.137309909480705,0.916,3.139,3.6769999999999996,10.976750000000001,13.7295,14.934000000000001,20.907,41.352,10.755579060402686,5.553,8.701,10.679,12.787,14.0648,14.487799999999998,15.67576,33.163,61.599999999999994,,,,,,,,,,,,,,,,,,,,,,,,,
tpcc/aurora/tpcc-10-aurora-terminals1-20240619-220550/2-eu-west-1-0,2-eu-west-1-0,20240619-220550,0,0,,0,5,3.0,1,1.0,,,5,,,,,,,,,,,10,1,60,50000,0,0.2,907.641,907.641,907.641,907.641,907.641,907.641,907.641,907.641,907.641,,,,,,,,,,,0.2,2017.368,2017.368,2017.368,2017.368,2017.368,2017.368,2017.368,2017.368,2017.368,0,0,0,0,0,0.08333255996689944,10237.5065,907.641,1739.93625,6343.896000000001,14841.466250000001,22349.342300000004,24851.967649999995,26854.067929999997,27354.593,19012.5085,10670.424,14841.466250000001,19012.5085,23183.550750000002,25686.1761,26520.38455,27187.75131,27354.593,0.2,,,,,,,,,,,,,,,,,,,,,,,,,
