path,region,suffix,rejected,rejected.NewOrder,rejected.Payment,aborted,aborted.NewOrder,unexpected,completed,completed.NewOrder,completed.Payment,completed.OrderStatus,completed.Delivery,completed.StockLevel,total,throughput.NewOrder,avg.NewOrder,p0.NewOrder,p25.NewOrder,p50.NewOrder,p75.NewOrder,p90.NewOrder,p95.NewOrder,p99.NewOrder,p100.NewOrder,scalefactor,terminals,time,rate,warmup,throughput.StockLevel,avg.StockLevel,p0.StockLevel,p25.StockLevel,p50.StockLevel,p75.StockLevel,p90.StockLevel,p95.StockLevel,p99.StockLevel,p100.StockLevel,throughput,avg,p0,p25,p50,p75,p90,p95,p99,p100,throughput.Payment,avg.Payment,p0.Payment,p25.Payment,p50.Payment,p75.Payment,p90.Payment,p95.Payment,p99.Payment,p100.Payment,throughput.Delivery,avg.Delivery,p0.Delivery,p25.Delivery,p50.Delivery,p75.Delivery,p90.Delivery,p95.Delivery,p99.Delivery,p100.Delivery,avg.OrderStatus,p0.OrderStatus,p25.OrderStatus,p50.OrderStatus,p75.OrderStatus,p90.OrderStatus,p95.OrderStatus,p99.OrderStatus,p100.OrderStatus,throughput.OrderStatus,rejected.Delivery,rejected.StockLevel,unexpected.NewOrder
tpcc/aurora/tpcc-100-aurora-terminals20-20240128-163254/1-us-east-1,1-us-east-1,20240128-163254,4409,3821.0,588.0,447,447.0,0,101643,45398,43907,4038,4174,4126,106499,769.0,15.99790244486014,3.657,12.042,14.885,18.27975,22.451700000000006,26.544099999999993,38.581909999999894,319.283,100,20,60,50000,0,68.3,8.04611754726127,2.006,4.011,4.916,6.3065,8.006499999999999,9.90925,119.34525,403.212,1694.05,11.727068821515891,0.52,5.562,9.324,15.454,21.267,28.05,40.22803999999998,403.212,737.8,6.330332567189314,2.604,4.992,5.763,6.88,8.655800000000003,10.238900000000003,16.487740000000006,61.329,68.7,33.248988006716246,16.64,28.011,32.084,36.883,42.0426,46.14079999999999,59.887599999999935,165.172,3.372487369985141,0.52,1.4095,3.229,4.34675,5.5696,6.860599999999999,12.051030000000008,50.46,68.4,,,
tpcc/aurora/tpcc-100-aurora-terminals20-20240128-163254/3-us-west-1,3-us-west-1,20240128-163254,261,56.0,203.0,6,6.0,0,1047,499,427,49,35,37,1314,8.3,1783.4295112016296,986.864,1413.254,1748.792,2148.1865,2428.679,2465.9685,2659.7177,3571.68,100,20,60,50000,0,0.8,382.13617142857134,26.81,301.308,396.092,478.12199999999996,558.409,602.3125999999999,677.2204999999998,697.544,17.45,1140.6786340755082,1.788,379.698,1095.658,1889.916,2281.7259999999997,2478.8362,2670.39252,3571.68,7.199999999999999,470.43781323877073,365.128,373.9465,387.595,559.108,564.8104,613.7244000000001,726.17372,737.64,0.6,2634.9210294117647,2538.596,2569.97175,2608.0919999999996,2653.56,2734.8992000000003,2837.9556,2961.98245,2977.636,14.415562500000002,7.646,11.80475,13.181999999999999,15.07075,21.050500000000003,23.543699999999994,28.778680000000005,30.497,0.8,2.0,,
tpcc/aurora/tpcc-100-aurora-terminals20-20240128-163254/2-us-east-2,2-us-east-2,20240128-163254,1540,260.0,1267.0,21,21.0,0,5768,2513,2489,258,240,268,7329,41.8,336.29678713264497,183.22,267.1435,332.549,403.32725,449.04789999999997,466.40545,495.19679,696.336,100,20,60,50000,0,3.7,10.24970895522388,1.351,5.635,8.8565,13.95925,18.4511,22.086699999999997,28.520089999999982,37.907,96.13333333333334,207.3094939320388,0.676,73.93625,115.1815,343.48650000000004,435.1641,474.1189499999999,507.80483,696.336,41.1,90.84787288817377,66.246,72.201,101.18350000000001,106.59275,110.74350000000001,115.32725,123.58395000000002,202.337,3.9,497.1343781512606,462.628,482.17025,489.359,502.36175000000003,521.0092,556.4108,628.5307499999999,682.896,8.57503375527426,1.715,6.515,7.686,9.396,12.5938,17.30799999999999,22.86712,39.517,4.4,13.0,,
tpcc/aurora/tpcc-1-aurora-terminals80-20240128-161052/1-us-east-1,1-us-east-1,20240128-161052,138988,51597.0,84263.0,228,228.0,2,25483,16776,1132,2727,2179,2669,164701,490.5,33.700447113966376,2.24,16.335,29.166,43.762,57.9716,67.079,91.27239999999992,1317.167,1,80,60,50000,0,45.3,10.78988722367928,1.952,4.996,8.944,14.707,20.63160000000001,24.177999999999997,32.227360000000076,57.968,424.71666666666664,70.98958347024261,0.001,20.4775,45.183,101.0375,154.03560000000002,186.53139999999996,327.1028200000009,1317.167,470.4,126.33337560453226,3.234,73.995,111.5245,150.22899999999998,191.827,226.79214999999988,715.8962099999958,1166.541,43.8,28.342798523985245,0.001,13.233,24.977,40.45975,56.37319999999999,64.45924999999995,85.5385799999999,258.286,1.978928126145948,0.462,1.0565,1.435,2.2125,3.8396000000000003,5.137699999999998,8.120479999999977,23.771,45.2,3000.0,128.0,2.0
tpcc/aurora/tpcc-1-aurora-terminals80-20240128-161052/3-us-west-1,3-us-west-1,20240128-161052,1699,619.0,1056.0,1,1.0,0,352,252,7,34,26,33,2052,5.8,3472.9529747899155,1094.961,2339.468,3418.897,4435.985,5468.4168,6065.4542,7014.576,7958.957,1,80,60,50000,0,0.4,3.161909090909091,1.617,2.392,2.852,3.203,5.050600000000001,6.0264,7.32048,7.812,5.866666666666666,5753.393934296978,0.014,2482.076,4624.995,9138.244,12165.518,13048.448,14702.610400000001,15220.56,5.4,10050.078869281044,3339.908,8337.12725,9984.349,12150.798999999999,13290.113,14081.99325,14988.64235,15220.56,0.4,2086.6259,0.014,1223.1225,2215.27,2768.02475,3497.0578,4096.586449999997,4690.79547,4749.856,2.675176470588235,0.934,1.77075,2.1959999999999997,2.77625,3.8089,6.780199999999998,8.565070000000002,9.133,0.6,24.0,,
tpcc/aurora/tpcc-1-aurora-terminals80-20240128-161052/2-us-east-2,2-us-east-2,20240128-161052,12331,4686.0,7287.0,16,16.0,0,2039,1340,51,224,167,257,14386,40.9,502.4195987878788,96.207,344.773,463.918,627.1600000000001,796.3817999999997,897.5340999999999,1153.543379999996,1836.257,1,80,60,50000,0,4.2,2.1750817120622568,1.293,1.742,1.959,2.409,2.9240000000000004,3.0993999999999997,3.976319999999999,14.687,33.983333333333334,850.924084724689,0.003,358.49649999999997,627.1600000000001,1333.557,1859.3477000000003,2103.9745500000004,2483.9977300000005,2968.331,40.599999999999994,1419.223674599918,73.469,1035.607,1453.849,1824.257,2141.3094,2314.3363999999997,2608.1523999999995,2968.331,4.1,369.75090717299577,0.003,193.401,370.351,489.893,673.239,780.6771999999999,1111.7314,1115.618,1.6787232142857142,0.739,1.1007500000000001,1.4064999999999999,1.8035,2.2614,2.8628,11.191450000000106,15.164,3.5,358.0,,
tpcc/aurora/tpcc-1-aurora-terminals1-20240128-155020/1-us-east-1,1-us-east-1,20240128-155020,0,,,50,50.0,0,13338,5985,5718,543,546,546,13388,100.0,6.408356977129599,2.351,5.01325,6.149,7.236,8.397,9.942999999999989,14.38435,22.563,1,1,60,50000,0,9.4,1.6878699633699634,1.32,1.561,1.6555,1.786,1.935,2.0335,2.3885999999999976,3.538,222.3,4.475960932247703,0.394,2.177,3.389,6.278,7.9974,10.978,14.024719999999972,23.514,95.6,2.329389471843302,1.844,2.117,2.221,2.377,2.8169000000000004,3.0811499999999996,3.7989399999999987,11.41,9.3,12.244421245421245,10.266,11.1095,11.536,12.320250000000001,14.537500000000001,17.643,20.29825,23.514,0.5988637200736648,0.394,0.4835,0.523,0.576,0.7840000000000001,1.0076999999999998,1.3564600000000016,13.981,9.1,,,
tpcc/aurora/tpcc-1-aurora-terminals1-20240128-155020/3-us-west-1,3-us-west-1,20240128-155020,23,4.0,19.0,0,,0,66,25,33,3,1,4,89,0.4,1699.3546666666668,1097.336,1402.35575,1648.1774999999998,1950.0415,2219.0065,2255.2346000000002,2257.78965,2258.536,1,1,60,50000,0,0.2,5.0265,1.745,1.8845,2.1445,5.2865,10.557800000000002,12.314899999999994,13.720579999999996,14.072,1.1,909.8455846153847,1.736,367.61,551.047,1584.941,1950.878,2230.9759999999997,2375.46256,2583.332,0.6,477.0658484848485,366.522,367.275,549.444,550.803,552.0178,579.7277999999999,611.15804,611.311,0.2,2583.332,2583.332,2583.332,2583.332,2583.332,2583.332,2583.332,2583.332,2583.332,2.9466666666666668,1.736,2.018,2.3,3.552,4.3032,4.5536,4.75392,4.804,0.2,,,
tpcc/aurora/tpcc-1-aurora-terminals1-20240128-155020/2-us-east-2,2-us-east-2,20240128-155020,83,9.0,74.0,2,2.0,0,288,128,128,13,13,6,373,2.2,327.80765625000004,202.194,258.747,335.9755,391.65425,428.6354999999999,447.83655,455.44639000000006,482.325,1,1,60,50000,0,0.2,3.569666666666667,1.517,1.70375,1.8014999999999999,1.9525000000000001,7.3075,9.96575,12.092350000000003,12.624,4.8,206.1650207612457,1.058,70.635,114.054,347.797,415.1096,454.41379999999975,474.83812,491.638,2.1,88.44523255813955,67.841,68.785,101.548,102.211,103.8432,113.6412,129.16863999999998,135.925,0.2,474.52307692307687,470.838,472.563,472.623,474.502,475.2978,481.91499999999996,489.69339999999994,491.638,1.742923076923077,1.058,1.182,1.507,1.812,2.0778000000000003,3.299199999999996,4.699839999999997,5.05,0.2,,,
tpcc/aurora/tpcc-100-aurora-terminals100-20240128-163254/1-us-east-1,1-us-east-1,20240128-163254,15614,13201.0,2384.0,348,348.0,0,69374,30375,30483,2877,2817,2822,85336,520.3,108.67139266851109,11.531,57.71175,78.452,122.04775,180.67789999999997,226.02684999999994,698.3655400000018,2571.394,100,100,60,50000,0,45.8,96.04758146964856,6.185,58.588,77.868,108.641,162.478,215.25559999999973,395.71196000000043,1424.94,1156.2333333333333,83.98700260145681,1.121,36.56175,56.796499999999995,91.11525,153.7554,204.42759999999967,617.9207199999969,3025.795,510.0,43.31312047254317,4.55,23.3745,39.69,53.32125,67.81389999999999,85.54929999999996,148.95864999999995,2017.23,47.2,294.43303890078516,57.161,135.80475,173.652,269.37975,633.4637000000001,1076.3476999999998,1777.441469999997,3025.795,29.87852695652174,1.121,14.145,29.639,42.171,53.492599999999996,60.26179999999996,79.02135999999989,113.61,47.0,29.0,,
tpcc/aurora/tpcc-100-aurora-terminals100-20240128-163254/3-us-west-1,3-us-west-1,20240128-163254,1359,235.0,1111.0,28,28.0,0,5317,2379,2294,209,217,218,6704,39.7,1809.0770937634409,868.489,1421.978,1747.381,2167.584,2459.1933999999997,2492.7637999999997,2947.369759999999,4422.922,100,100,60,50000,0,3.5,223.83580275229357,1.734,58.79225,229.53050000000002,332.98775,496.50160000000005,545.6682,615.5890799999996,745.528,88.61666666666666,1124.6983275566558,1.734,381.726,624.382,1879.959,2364.116,2568.523,2782.3015,4422.922,37.7,478.6560554585153,363.579,377.3895,547.8915,562.7560000000001,570.834,621.5696999999999,786.3608600000001,1998.255,3.2,2642.423760765551,2537.741,2580.256,2603.253,2628.531,2757.4016,2806.886,3278.9555999999984,4304.352,12.014144230769231,4.15,9.2225,11.0455,13.13775,16.79650000000001,20.55439999999999,32.98305000000003,45.525,3.4,13.0,,
tpcc/aurora/tpcc-100-aurora-terminals100-20240128-163254/2-us-east-2,2-us-east-2,20240128-163254,6945,1188.0,5724.0,108,108.0,0,25620,11351,11201,1051,1022,995,32673,188.6,377.4450988499692,155.759,271.379,347.527,421.99350000000004,479.678,622.0074999999999,1304.4515000000029,2921.109,100,100,60,50000,0,16.4,9.173877386934675,1.643,4.958500000000001,7.66,11.773499999999999,17.1982,21.527599999999993,30.24183999999999,59.953,427.0,233.05674045027118,0.654,78.771,122.126,357.086,462.7998,512.9828,1051.5905200000036,2921.109,186.7,96.20448766315036,66.291,75.74425,103.422,110.669,115.69149999999999,120.12049999999999,134.31789999999992,1413.777,16.7,577.7238151093438,470.37,495.4045,509.90250000000003,533.2165,739.653,993.0147499999999,1662.0004500000018,2308.379,6.729319695528069,0.654,4.3845,6.434,8.0135,9.902,12.016,21.808,62.392,17.8,33.0,,
tpcc/aurora/tpcc-10-aurora-terminals20-20240128-161902/1-us-east-1,1-us-east-1,20240128-161902,32166,19155.0,12556.0,430,430.0,1,91945,40411,39886,3898,3885,3865,124542,713.3,17.39991339422319,1.462,12.316500000000001,15.5795,20.15,26.906,31.7523,41.78276999999979,1611.662,10,20,60,50000,0,63.7,5.702395186335404,2.179,4.033,5.166,6.70075,8.5907,10.00035,14.264029999999998,29.555,1532.4166666666667,12.493309166310658,0.543,6.237,10.731,16.484,23.054,28.461,38.77760000000001,1611.662,678.0,7.950744555320854,1.159,5.502,6.598,8.652,13.422,16.78,23.599839999999997,42.765,62.6,24.16531977342945,9.53,16.52175,22.855,29.942999999999998,36.25710000000001,40.24505,50.81613000000002,83.579,1.292569779374038,0.543,0.862,1.0935000000000001,1.46075,2.0263,2.4802999999999993,3.85819999999999,23.262,65.6,352.0,103.0,1.0
tpcc/aurora/tpcc-10-aurora-terminals20-20240128-161902/3-us-west-1,3-us-west-1,20240128-161902,489,107.0,373.0,5,5.0,0,1083,463,488,43,52,37,1577,7.8999999999999995,1806.5922406181014,845.211,1419.613,1728.8,2140.083,2433.4254,2470.1278,3163.09928,3907.985,10,20,60,50000,0,0.7,3.0074594594594593,1.559,1.891,2.318,2.681,3.2186,5.65099999999995,15.52908,15.861,18.05,1102.122846728972,0.944,549.188,863.037,1718.24225,2214.2859000000008,2458.2406,2836.0155699999996,3907.985,8.3,539.0373942505133,364.528,371.4975,553.101,559.053,854.7034,866.0128000000001,940.67398,1003.554,0.9,1963.55854,1334.734,1348.20775,1451.9895,2584.8065,2790.0555,2918.5132499999995,3225.79189,3306.563,1.970860465116279,0.944,1.107,1.228,1.3984999999999999,1.8438000000000005,2.847499999999999,15.468359999999999,15.885,0.7,9.0,,
tpcc/aurora/tpcc-10-aurora-terminals20-20240128-161902/2-us-east-2,2-us-east-2,20240128-161902,2464,498.0,1930.0,21,21.0,0,5728,2575,2419,259,252,223,8213,42.9,329.6735858194498,159.312,259.312,322.525,392.443,445.793,462.263,547.0341999999997,931.188,10,20,60,50000,0,3.8,1.8960941704035872,1.398,1.699,1.828,1.9425,2.2808000000000006,2.4871,3.4581000000000004,3.611,95.46666666666667,205.35644824034335,0.539,100.017,164.393,317.521,414.0772,459.387,498.42064000000005,931.188,41.5,98.86609597769812,65.739,70.416,102.281,107.23400000000001,137.0,160.6755,177.31480000000005,258.524,4.2,383.86972111553786,241.663,249.7755,460.171,484.097,491.504,549.4590000000001,710.441,873.282,1.1076833976833977,0.539,0.8474999999999999,0.954,1.1105,1.3076,1.5977999999999999,2.7849799999999996,14.328,4.4,36.0,,
tpcc/aurora/tpcc-1-aurora-terminals10-20240128-155140/1-us-east-1,1-us-east-1,20240128-155140,78648,34059.0,42866.0,207,207.0,0,37833,18034,13005,2273,2260,2261,116688,440.9,12.757559025250009,2.606,8.073,10.789,14.716,19.095,22.178399999999996,29.39104,1417.486,1,10,60,50000,0,39.6,3.0724014789038714,1.449,2.2904999999999998,2.646,3.372,4.881200000000004,5.757,7.523779999999999,12.752,630.55,10.394139976419185,0.427,5.964,9.836,12.992,16.520700000000005,19.619349999999997,27.044269999999997,1417.486,411.79999999999995,9.093696457522698,2.448,4.769,9.716,12.175,13.992900000000002,15.062899999999994,17.72048000000001,31.858,38.7,14.212981552981555,2.651,8.4835,13.043,17.9695,24.566,29.4165,38.69899999999998,58.501,0.8616392432908051,0.427,0.638,0.773,0.992,1.2633999999999999,1.4284000000000001,1.9820400000000038,15.985,36.9,1127.0,596.0,
tpcc/aurora/tpcc-1-aurora-terminals10-20240128-155140/3-us-west-1,3-us-west-1,20240128-155140,567,181.0,371.0,3,3.0,0,366,189,120,16,19,22,936,3.1,1998.960814814815,551.649,1516.503,1918.514,2312.383,2660.3612,3381.5201999999995,4399.0528,4551.637,1,10,60,50000,0,0.4,2.4983181818181817,1.205,1.7325,1.7974999999999999,2.52875,2.9301,2.9455500000000003,10.372789999999991,12.347,6.1,1352.6483325635104,0.981,854.43,1229.019,1903.032,2425.7196000000004,2824.811599999999,4329.146720000001,5673.887,3.0,886.9089095744681,364.864,725.33175,875.736,999.2755,1244.3123000000005,1310.81325,1630.31268,1631.59,0.4,2281.706944444444,622.96,979.95475,1974.9245,2893.754,4336.1658,4788.453049999998,5496.800209999998,5673.887,1.7856875,0.981,1.26225,1.463,2.13875,3.042,3.29675,3.36575,3.383,0.6,15.0,,
tpcc/aurora/tpcc-1-aurora-terminals10-20240128-155140/2-us-east-2,2-us-east-2,20240128-155140,3174,1007.0,2098.0,15,15.0,0,2008,1120,589,102,96,101,5197,19.0,364.24253152364275,100.706,278.56600000000003,347.0935,427.4025,488.7429,609.4887000000001,743.5076899999991,902.618,1,10,60,50000,0,1.5,1.785990099009901,1.27,1.583,1.686,1.794,2.228,2.716,2.995,3.179,33.46666666666667,240.25039606741572,0.703,125.79424999999999,202.751,346.14500000000004,448.9207,490.02179999999987,698.7275700000001,934.336,17.4,140.6519799426934,65.317,108.53,139.037,167.77949999999998,184.3552,199.62609999999995,238.71576,342.207,1.7000000000000002,351.83055,68.553,213.0935,336.4905,449.86400000000003,625.9651000000002,768.4430999999998,853.7232700000004,934.336,1.1073823529411766,0.703,0.949,1.043,1.169,1.4133000000000002,1.634749999999999,2.114159999999999,3.28,1.6,69.0,,
tpcc/aurora/tpcc-100-aurora-terminals40-20240128-163254/1-us-east-1,1-us-east-1,20240128-163254,16855,13847.0,3006.0,404,404.0,0,84163,36990,36609,3481,3518,3565,101422,648.0,37.01764026283113,5.621,23.231,30.574,43.408,65.2555,79.4375,111.97809999999994,498.254,100,40,60,50000,0,59.7,31.296812008978677,3.188,17.86725,24.319499999999998,31.641750000000002,40.959,53.58094999999996,223.61868999999973,590.694,1402.7166666666667,27.79953867643479,0.604,11.181,20.281,33.597,59.376400000000054,78.46369999999999,121.77005999999979,590.694,625.9000000000001,13.880281990393437,3.757,8.969,11.264,15.13775,21.184600000000007,27.57515,58.694460000000035,165.112,59.400000000000006,89.98279646522235,26.685,68.85849999999999,81.519,100.18575,130.7096,160.42019999999974,224.5019899999995,329.863,7.369124676817007,0.604,4.512,6.352,9.236,12.939,16.163,23.18899999999998,65.464,57.8,2.0,,
tpcc/aurora/tpcc-100-aurora-terminals40-20240128-163254/3-us-west-1,3-us-west-1,20240128-163254,590,80.0,506.0,9,9.0,0,2242,962,1031,93,76,80,2841,16.0,1763.3553901918979,862.49,1416.71725,1728.1154999999999,2143.7145,2345.5083000000004,2466.63875,2599.46211,3443.828,100,40,60,50000,0,1.2999999999999998,320.6450256410256,1.536,62.567499999999995,366.8185,504.03175,579.5814,592.1882499999999,650.4745800000001,668.99,37.36666666666667,1069.9294135746604,1.536,380.554,571.5429999999999,1725.19525,2259.1623,2473.9531999999995,2685.0153499999988,3443.828,16.700000000000003,475.995770204479,365.366,375.4385,549.181,561.2935,567.8702000000001,615.3265,739.91174,758.239,1.2999999999999998,2639.811972972973,2540.934,2585.42575,2602.2275,2676.9855000000002,2730.1934,2801.5816499999996,3041.3629300000002,3062.722,14.113913978494622,8.344,10.5,12.011,15.335,22.775399999999998,26.1572,30.77219999999999,35.317,1.6,4.0,,
tpcc/aurora/tpcc-100-aurora-terminals40-20240128-163254/2-us-east-2,2-us-east-2,20240128-163254,2935,525.0,2400.0,60,60.0,0,11123,5005,4820,442,431,425,14118,83.8,340.8947514382067,151.493,270.455,333.732,410.456,458.639,474.661,516.9474000000004,807.242,100,40,60,50000,0,7.1,11.156289411764705,1.628,5.399,9.667,14.492,21.2798,25.813199999999977,34.51651999999999,48.887,185.38333333333333,214.84950336534146,0.626,76.4265,122.403,347.5145,442.0282,482.92409999999995,543.9705399999999,822.304,79.9,92.70544271158245,66.197,73.921,100.081,108.885,113.38999999999999,118.2576,127.12632,242.539,6.9,521.0253122065727,464.089,495.93600000000004,507.38300000000004,528.7524999999999,580.8015,611.8562499999999,693.0885,822.304,7.011072398190046,0.626,4.38,6.98,9.0945,11.140600000000001,12.979949999999997,19.64183999999999,33.668,7.3,10.0,,
tpcc/aurora/tpcc-1-aurora-terminals40-20240128-160459/1-us-east-1,1-us-east-1,20240128-160459,169452,70040.0,96001.0,207,207.0,5,28273,16029,3282,3209,2596,3157,197937,615.4000000000001,20.321787642006097,2.341,11.67925,16.7695,23.62975,30.594100000000005,35.21574999999998,45.637330000000006,1055.717,1,40,60,50000,0,52.4,5.240831389851875,1.404,3.356,4.625,6.435,8.610000000000005,10.244399999999995,13.51715999999997,23.508,471.21666666666664,29.7288445102153,0.001,12.763,21.907,36.194,53.401,63.949,88.54,1091.127,581.4000000000001,45.203449204370884,3.229,24.619,37.27,51.661,65.519,74.031,165.574,1091.127,52.5,21.4844756687077,0.001,10.933,19.295,30.3095,41.07620000000001,47.045899999999996,60.49602000000001,124.893,1.3380959800560925,0.468,0.855,1.144,1.581,2.1364000000000005,2.6416,4.107160000000001,15.253,54.8,3099.0,312.0,5.0
tpcc/aurora/tpcc-1-aurora-terminals40-20240128-160459/3-us-west-1,3-us-west-1,20240128-160459,1190,429.0,758.0,3,3.0,1,349,248,20,36,20,25,1543,5.2,3079.205095890411,1088.763,2038.88175,2942.3855000000003,3938.9075000000003,4768.2929,5233.465799999999,6214.606689999992,6702.393,1,40,60,50000,0,0.4,2.9831363636363637,2.369,2.8282499999999997,2.955,3.102,3.3822000000000005,3.4704,3.78289,3.865,5.816666666666666,3670.498886547812,0.017,1900.046,3493.881,5146.101,6968.696399999995,8149.691199999999,9503.084360000003,10268.182,4.2,5496.610684426229,367.654,4167.27675,5528.948,7106.30875,8664.6093,9261.9932,9903.987079999999,10268.182,0.4,1211.15795,0.017,841.8215,1230.3385,1587.4045,1905.3810000000005,2345.15105,2535.0758099999994,2582.557,2.8690555555555557,1.014,1.3929999999999998,1.9575,2.5115,3.0985,7.02,17.941650000000003,17.949,0.5,3.0,,1.0
tpcc/aurora/tpcc-1-aurora-terminals40-20240128-160459/2-us-east-2,2-us-east-2,20240128-160459,9174,3475.0,5504.0,13,13.0,0,1944,1321,108,183,140,192,11131,34.5,477.40875710088153,97.68,328.30600000000004,438.3485,601.201,749.3171000000001,845.8319999999998,1084.6191299999996,1479.972,1,40,60,50000,0,3.2,2.1187916666666666,1.439,1.737,1.8685,2.15475,2.5646,2.9391,4.626950000000037,15.017,32.4,531.9095052350189,0.004,306.866,480.619,728.481,986.1326,1163.3493999999992,1518.6779199999999,1917.814,32.2,713.6684538745387,65.983,471.765,693.621,933.478,1198.695,1354.4411999999993,1615.5958799999992,1917.814,2.9,333.63543999999996,0.004,194.303,318.486,459.0455,605.4626,691.0574999999997,817.4836799999999,838.207,1.3716939890710382,0.869,1.0474999999999999,1.16,1.585,2.096600000000001,2.42,3.178580000000003,4.239,3.1,195.0,,
tpcc/aurora/tpcc-10-aurora-terminals100-20240128-161902/1-us-east-1,1-us-east-1,20240128-161902,85760,41135.0,43491.0,296,296.0,0,54914,24895,21172,2973,2953,2921,140970,534.9000000000001,94.6677356093688,9.919,58.7685,92.011,124.23349999999999,150.42620000000002,164.84579999999997,192.87884000000008,1688.22,10,100,60,50000,0,48.1,48.447889955433666,2.804,35.524,47.41,58.453,73.06280000000001,89.5452,125.80808,191.499,915.2333333333333,82.20146912157992,0.707,46.881,77.719,113.5765,138.811,154.1543,183.97898000000004,1688.22,514.9,76.99910546837546,5.19,42.067,74.985,109.241,129.42340000000002,140.5152,163.70919999999998,230.928,50.0,88.15554509018038,4.688,55.53125,78.58949999999999,109.5685,149.78020000000006,181.5589,244.0436000000005,312.129,26.667983490566034,0.707,19.905,27.4625,34.54725,41.2308,45.5671,57.615929999999985,92.8,48.3,874.0,260.0,
tpcc/aurora/tpcc-10-aurora-terminals100-20240128-161902/3-us-west-1,3-us-west-1,20240128-161902,5480,1853.0,3538.0,25,25.0,0,3771,2003,1255,183,179,151,9276,33.7,2008.0208256695298,1042.112,1592.131,1910.058,2333.718,2648.8374000000003,3150.904999999997,4354.154880000001,6620.774,10,100,60,50000,0,2.5,2.7010397350993376,1.516,1.848,2.211,2.754,3.046,3.301,18.4545,19.993,62.85,1363.9793292457196,0.863,864.0615,1253.867,1905.9605000000001,2439.9422,2651.15335,3910.5531499999997,6620.774,31.4,876.3971775956284,365.949,726.7925,874.7735,990.15525,1232.4877000000001,1296.1423,1361.7883600000002,1752.324,2.9,1769.1383743016759,370.679,1098.6125,1638.922,2325.5209999999997,2909.0714000000016,3620.7765,4719.42746,5452.581,1.9398142076502736,0.863,1.008,1.136,1.524,1.9654,2.552000000000001,20.173340000000003,21.059,3.2,89.0,,
tpcc/aurora/tpcc-10-aurora-terminals100-20240128-161902/2-us-east-2,2-us-east-2,20240128-161902,31424,9042.0,21636.0,97,97.0,1,19024,10805,5383,936,871,1029,50546,183.4,376.65654440578646,154.185,290.885,358.0625,436.20525,499.9624,614.2630499999993,817.6031699999999,1651.526,10,100,60,50000,0,17.4,2.130432458697765,1.363,1.822,1.962,2.169,2.5502000000000007,3.1146,3.634760000000001,23.541,317.06666666666666,245.27936270088554,0.569,127.789,198.626,355.79025,455.8142,505.8509,746.7516,1651.526,175.89999999999998,145.25886319279962,66.103,111.2645,139.87,171.0455,189.1892,199.76859999999996,339.1569999999962,646.97,15.3,349.9649642105263,67.857,210.81775,348.4515,466.0775,591.466,686.9442999999999,860.24358,1169.754,1.2235096153846152,0.569,0.979,1.0975000000000001,1.2882500000000001,1.5459999999999998,1.78325,2.600399999999995,23.148,15.5,746.0,,1.0
tpcc/aurora/tpcc-1-aurora-terminals20-20240128-155140/1-us-east-1,1-us-east-1,20240128-155140,97345,43080.0,52146.0,121,121.0,3,21009,10291,4887,2014,1842,1975,118478,558.2,14.231777217206586,1.931,9.157,12.0365,16.265,20.8575,23.913,30.474349999999994,1026.456,1,20,60,50000,0,50.3,3.696670324189526,1.336,2.606,3.246,4.268,5.820400000000004,6.928199999999999,9.834080000000002,13.939,350.15,15.751012390553457,0.0,9.00675,13.54,19.074,25.527,29.853,40.234550000000034,1042.513,535.7,19.69255690748982,2.838,12.668,16.7825,22.99325,29.271800000000002,33.441900000000004,43.18729000000005,1042.513,51.9,18.09432880038854,0.0,9.8185,16.271,24.765500000000003,34.3978,40.168299999999995,50.40506000000003,69.128,1.063525819265144,0.462,0.741,0.928,1.1985000000000001,1.6087,1.8777,3.3039199999999984,12.342,49.4,1712.0,407.0,3.0
tpcc/aurora/tpcc-1-aurora-terminals20-20240128-155140/3-us-west-1,3-us-west-1,20240128-155140,951,288.0,654.0,2,2.0,0,336,224,47,17,21,27,1289,4.0,2269.842909090909,1105.566,1632.388,2087.4675,2647.85675,3491.9797,3732.0243499999992,4538.00912,5003.877,1,20,60,50000,0,0.5,2.306296296296296,1.472,1.678,2.126,2.6505,3.012400000000001,3.4366999999999996,4.589139999999998,4.956,5.6,2139.94526459854,0.016,1296.963,1908.1554999999998,2951.5207499999997,3900.8529,4669.272249999999,6374.797649999999,7358.857,3.5999999999999996,2448.9370619834713,365.412,971.962,2052.043,3415.35425,4793.2477,5341.414699999998,6742.528190000002,7358.857,0.4,1532.4286499999998,0.016,985.623,1356.7645,1984.91725,2665.437700000001,3155.4484,3756.264879999999,3906.469,2.024058823529412,1.124,1.554,1.946,2.585,2.7748,2.9768000000000003,2.98576,2.988,0.5,9.0,,
tpcc/aurora/tpcc-1-aurora-terminals20-20240128-155140/2-us-east-2,2-us-east-2,20240128-155140,6362,2208.0,4030.0,12,12.0,0,1799,1207,218,133,105,136,8173,26.1,405.30724382520583,94.738,291.1145,380.016,472.8845,649.2228000000001,725.458,885.7144600000001,1439.636,1,20,60,50000,0,2.3,1.881808823529412,1.294,1.57575,1.6855,1.85925,2.3935,2.80125,3.1230500000000005,13.066,29.983333333333334,345.8149927578215,0.006,182.278,335.3125,463.55100000000004,633.3847000000001,726.6859,929.1111299999992,1439.636,24.9,349.6662626946514,64.443,150.043,320.492,486.447,642.3602000000001,763.8272000000001,970.14548,1383.705,1.9,290.438377952756,0.006,159.094,286.274,406.7195,537.9286,590.3112999999998,771.9152399999995,811.627,1.3123834586466168,0.761,1.014,1.126,1.31,1.8121999999999998,2.3147999999999995,3.776960000000002,6.803,2.3,124.0,,
tpcc/aurora/tpcc-10-aurora-terminals10-20240128-161902/1-us-east-1,1-us-east-1,20240128-161902,3750,2982.0,766.0,332,332.0,0,79357,35082,34666,3197,3265,3147,83439,604.2,10.778881197564466,3.078,8.245,10.156,12.304,15.0812,17.2251,23.93404000000011,546.804,10,10,60,50000,0,54.6,2.9586749285033362,1.66,2.5265,2.837,3.229,3.709,4.1254,5.18194,18.485,1322.6166666666666,7.4965556570141985,0.473,3.658,5.932,10.436,14.237,17.137,23.279919999999983,546.804,590.7,4.064954550694565,2.259,3.448,3.8,4.311,5.069,5.892300000000003,8.708359999999987,24.823,54.9,19.010053002450977,13.282,16.51175,18.1875,20.7665,23.598500000000005,25.18995,29.59041999999999,54.029,0.8626959649671567,0.473,0.65,0.753,0.967,1.166,1.3595999999999995,2.07512,17.843,53.900000000000006,2.0,,
tpcc/aurora/tpcc-10-aurora-terminals10-20240128-161902/3-us-west-1,3-us-west-1,20240128-161902,134,32.0,102.0,1,1.0,0,512,246,205,17,19,25,647,4.2,1872.2874895397488,1095.393,1418.04,1885.755,2173.5425,2464.8746,2614.0762999999997,3670.13306,4593.977,10,10,60,50000,0,0.4,2.17312,1.636,1.746,1.882,2.556,2.9056,3.193999999999999,3.622319999999999,3.738,8.533333333333333,1176.4878545816732,1.058,374.05075,1102.846,1910.3007499999999,2436.8434,2571.51065,3577.3141300000025,4593.977,3.3,473.9046798029556,365.369,371.813,548.126,557.6315,560.7928,618.3097999999998,726.77898,728.527,0.2,2602.0966666666664,2557.919,2568.27175,2588.483,2600.63475,2616.0221,2663.8696499999996,2852.577129999999,2899.754,1.4985294117647059,1.058,1.23,1.271,1.586,2.3008,2.5832,2.6574400000000002,2.676,0.2,,,
tpcc/aurora/tpcc-10-aurora-terminals10-20240128-161902/2-us-east-2,2-us-east-2,20240128-161902,753,125.0,623.0,16,16.0,0,2913,1339,1202,130,123,119,3682,22.8,322.26976928783387,156.534,255.1265,314.12,389.6525,438.9214,449.70535,482.37721999999997,802.766,10,10,60,50000,0,2.1,1.784330508474576,1.457,1.6155,1.7295,1.8075,2.0535,2.3821,2.9594199999999997,3.289,48.55,205.00905003427008,0.595,71.257,197.44650000000001,339.18449999999996,429.8321,463.70275,491.52140999999995,802.766,20.1,87.7840950792327,66.0,68.987,99.799,103.068,106.7698,111.98989999999996,117.98295999999999,171.563,2.1,477.03647540983604,459.075,467.81625,474.1705,483.35699999999997,493.46000000000004,495.7643,513.52071,520.029,1.0255846153846153,0.595,0.791,0.9844999999999999,1.11525,1.3096000000000003,1.5034499999999995,2.997169999999995,3.362,2.1,5.0,,
tpcc/aurora/tpcc-10-aurora-terminals80-20240128-161902/1-us-east-1,1-us-east-1,20240128-161902,86551,42125.0,43323.0,290,290.0,2,58446,26050,23140,3130,3165,2961,145289,561.4000000000001,74.5836098320216,11.006,46.64075,71.423,96.5185,118.2333,131.21759999999992,157.76191999999998,1267.691,10,80,60,50000,0,48.400000000000006,37.73806011482608,2.882,26.548,35.908,45.765,58.792,71.972,95.81540000000003,177.783,974.1,62.919244859911245,0.714,35.6835,58.736,85.66825,107.1485,120.242,148.9159000000003,1267.691,540.1,56.531732827682845,4.477,31.338,53.615,79.341,95.70100000000001,104.9318,122.90300000000006,169.925,52.7,71.35329327073552,8.148,43.1315,63.513,89.55600000000001,123.15759999999997,148.98549999999992,200.77017999999995,309.506,18.213389900926813,0.714,12.733,17.752,23.944,29.566000000000003,32.8786,40.27851999999995,79.159,51.2,830.0,273.0,2.0
tpcc/aurora/tpcc-10-aurora-terminals80-20240128-161902/3-us-west-1,3-us-west-1,20240128-161902,4179,1309.0,2818.0,10,10.0,0,3265,1630,1169,153,153,160,7454,27.4,1977.805727329581,1095.042,1588.0695,1904.545,2314.0699999999997,2640.0108,3028.9160999999986,4018.3616599999996,5320.561,10,80,60,50000,0,2.5,2.7102125,1.405,1.822,2.1319999999999997,2.60525,3.0191999999999997,3.3120499999999984,21.65542,22.223,54.416666666666664,1304.8976809156095,0.761,799.316,1198.263,1887.48925,2399.849,2634.4645,3743.90725,5649.202,25.5,839.0116634738188,366.82,623.86725,865.565,951.96975,1185.873,1288.9845,1352.372799999999,1699.876,2.5,1719.6130472972975,366.708,899.611,1616.1215000000002,2117.9004999999997,2627.7717000000002,3185.777400000001,4710.870350000001,5649.202,1.4313921568627455,0.761,1.033,1.16,1.444,1.7660000000000005,2.100600000000001,4.292119999999972,19.544,2.6,52.0,,
tpcc/aurora/tpcc-10-aurora-terminals80-20240128-161902/2-us-east-2,2-us-east-2,20240128-161902,22959,6845.0,15573.0,84,84.0,1,16440,8976,5165,790,747,762,39484,152.1,369.5625164034022,159.216,289.135,354.601,433.171,486.8502,567.3453999999999,781.3161199999995,1428.6,10,80,60,50000,0,13.1,2.1107312252964427,1.44,1.849,1.981,2.159,2.5284,2.9307000000000007,3.7203799999999942,16.859,274.0,240.96006424651327,0.582,119.474,198.59,354.253,450.895,490.786,712.0376000000002,1428.6,141.9,137.19994147552612,66.147,107.40700000000001,129.9965,163.98950000000002,184.1234,193.71475,245.91092000000003,578.778,12.8,347.1756929824561,66.32,218.53975,349.2875,456.82849999999996,568.3711000000001,651.3507999999999,823.15571,900.063,1.2264455696202532,0.582,0.9432499999999999,1.0755,1.2295,1.4031,1.5934499999999991,2.2703200000000017,22.198,13.3,541.0,,1.0
tpcc/aurora/tpcc-1-aurora-terminals60-20240128-161052/1-us-east-1,1-us-east-1,20240128-161052,154538,60116.0,91189.0,239,239.0,2,26280,16345,1797,2985,2374,2779,181059,544.0,25.98670520126091,2.28,14.50675,22.864,32.319500000000005,41.195,47.131449999999994,63.077070000000006,1399.914,1,60,60,50000,0,45.5,7.513647755834829,1.89,4.135,6.505,9.704,13.2122,15.585199999999984,21.23883999999996,44.128,438.0,49.006652865200685,0.001,17.0645,32.2395,61.065,93.39700000000003,112.20144999999998,289.89513999999986,1444.166,534.5,83.2458981230711,3.359,43.968,66.714,90.92375000000001,115.15330000000002,136.32555,840.8722000000001,1444.166,48.3,24.41008743927828,0.001,12.7225,22.139000000000003,34.976,46.5537,52.68784999999999,65.63986000000001,113.921,1.6654268006700168,0.457,0.973,1.309,1.927,3.0221999999999998,3.8207999999999998,6.0058399999999965,23.473,50.4,3054.0,179.0,2.0
tpcc/aurora/tpcc-1-aurora-terminals60-20240128-161052/3-us-west-1,3-us-west-1,20240128-161052,1621,633.0,961.0,1,1.0,0,377,268,13,33,30,33,1999,6.2,3424.720969187675,1095.568,2360.684,3425.593,4251.834,5278.303000000003,6058.2378,6887.29504,7839.5,1,60,60,50000,0,0.6,3.39569696969697,1.725,2.592,2.885,3.288,3.9422,8.593599999999999,9.51264,9.632,6.283333333333333,4512.6357486911,0.012,2479.80425,4231.3279999999995,6820.436,8243.1394,8889.916550000002,10164.50569,11710.734,5.4,6999.311577922078,2298.03,5630.1002499999995,7418.665499999999,8238.373,9065.1502,9475.96625,11075.65891,11710.734,0.6,2091.1186666666667,0.012,1345.02,1814.443,3067.167,4003.288,5078.8214,5121.96196,5124.897,3.678363636363636,1.024,1.787,2.205,2.669,6.321200000000002,16.688599999999997,18.06488,18.374,0.6,27.0,,
tpcc/aurora/tpcc-1-aurora-terminals60-20240128-161052/2-us-east-2,2-us-east-2,20240128-161052,11513,4491.0,6760.0,13,13.0,0,1937,1303,69,193,153,219,13463,40.1,525.3505262936474,97.151,346.093,471.827,666.969,847.214,980.7326,1240.4023599999991,1869.932,1,60,60,50000,0,4.0,2.365279816513762,1.385,1.79125,1.9425,2.346,2.8261000000000003,3.195249999999998,15.025769999999966,21.925,32.28333333333333,676.7846128848347,0.004,340.6205,587.886,936.32425,1334.047,1548.2039,2074.1856500000067,2678.874,38.5,989.77759929391,69.105,654.7289999999999,951.3340000000001,1302.2925,1636.0585,1842.1855,2283.6049499999995,2678.874,3.3,330.94124038461536,0.004,193.24699999999999,337.6835,455.674,565.792,676.5377999999998,839.7663200000006,956.23,1.5284093264248706,0.783,1.09,1.299,1.69,2.1638,2.5319999999999987,3.314119999999997,16.119,3.3,262.0,,
tpcc/aurora/tpcc-10-aurora-terminals60-20240128-161902/1-us-east-1,1-us-east-1,20240128-161902,85486,43804.0,40684.0,315,315.0,0,62133,27114,25629,3189,3063,3138,147934,579.4,55.672690507627046,4.422,35.59,52.042,71.519,88.26620000000001,98.45719999999992,119.4424,1565.295,10,60,60,50000,0,51.400000000000006,27.862776927979606,2.882,18.50125,25.997,34.6455,44.32840000000001,53.89474999999995,77.19290000000004,141.457,1035.55,45.53687815838776,0.612,25.28,41.517,61.89625,79.645,90.603,113.98065000000021,1565.295,549.0,38.61641737518755,4.287,21.0085,33.973,54.067,67.904,75.643,92.96009999999991,237.811,50.5,59.47929526281634,6.375,34.54025,53.0775,77.8785,102.28540000000001,121.80904999999989,179.18595,269.518,10.066260351317439,0.612,5.52325,9.652,13.6675,17.879300000000004,20.710549999999984,27.25239,37.639,53.3,710.0,288.0,
tpcc/aurora/tpcc-10-aurora-terminals60-20240128-161902/3-us-west-1,3-us-west-1,20240128-161902,2550,834.0,1690.0,12,12.0,0,2625,1292,996,98,123,116,5187,21.700000000000003,1962.881604117181,1055.385,1583.2024999999999,1905.86,2286.98,2602.7063999999996,2891.938599999993,3865.214259999995,5794.892,10,60,60,50000,0,2.0,2.6340689655172422,1.55,1.82875,2.0595,2.6262499999999998,3.135,3.208,16.9584,17.414,43.75,1298.8074170633467,0.877,650.4245,1184.359,1905.4315000000001,2420.728,2604.7524999999996,3662.8062999999993,5794.892,19.299999999999997,758.5787440423654,363.903,561.064,796.776,886.289,1020.6102000000001,1172.1119999999994,1595.8001200000006,1709.436,2.0,1719.0725702479338,364.168,872.111,1600.602,2299.766,2603.271,3144.632,4413.903600000001,4585.063,1.4340816326530612,0.877,1.03,1.1635,1.313,1.7427,2.1603,3.211220000000017,17.833,1.7000000000000002,26.0,,
tpcc/aurora/tpcc-10-aurora-terminals60-20240128-161902/2-us-east-2,2-us-east-2,20240128-161902,15091,4232.0,10572.0,54,54.0,1,13389,6939,4656,610,582,602,28535,116.6,361.82557130571877,156.694,279.119,349.12,422.863,477.81620000000004,525.6105999999999,756.4445599999999,1482.126,10,60,60,50000,0,9.4,2.1387237936772046,1.433,1.793,1.92,2.112,2.455,2.835,5.313,18.92,223.15,232.9206360511124,0.557,109.577,191.927,347.784,442.1556,484.03860000000003,679.30604,1482.126,111.69999999999999,130.59572306067008,65.671,105.13125,120.518,153.63925,179.54649999999998,190.67375,282.9255,652.558,10.3,330.2862885572139,68.661,170.4,308.383,458.3205,528.4332,617.6352999999998,764.5237400000001,928.692,1.1560147540983605,0.557,0.92725,1.041,1.185,1.4179000000000004,1.6416499999999998,2.5540199999999995,17.303,9.9,287.0,,1.0
tpcc/aurora/tpcc-100-aurora-terminals10-20240128-163254/1-us-east-1,1-us-east-1,20240128-163254,9337,5857.0,3480.0,272,272.0,0,70827,31439,30688,2868,2886,2946,80436,582.5,10.89162279966471,2.832,8.42175,10.374,12.583,15.11,17.053699999999996,22.317970000000003,76.856,100,10,60,50000,0,50.5,7.641332313965341,1.568,2.5765000000000002,2.878,3.2495000000000003,3.812800000000001,4.697200000000002,178.03347999999986,358.269,1180.45,8.129072357624334,0.501,3.718,6.592,10.746,14.406,18.246,27.020399999999995,358.269,545.4,4.305663226214976,1.79,3.428,3.817,4.518,6.027600000000002,7.1818,10.987079999999997,68.809,49.7,23.55461893203883,13.266,19.341749999999998,21.794,25.191499999999998,30.4547,34.2962,50.899960000000014,159.102,3.1571569037656904,0.501,1.142,3.1825,4.032,5.2819,6.4535000000000045,10.10052999999999,61.03,48.599999999999994,,,
tpcc/aurora/tpcc-100-aurora-terminals10-20240128-163254/3-us-west-1,3-us-west-1,20240128-163254,157,23.0,134.0,1,1.0,0,566,243,262,19,18,24,724,3.9,1756.525714285714,1089.135,1409.52875,1717.5315,2059.7725,2331.5786000000003,2452.9791499999997,2943.319839999999,4059.386,100,10,60,50000,0,0.4,356.84612500000003,1.853,286.689,398.342,528.2104999999999,589.5612,633.6044999999999,644.87216,646.438,9.433333333333334,1066.205775583483,1.853,376.529,563.462,1713.313,2234.4712,2454.5371999999998,2702.9344399999986,4059.386,4.6,472.87465250965255,365.374,372.4435,547.741,556.6890000000001,561.1318,579.7312999999999,719.6645,724.243,0.4,2617.986470588235,2540.139,2562.792,2595.664,2679.194,2694.3566,2698.6562,2710.06484,2712.917,14.678157894736845,10.049,11.8375,13.852,15.134,17.771599999999996,22.843499999999985,27.980700000000002,29.265,0.30000000000000004,,,
tpcc/aurora/tpcc-100-aurora-terminals10-20240128-163254/2-us-east-2,2-us-east-2,20240128-163254,761,136.0,623.0,8,8.0,0,2815,1279,1235,100,98,103,3584,21.2,339.7298608287725,158.874,267.966,339.576,409.8725,456.0056,474.29269999999997,501.12018000000006,610.707,100,10,60,50000,0,1.7000000000000002,15.924543689320389,1.517,10.2505,15.979,21.384,26.625999999999998,28.8771,37.73326000000002,50.768,46.916666666666664,212.717341628155,1.161,75.391,122.21,346.886,442.05780000000004,476.4936000000001,510.3968,610.707,20.9,91.17746553122466,66.021,72.631,99.551,107.611,111.705,116.20459999999997,126.59460000000004,183.845,1.6,499.30980612244895,455.382,484.374,490.68449999999996,507.56075,532.1567,578.6926000000001,607.6960700000001,610.673,9.180655913978494,3.798,7.267,8.388,9.712,12.0224,16.32779999999997,24.409319999999997,25.287,1.6,2.0,,
tpcc/aurora/tpcc-10-aurora-terminals1-20240128-161902/1-us-east-1,1-us-east-1,20240128-161902,1,1.0,,66,66.0,0,13830,6113,6060,535,564,558,13897,102.5,6.201183392683716,2.321,4.8,5.9215,7.006,8.1361,9.837749999999998,13.953779999999961,108.999,10,1,60,50000,0,9.4,1.7273333333333334,1.346,1.61525,1.7025000000000001,1.805,1.9236,2.05315,2.3366099999999985,2.682,230.5,4.309941341586296,0.41,2.119,3.036,6.0337499999999995,7.708,10.84835,13.491209999999999,108.999,102.8,2.239474917491749,1.801,2.074,2.15,2.25725,2.6541,2.994,3.249,12.898,9.9,11.937660746003553,10.165,10.9405,11.344,12.006499999999999,13.0624,16.875899999999998,20.37474,22.467,0.5896093457943926,0.41,0.49,0.53,0.5814999999999999,0.8552000000000001,1.0109,1.5141999999999867,3.51,9.0,,,
tpcc/aurora/tpcc-10-aurora-terminals1-20240128-161902/3-us-west-1,3-us-west-1,20240128-161902,17,2.0,15.0,1,1.0,0,60,24,31,2,2,1,78,0.4,1664.9623749999998,1095.892,1398.41425,1585.645,1886.524,2126.4912,2230.2026499999997,2250.35726,2250.918,10,1,60,50000,0,0.2,3.303,3.303,3.303,3.303,3.303,3.303,3.303,3.303,3.303,1.0,997.9222881355932,2.082,367.03999999999996,548.679,1581.173,2082.237,2248.7238,2559.66228,2566.468,0.4,459.59720000000004,365.295,366.3505,457.408,548.39025,548.6969,553.2552499999999,593.8866,609.013,0.2,2560.6009999999997,2554.734,2557.6675,2560.6009999999997,2563.5344999999998,2565.2945999999997,2565.8813,2566.35066,2566.468,2.9485,2.082,2.51525,2.9485,3.38175,3.6417,3.72835,3.79767,3.815,0.2,,,
tpcc/aurora/tpcc-10-aurora-terminals1-20240128-161902/2-us-east-2,2-us-east-2,20240128-161902,65,11.0,53.0,0,,0,276,132,111,8,11,14,341,2.2,338.27241538461544,207.446,265.42575,326.47,405.7845,430.67010000000005,461.074,464.08025,667.23,10,1,60,50000,0,0.4,1.8675714285714287,1.579,1.6949999999999998,1.7814999999999999,1.91375,2.0212,2.3646499999999997,2.863329999999999,2.988,4.6,216.13294525547443,1.349,70.876,208.556,359.028,428.04380000000003,463.31045,492.5108499999999,667.23,1.8,88.23725225225226,69.941,70.53649999999999,71.893,105.235,106.023,116.8015,120.44490000000002,127.639,0.2,491.7294545454546,486.051,486.5185,488.576,489.84749999999997,497.807,509.9125,519.5969,522.018,1.9385000000000001,1.349,1.68975,1.768,2.04625,2.4960999999999998,2.8485499999999995,3.1305099999999997,3.201,0.2,1.0,,
tpcc/aurora/tpcc-1-aurora-terminals100-20240128-161052/1-us-east-1,1-us-east-1,20240128-161052,145264,53576.0,88080.0,221,221.0,1,25781,17286,917,2836,2074,2668,171267,541.1,36.900905345211584,2.548,17.8305,33.218500000000006,49.77875,65.94180000000001,76.91875,102.99605999999993,1210.102,1,100,60,50000,0,45.400000000000006,12.001428999625329,2.143,5.53,9.827,16.424,23.284800000000015,27.979599999999998,37.37192000000001,64.902,429.68333333333334,85.77988047683182,0.0,23.23275,52.9075,138.292,201.8664,238.83324999999988,308.0779899999996,1210.102,515.6,156.69953652443292,3.675,102.903,150.84,197.611,247.447,275.2,366.50179999999983,1190.126,47.7,29.786095137420716,0.0,12.5715,27.018,44.48075,57.51550000000002,67.86865,90.36019000000002,132.624,2.2157916078984483,0.503,1.08575,1.521,2.50475,4.6705000000000005,6.122,9.1158,25.717,49.4,3522.0,86.0,1.0
tpcc/aurora/tpcc-1-aurora-terminals100-20240128-161052/3-us-west-1,3-us-west-1,20240128-161052,1917,742.0,1151.0,3,3.0,0,372,260,7,44,26,35,2292,6.1,3865.1790456852796,1094.624,2678.17075,3663.7749999999996,4837.614,6007.255099999999,6636.980749999999,7336.43843,7958.652,1,100,60,50000,0,0.6,4.949758620689654,2.335,2.897,3.08,3.281,3.7525999999999997,19.274599999999946,30.365319999999997,30.773,6.2,6360.2811833333335,0.013,2799.45975,5263.235000000001,10513.46,12252.891000000001,13197.939299999995,15406.975840000001,15418.509,6.1,11124.28499703264,6699.004,9875.885,11167.698,12252.199,13658.4634,14833.2802,15411.59248,15418.509,0.4,2050.4651481481483,0.013,1484.689,2095.923,2645.626,2914.3094,3271.6598999999997,5100.637459999996,5695.72,6.132931818181819,1.036,1.8215000000000001,2.3905000000000003,3.2462500000000003,27.2058,29.98835,30.84812,31.371,0.6,24.0,,
tpcc/aurora/tpcc-1-aurora-terminals100-20240128-161052/2-us-east-2,2-us-east-2,20240128-161052,13461,5569.0,7475.0,10,10.0,0,2097,1372,34,257,176,258,15568,47.400000000000006,543.9390286543344,96.057,370.746,495.03,689.884,865.6892,966.853,1248.9676000000004,1542.047,1,100,60,50000,0,4.5,2.435860465116279,1.413,1.848,2.2030000000000003,2.628,3.0235,3.2199499999999976,3.61174,25.58,34.95,986.272684158087,0.001,382.08,681.269,1623.2640000000001,2229.7027000000003,2481.545,3056.35335,3324.099,40.0,1752.134823244552,68.836,1319.10525,1797.6945,2216.368,2556.5155000000004,2821.271550000001,3205.5756300000003,3324.099,4.699999999999999,356.19925,0.001,187.485,361.0695,496.74850000000004,665.2328,722.2082999999999,847.921710000001,1021.653,1.5154163424124514,0.772,1.096,1.406,1.807,2.2664,2.5333999999999994,2.96528,4.44,4.6,417.0,,
tpcc/aurora/tpcc-10-aurora-terminals40-20240128-161902/1-us-east-1,1-us-east-1,20240128-161902,75319,42627.0,31769.0,356,356.0,1,73581,30808,32410,3483,3462,3418,149257,633.3,35.68874087731428,2.279,23.29,32.256,45.176,57.551,65.451,80.381,1061.793,10,40,60,50000,0,55.0,16.3657582674861,2.907,10.699,15.206,20.327,25.735400000000002,31.37539999999998,44.993800000000036,78.974,1226.35,27.58158662295836,0.596,14.444,24.0965,37.03725,50.97830000000002,59.834,77.70522,1061.793,619.4000000000001,20.836413676352976,1.776,11.58225,16.73,27.72,38.230199999999996,44.333199999999984,58.05963999999999,113.628,57.5,44.407544121874096,7.068,26.1225,40.789,57.897,74.7754,88.2247,126.15663999999994,171.826,3.5235722078667817,0.596,1.633,2.652,4.574999999999999,7.014,8.614499999999994,13.094499999999996,28.85,56.2,687.0,236.0,1.0
tpcc/aurora/tpcc-10-aurora-terminals40-20240128-161902/3-us-west-1,3-us-west-1,20240128-161902,1503,373.0,1112.0,10,10.0,0,1996,887,868,86,80,75,3509,14.4,1845.0424331428571,1089.912,1413.08,1778.219,2155.8385,2445.0212,2627.3251,3529.925019999999,4814.605,10,40,60,50000,0,1.2,2.423,1.427,1.8130000000000002,2.217,2.6555,2.9778000000000007,3.0975,6.4290000000000616,15.346,33.266666666666666,1166.1970601281419,0.795,557.108,926.872,1721.86,2263.5216,2459.8325999999993,3235.1919600000015,5319.897,15.2,667.7861100217865,364.19,551.17375,614.5515,860.26875,919.791,975.79315,1232.63801,1675.331,1.2,1845.899093333333,608.463,1343.2705,1829.151,2560.1944999999996,2982.3972000000003,3523.1547999999993,4222.133640000007,5319.897,1.7430232558139536,0.795,1.0467499999999998,1.1395,1.33725,1.9975,2.56125,14.728100000000005,15.369,1.4,18.0,,
tpcc/aurora/tpcc-10-aurora-terminals40-20240128-161902/2-us-east-2,2-us-east-2,20240128-161902,8106,2012.0,5975.0,60,60.0,0,10166,4873,3973,458,428,434,18332,82.6,345.7343838013838,156.697,265.31475,336.553,407.50275,458.7188,491.0562,672.45656,1046.877,10,40,60,50000,0,7.1,1.9352632794457276,1.366,1.738,1.855,1.995,2.3614,2.648999999999999,3.32832,3.643,169.43333333333334,216.87215843826436,0.533,104.507,177.686,331.1815,422.18940000000003,463.5679,607.338180000001,1046.877,79.2,115.61631368464903,65.425,100.886,107.462,135.414,167.928,179.637,199.028,390.742,7.0,321.0832106481481,111.507,243.8915,327.173,457.206,492.6948,537.9021,797.2644899999999,962.425,1.0739366812227074,0.533,0.86275,1.0015,1.13575,1.2945,1.56445,2.4790300000000003,17.892,7.8,119.0,,
tpcc/aurora/tpcc-100-aurora-terminals60-20240128-163254/1-us-east-1,1-us-east-1,20240128-163254,19197,16048.0,3138.0,359,359.0,0,74148,32554,32280,3054,3044,3216,93704,575.0,61.9486868815462,7.881,34.2395,46.67,71.58775,109.44290000000002,137.96959999999999,297.0137499999999,905.739,100,60,60,50000,0,53.0,61.01617989417989,3.041,32.432,45.202,60.748,101.21480000000037,180.5518,368.18472000000014,590.982,1235.8,46.92257578881437,0.757,17.9435,31.6505,53.9325,96.39769999999997,129.5657,290.43602,1518.826,554.9,22.24584461191115,4.294,12.74075,18.1055,26.07225,36.562,47.1215,87.11075,688.864,50.8,161.92376857048532,36.848,97.67,121.263,170.119,303.3636,410.3558,607.3635999999999,1518.826,12.819997707924035,0.757,6.55775,10.9365,17.3935,23.986800000000002,28.607399999999995,38.80849999999999,75.354,50.8,11.0,,
tpcc/aurora/tpcc-100-aurora-terminals60-20240128-163254/3-us-west-1,3-us-west-1,20240128-163254,822,121.0,695.0,17,17.0,0,3220,1412,1423,136,131,118,4059,24.2,1801.1548596237335,863.684,1424.2340000000002,1739.7535,2166.4885000000004,2436.6313,2483.96715,2697.5525400000006,3975.132,100,60,60,50000,0,1.8,349.5570854700855,1.523,250.992,364.646,519.376,584.3856000000001,609.1432,728.0252000000003,740.012,53.666666666666664,1116.0485513224182,1.523,381.658,620.36,1752.269,2305.1675,2546.24075,2710.3305,3975.132,24.1,477.95560325318246,365.783,376.889,550.3075,562.29025,570.0033999999999,621.0560499999999,753.5535299999998,883.282,2.0,2652.423433070866,2539.26,2593.4660000000003,2617.219,2688.919,2731.8036,2799.4787,3037.71964,3101.145,13.154448529411766,5.98,9.8765,11.821,13.4505,18.6045,24.58775,35.37480000000002,49.461,2.2,6.0,,
tpcc/aurora/tpcc-100-aurora-terminals60-20240128-163254/2-us-east-2,2-us-east-2,20240128-163254,4265,718.0,3511.0,74,74.0,0,16223,7282,6951,641,661,688,20562,121.9,351.7873096182788,160.323,270.201,343.102,416.603,467.6056,502.40959999999995,707.49488,1616.214,100,60,60,50000,0,11.3,11.128835755813954,1.46,6.1655,10.4085,15.241249999999999,19.830500000000022,24.201649999999997,30.777139999999996,38.625,270.3833333333333,221.04027905401244,0.658,76.873,122.377,356.016,456.143,500.6442,669.6904799999985,1616.214,116.19999999999999,93.22537537796977,66.497,74.033,102.175,108.824,113.4572,117.86619999999998,127.34783999999998,652.755,11.0,548.2585504587156,466.239,496.38625,510.9595,550.828,673.6159000000001,756.1171,953.7201500000001,1212.613,6.473638065522622,0.658,4.143,6.51,8.288,10.254,12.063,18.91940000000004,23.082,11.1,36.0,,
tpcc/aurora/tpcc-100-aurora-terminals1-20240128-163254/1-us-east-1,1-us-east-1,20240128-163254,0,,,55,55.0,0,11007,4971,4753,462,411,410,11062,92.4,7.4916217668125755,2.199,5.2305,6.577500000000001,8.3515,11.2035,13.51575,22.153750000000002,122.851,100,1,60,50000,0,7.2,4.226912195121951,1.397,1.672,1.792,1.909,2.1523000000000003,2.6449499999999997,76.8986199999989,280.321,183.45,5.413632188065099,0.409,2.155,4.1295,6.86625,10.210600000000003,13.594099999999997,22.230839999999997,280.321,85.1,2.586783038720539,1.826,2.075,2.168,2.6555,3.4786000000000024,4.634199999999997,7.417209999999994,16.082,7.2,17.042012195121952,10.548,13.375,15.189,18.2955,23.426700000000007,26.857999999999993,42.73208999999997,118.085,2.617378787878788,0.409,0.74925,2.5415,3.4227499999999997,4.3286,5.3245,10.357289999999992,16.772,7.4,,,
tpcc/aurora/tpcc-100-aurora-terminals1-20240128-163254/3-us-west-1,3-us-west-1,20240128-163254,22,6.0,16.0,0,,0,58,26,26,1,1,4,80,0.4,1699.4011999999996,1092.266,1279.952,1701.457,2067.099,2248.4552000000003,2390.8399999999997,2571.9859199999996,2618.04,100,1,60,50000,0,0.2,440.08200000000005,392.418,396.4765,400.535,463.914,501.94140000000004,514.6172,524.75784,527.293,0.9666666666666667,1042.7928947368423,4.177,527.293,566.291,1578.26,2171.8086,2284.9159999999993,2647.43068,2684.837,0.7,497.1572692307692,368.202,371.47625,549.7785,551.9952499999999,565.5955,687.43925,735.50575,738.067,0.2,2684.837,2684.837,2684.837,2684.837,2684.837,2684.837,2684.837,2684.837,2684.837,18.816,18.816,18.816,18.816,18.816,18.816,18.816,18.816,18.816,0.2,,,
tpcc/aurora/tpcc-100-aurora-terminals1-20240128-163254/2-us-east-2,2-us-east-2,20240128-163254,85,17.0,68.0,0,,0,287,128,118,15,11,15,372,2.0,339.0745984251968,205.495,267.20050000000003,356.518,411.844,458.7838,464.2286,502.53285999999997,571.875,100,1,60,50000,0,0.2,11.961599999999999,1.896,5.274,11.845,18.122999999999998,19.942800000000002,21.085399999999996,22.57388,22.946,4.783333333333333,207.62067017543862,1.896,74.335,140.38,356.65,440.6214,465.4696,486.79152000000033,571.875,2.1,93.00307627118643,68.651,72.24075,103.017,106.58475,113.3167,138.72929999999997,156.65278999999998,166.734,0.2,480.83239999999995,476.909,478.22900000000004,480.86850000000004,483.22024999999996,483.9948,484.43940000000003,484.79508000000004,484.884,9.820400000000001,5.586,8.1735,9.45,10.4525,13.0998,14.823599999999995,17.355919999999998,17.989,0.30000000000000004,,,
tpcc/aurora/tpcc-100-aurora-terminals80-20240128-163254/1-us-east-1,1-us-east-1,20240128-163254,18139,14178.0,3948.0,327,327.0,0,73382,32617,31731,3065,2937,3032,91848,578.3,81.30803651644264,7.446,44.921,61.303,95.074,138.30960000000002,169.1747999999998,439.5317999999991,1421.861,100,80,60,50000,0,52.099999999999994,65.48216534653466,4.714,45.93875,59.544,78.95474999999999,101.2027,117.66399999999999,165.6437100000001,614.497,1223.0333333333333,63.24905681111889,0.679,27.1495,44.337,72.7735,122.40639999999998,158.55559999999986,401.3606999999997,2291.576,543.9,35.61399368356186,4.141,17.0915,28.652,40.998999999999995,55.98680000000002,80.0625,201.01235999999963,850.659,48.6,201.23486472602738,35.369,110.922,138.109,192.33525,383.9963,628.4123499999995,1054.2174399999997,2291.576,21.002726590538334,0.679,9.045,19.49,30.222,38.749399999999994,44.51999999999998,59.072960000000066,246.397,50.8,13.0,,
tpcc/aurora/tpcc-100-aurora-terminals80-20240128-163254/3-us-west-1,3-us-west-1,20240128-163254,1098,182.0,910.0,29,29.0,0,4248,1916,1844,162,157,169,5375,32.2,1805.3519662090812,868.206,1421.52175,1744.8125,2166.451,2449.0746,2505.6298500000003,2910.4487599999998,4113.962,100,80,60,50000,0,2.8,244.86807692307693,1.499,42.788,295.259,369.322,440.30520000000007,493.14459999999997,581.8654399999997,624.922,70.8,1126.8692185194002,1.499,381.989,628.423,1867.681,2316.386,2566.498,2737.391,4113.962,29.8,479.0622390350877,365.164,376.79875,549.485,561.6914999999999,569.4114000000001,620.5241,783.5955499999999,1321.525,2.3,2614.9907960526316,2537.768,2581.09125,2600.4395,2621.16225,2655.1192,2743.2321499999994,2987.5599700000002,3053.985,12.243125000000001,6.504,9.646,10.667,12.08775,14.772999999999998,23.085949999999997,38.127409999999976,57.817,2.7,6.0,,
tpcc/aurora/tpcc-100-aurora-terminals80-20240128-163254/2-us-east-2,2-us-east-2,20240128-163254,5874,1041.0,4789.0,79,79.0,0,21831,9807,9369,950,855,850,27784,165.3,347.7396701576004,149.585,267.0625,336.934,409.37649999999996,458.7194,479.82079999999996,808.5415999999994,2155.621,100,80,60,50000,0,14.5,9.180884705882354,1.585,5.0925,8.262,11.43025,16.5567,19.62005,29.99242999999999,71.112,363.85,219.06892973938534,0.663,76.879,121.693,350.758,447.15779999999995,489.92059999999987,700.4640400000003,2155.621,155.3,93.62904949754116,66.28,74.11224999999999,102.287,108.65775,113.49040000000001,117.92350000000002,127.69350999999992,1138.456,14.5,560.2809053254438,468.561,492.627,504.995,528.729,688.2376000000002,843.9801999999999,1551.9741599999995,2138.535,6.180232876712329,0.663,4.086,6.34,8.036,9.677,10.729799999999996,16.399639999999984,26.668,15.5,44.0,,
