path,region,suffix,rejected,rejected.NewOrder,rejected.Payment,rejected.OrderStatus,rejected.Delivery,rejected.StockLevel,aborted,aborted.NewOrder,unexpected,completed,completed.NewOrder,completed.Payment,completed.OrderStatus,completed.Delivery,completed.StockLevel,total,throughput,avg,p0,p25,p50,p75,p90,p95,p99,p100,scalefactor,terminals,time,rate,warmup,throughput.NewOrder,avg.NewOrder,p0.NewOrder,p25.NewOrder,p50.NewOrder,p75.NewOrder,p90.NewOrder,p95.NewOrder,p99.NewOrder,p100.NewOrder,throughput.Delivery,avg.Delivery,p0.Delivery,p25.Delivery,p50.Delivery,p75.Delivery,p90.Delivery,p95.Delivery,p99.Delivery,p100.Delivery,throughput.OrderStatus,avg.OrderStatus,p0.OrderStatus,p25.OrderStatus,p50.OrderStatus,p75.OrderStatus,p90.OrderStatus,p95.OrderStatus,p99.OrderStatus,p100.OrderStatus,throughput.Payment,avg.Payment,p0.Payment,p25.Payment,p50.Payment,p75.Payment,p90.Payment,p95.Payment,p99.Payment,p100.Payment,throughput.StockLevel,avg.StockLevel,p0.StockLevel,p25.StockLevel,p50.StockLevel,p75.StockLevel,p90.StockLevel,p95.StockLevel,p99.StockLevel,p100.StockLevel,unexpected.NewOrder
tpcc/sunstorm/tpcc-1-sunstorm-terminals20-20240127-225003/1-us-east-1,1-us-east-1,20240127-225003,36161,10552.0,24636.0,3.0,610.0,360.0,84,84,0,11684,7395,1787,894,846,762,47929,194.73333333333332,53.44061476725522,0.001,6.47975,11.2365,71.87625,170.62679999999995,235.27219999999988,353.24823999999995,746.384,1,20,60,50000,0,176.2,13.925146812493843,1.447,6.313,8.45,12.504,20.835400000000003,68.562,93.54640000000012,498.145,16.1,14.49132470334412,0.001,6.75,12.005,18.9165,29.458399999999997,34.96809999999999,47.103280000000005,101.987,15.8,2.6116946308724827,0.512,0.8665,3.1965,3.68125,4.1177,4.449149999999998,5.571179999999976,31.196,165.2,108.27076640283275,1.914,12.63025,107.134,165.0375,254.90509999999998,306.8286499999997,448.2527799999999,746.384,14.399999999999999,2.1743204225352115,0.792,1.667,1.9295,2.2487500000000002,3.1603,3.9696999999999996,5.766750000000002,29.604,
tpcc/sunstorm/tpcc-1-sunstorm-terminals20-20240127-225003/3-us-west-1,3-us-west-1,20240127-225003,25864,7523.0,17520.0,5.0,476.0,340.0,47,47,0,8585,5475,1287,640,620,563,34496,143.08333333333334,73.43474684246196,0.001,6.446,11.283,75.429,239.652,349.8455,564.7096,1127.426,1,20,60,50000,0,120.4,16.337766873650107,1.422,6.316,8.553999999999998,12.838,24.6814,71.26465,129.54242000000028,507.083,11.399999999999999,14.726166425470332,0.001,6.4350000000000005,11.799,18.753,31.925,37.926500000000004,55.1936,101.258,10.8,2.637,0.495,0.95,3.156,3.716,4.164,4.573,7.229000000000016,14.214,112.4,154.9077268199795,1.854,12.656500000000001,151.37,231.184,383.65340000000003,468.3005,652.7398799999999,1127.426,10.399999999999999,2.2109186746987954,0.783,1.67425,1.947,2.31,3.1096000000000004,3.995650000000001,6.278520000000002,29.854,
tpcc/sunstorm/tpcc-1-sunstorm-terminals20-20240127-225003/2-us-east-2,2-us-east-2,20240127-225003,41696,12288.0,28301.0,5.0,718.0,384.0,91,91,0,13283,8377,2114,991,890,911,55070,221.38333333333333,46.64372016059873,0.001,7.0085,11.93,57.179,149.2168,201.31219999999976,314.28947,585.092,1,20,60,50000,0,198.2,14.19084789364641,1.462,6.838,9.1495,13.5275,22.09590000000001,60.48085000000001,99.57334000000004,255.143,16.7,16.526431313131315,0.001,8.01525,13.5345,22.42175,32.84140000000001,39.057199999999995,54.767950000000035,91.931,17.0,2.757627648839556,0.502,0.9635,3.336,3.8185000000000002,4.215,4.5120000000000005,7.105700000000016,33.6,193.7,91.23147671480143,1.962,12.7175,77.8335,144.02675,217.68410000000003,277.50055,354.23607999999996,585.092,16.7,2.259019920318725,0.991,1.79325,2.03,2.3405,3.1808,3.9383499999999954,5.398840000000002,28.383,
tpcc/sunstorm/tpcc-100-sunstorm-terminals1-20240125-162034/1-us-east-1,1-us-east-1,20240125-162034,0,,,,,,25,25,0,5575,2513,2416,215,227,204,5600,92.91666666666667,10.701292068595928,0.552,2.37325,5.5775,9.111,21.768800000000002,68.73564999999999,78.34185999999998,197.286,100,1,60,50000,0,43.0,12.216795033504138,2.981,6.174,7.864,9.63,22.713200000000004,35.41919999999971,79.22883999999998,147.168,4.1,16.693092511013216,11.461,13.8565,15.23,16.977,21.03040000000001,24.6577,28.779860000000028,96.017,3.2,2.7796168224299067,0.552,1.9420000000000002,2.7515,3.365,4.2581,5.2694,10.13734,11.69,42.2,9.74443046357616,1.812,2.138,2.4255,3.42925,23.0175,70.2155,76.03999999999996,197.286,3.3,4.828970588235293,1.352,1.677,1.826,1.98825,2.2385,2.4154,90.08314999999997,196.457,
tpcc/sunstorm/tpcc-100-sunstorm-terminals1-20240125-162034/3-us-west-1,3-us-west-1,20240125-162034,0,,,,,,33,33,0,4694,2075,2099,181,168,171,4727,78.23333333333333,12.674527407407409,0.576,2.121,5.032,8.472,62.062000000000005,70.98400000000002,79.41816000000001,275.56,100,1,60,50000,0,35.9,13.808208827717134,3.366,5.652,7.307,9.227,25.945800000000204,73.17969999999995,80.40166,123.038,2.5,15.697273809523809,10.065,12.728750000000002,14.1655,16.801,20.945800000000002,23.445400000000006,27.470690000000033,82.669,3.2,3.27019298245614,0.636,2.667,3.145,3.7475,4.65,5.6485,7.816600000000003,8.08,36.7,12.764653479504291,1.571,1.874,2.1755,3.1615,65.4537,71.2996,77.45287000000002,143.102,3.0,4.740830409356725,1.319,1.686,1.792,1.968,2.233,2.646,84.10370000000064,275.56,
tpcc/sunstorm/tpcc-100-sunstorm-terminals1-20240125-162034/2-us-east-2,2-us-east-2,20240125-162034,0,,,,,,20,20,0,5806,2584,2542,223,238,219,5826,96.76666666666667,10.247705013736264,0.537,2.151,5.177,8.782,21.497499999999995,62.32574999999997,70.37457999999998,206.688,100,1,60,50000,0,45.400000000000006,11.971995389934692,3.187,5.890000000000001,7.478,9.3735,21.486000000000033,64.87530000000001,70.90972000000001,142.005,4.1,15.26740756302521,10.243,12.812249999999999,13.8965,16.2325,20.1887,21.528249999999996,27.074159999999996,89.277,3.8,2.507121076233184,0.537,1.6045,2.394,2.9415,3.7636000000000003,4.707699999999999,7.26246,24.28,44.2,9.17200590318772,1.595,1.933,2.229,3.147,23.832,62.776,68.6002,140.603,3.6,4.660876712328767,1.32,1.7005,1.838,1.9715,2.2224000000000004,2.6111999999999997,90.17575999999988,206.688,
tpcc/sunstorm/tpcc-1-sunstorm-terminals10-20240127-225003/1-us-east-1,1-us-east-1,20240127-225003,18871,2078.0,16192.0,9.0,295.0,297.0,78,78,1,12647,7566,3025,700,741,615,31597,210.78333333333333,33.60924805027212,0.479,5.584,8.861,22.084,117.9144,138.83199999999997,243.61853999999954,1013.645,1,10,60,50000,0,130.4,12.143724462872221,1.629,6.076499999999999,7.832,10.5555,18.459999999999994,29.652999999999974,75.44842,1013.645,12.5,12.363006622516556,2.201,6.948,11.137,14.9125,21.703200000000002,27.271699999999985,37.73066000000001,98.444,11.399999999999999,2.2483005698005694,0.479,0.71,2.8715,3.2327500000000002,3.6466999999999996,3.879,4.835300000000001,9.823,127.1,63.48151107656432,1.694,7.621499999999999,16.495,112.5115,149.91359999999997,204.213,264.1120199999999,459.439,10.600000000000001,2.0923895348837207,1.119,1.62,1.8305,2.16225,3.2297000000000007,3.8444999999999996,4.988659999999999,10.601,1.0
tpcc/sunstorm/tpcc-1-sunstorm-terminals10-20240127-225003/3-us-west-1,3-us-west-1,20240127-225003,13761,1564.0,11782.0,5.0,177.0,233.0,58,58,1,9429,5724,2229,524,504,448,23249,157.15,45.29230698835274,0.508,5.639,8.9855,61.576750000000004,140.285,238.03289999999996,327.1777799999989,1015.749,1,10,60,50000,0,101.5,14.899697080291972,2.005,6.24375,8.095500000000001,11.10475,27.3469,69.9483,78.70195,1015.749,9.1,12.10775581395349,2.049,6.2555,10.618,14.533000000000001,23.061500000000002,28.80675,40.38975000000002,81.703,8.8,2.384857142857143,0.508,0.833,2.894,3.34,3.6744000000000003,3.955799999999999,6.403479999999995,22.994,91.4,88.66965113394757,1.711,7.417,46.2125,137.825,249.6027,275.9621999999999,382.12298999999985,534.054,8.3,2.138204322200393,1.07,1.641,1.84,2.127,3.0669999999999997,3.923399999999996,8.04228,9.507,1.0
tpcc/sunstorm/tpcc-1-sunstorm-terminals10-20240127-225003/2-us-east-2,2-us-east-2,20240127-225003,19679,2101.0,16872.0,,353.0,353.0,68,68,1,13279,8011,3139,728,726,675,33027,221.31666666666666,32.03032205023833,0.498,5.668,8.898,25.4145,107.54,137.4855,213.79269999999997,1005.294,1,10,60,50000,0,140.2,12.024173207682214,1.741,6.151999999999999,7.94,10.4435,18.802600000000005,39.81889999999984,66.72610000000002,1005.294,12.2,13.005698539176628,2.142,6.718,11.231,16.287,23.425000000000008,30.276399999999995,46.68796000000001,64.46,12.3,2.3046002747252747,0.498,0.738,3.002,3.40325,3.7700000000000005,3.98795,4.5695500000000004,6.163,132.3,60.1550013667992,1.732,7.6282499999999995,37.728,104.7945,154.26480000000006,184.48794999999998,241.2247899999999,378.136,12.5,2.1620658761528326,1.078,1.6724999999999999,1.898,2.2285000000000004,3.300400000000001,4.044300000000001,5.332199999999982,8.767,1.0
tpcc/sunstorm/tpcc-100-sunstorm-terminals40-20240125-165605/1-us-east-1,1-us-east-1,20240125-165605,558,401.0,157.0,,,,716,716,0,146746,65615,63604,5771,5821,5935,148020,2445.766666666667,16.263306680230585,0.616,3.796,8.391,13.959,32.15920000000001,78.76355,122.73753000000004,602.458,100,40,60,50000,0,1156.3,19.501994225840495,3.578,9.283,11.672,14.94675,34.61579999999999,81.47464999999998,120.2934600000008,530.572,100.2,27.833916838487973,13.368,19.616,22.066,25.74525,34.93820000000002,82.86090000000002,97.10591000000021,265.177,101.4,3.8515442730895857,0.616,1.4125,3.465,4.796,6.751,9.075,17.097300000000015,77.393,1106.1,13.84422782023461,1.85,3.355,3.939,5.579,60.10930000000004,75.84275,127.67384,303.113,103.0,6.710498904802022,1.723,2.604,2.906,3.3305,4.113600000000001,5.476500000000001,134.97677999999976,602.458,
tpcc/sunstorm/tpcc-100-sunstorm-terminals40-20240125-165605/3-us-west-1,3-us-west-1,20240125-165605,1574,990.0,584.0,,,,613,613,0,138101,61370,60033,5492,5553,5653,140288,2301.6833333333334,17.290204953493404,0.567,3.264,7.258,12.358,69.14620000000001,79.48554999999999,132.18121999999997,545.965,100,40,60,50000,0,1060.7,19.693273620681307,3.304,8.159,10.303,13.286,71.638,80.67399999999999,132.55232,360.986,92.6,24.85123806951197,11.979,17.398,19.747,23.073,29.30760000000001,77.08519999999999,92.86667999999999,241.977,96.1,3.5273363073561548,0.567,1.434,3.2855,4.37425,5.862800000000002,7.152799999999999,13.491830000000041,239.415,1034.6,16.397156739916362,1.811,2.894,3.36,4.6265,70.3768,81.02359999999975,133.98646,330.634,96.4,6.373333981956484,1.559,2.295,2.55,2.942,3.6598,5.029399999999994,122.0981599999993,545.965,
tpcc/sunstorm/tpcc-100-sunstorm-terminals40-20240125-165605/2-us-east-2,2-us-east-2,20240125-165605,940,538.0,401.0,,1.0,,719,719,0,164758,73598,71331,6673,6549,6607,166417,2745.9666666666667,14.49213981204484,0.454,3.506,7.307,11.984,28.88720000000001,72.71759999999998,111.81195999999986,546.938,100,40,60,50000,0,1301.9,17.27347455825158,2.594,8.091,10.07,12.897,31.43060000000008,75.58919999999998,109.65758000000002,354.51,111.8,23.53806840739044,10.775,16.581,18.701,21.63,27.498199999999997,78.70819999999998,91.93179999999992,254.007,114.1,2.8389457515360403,0.454,1.039,2.547,3.629,5.133,6.538399999999999,10.818839999999973,44.572,1231.4,12.643110371221892,1.485,3.129,3.662,5.093,50.10710000000001,70.04064999999996,117.33135000000003,251.498,116.80000000000001,5.973409448818898,1.51,2.448,2.7504999999999997,3.19725,3.9300999999999995,5.543099999999996,103.88131000000031,546.938,
tpcc/sunstorm/tpcc-10-sunstorm-terminals20-20240127-230613/1-us-east-1,1-us-east-1,20240127-230613,18133,2515.0,15058.0,,224.0,336.0,455,455,0,98891,44977,41549,4153,4132,4080,117479,1648.1833333333334,11.76498163543742,0.461,2.594,6.136,9.558,21.864,68.087,79.08359999999999,206.569,10,20,60,50000,0,762.5,12.342702278702893,1.348,6.319,7.919,9.99125,19.794599999999992,69.68509999999999,76.697,201.64,69.69999999999999,11.435101330108827,1.019,7.2275,11.218,12.969,16.136,18.671899999999997,33.29923999999983,84.531,70.2,0.7709824223452927,0.461,0.605,0.672,0.812,1.022,1.1953999999999996,1.882959999999999,26.82,729.4,13.140391704122841,0.889,2.371,2.787,6.857,65.25520000000003,68.6762,93.22424000000002,206.569,70.0,2.1563258127122755,1.29,1.869,2.047,2.262,2.56,2.9959,4.6248499999999995,14.168,
tpcc/sunstorm/tpcc-10-sunstorm-terminals20-20240127-230613/3-us-west-1,3-us-west-1,20240127-230613,16235,2350.0,13367.0,,167.0,351.0,362,362,0,78256,35750,32830,3265,3188,3223,94853,1304.2666666666667,14.78558749090371,0.487,2.456,6.146,9.751,61.13340000000001,69.325,106.97524,310.163,10,20,60,50000,0,601.4,14.375466969321778,1.077,6.286,7.947,10.083,26.599400000000163,70.7868,78.69107999999996,184.222,53.5,11.330703355283788,0.94,7.043,11.128,12.797,16.20580000000001,18.7072,31.36159999999994,90.106,55.0,0.7872150076569678,0.487,0.617,0.688,0.842,1.0415999999999999,1.1909999999999985,1.5886800000000016,30.363,584.7,18.009947096295026,0.74,2.239,2.63,7.801500000000001,66.92520000000002,69.96649999999998,122.59850000000006,310.163,54.7,2.1756777743809232,1.241,1.853,2.037,2.2705,2.643,3.217,4.907600000000006,11.17,
tpcc/sunstorm/tpcc-10-sunstorm-terminals20-20240127-230613/2-us-east-2,2-us-east-2,20240127-230613,16917,2758.0,13592.0,,233.0,334.0,489,489,1,102829,46632,43606,4121,4293,4177,120236,1713.8166666666666,11.35444075999962,0.519,2.683,6.508,10.132,22.074199999999998,59.04449999999996,73.27808000000002,1078.837,10,20,60,50000,0,799.6,12.347476318724093,1.219,6.709,8.436,10.532,19.995800000000003,61.093399999999995,70.21735999999997,1078.837,72.9,12.296285747554728,0.995,7.822,12.286999999999999,14.255,17.430000000000003,19.6479,35.643779999999694,99.357,67.7,0.8306830866294589,0.519,0.669,0.749,0.898,1.086,1.277,1.7382000000000035,26.612,768.8,12.018274745117036,0.83,2.461,2.832,6.802,56.52360000000001,59.56720000000001,87.37307999999996,181.195,72.6,2.353832149621212,1.481,2.018,2.215,2.469,2.8117,3.334899999999999,4.929699999999995,26.086,1.0
tpcc/sunstorm/tpcc-10-sunstorm-terminals40-20240127-230613/1-us-east-1,1-us-east-1,20240127-230613,81216,14830.0,63934.0,,876.0,1576.0,699,699,0,136226,66001,51984,6109,6215,5917,218141,2270.4333333333334,15.6108396728336,0.489,3.376,7.751,12.48,56.194,72.859,111.27959999999968,267.225,10,40,60,50000,0,1164.7,13.589110887272097,1.609,7.071,8.968,11.567,21.290900000000008,71.29629999999999,79.73214999999999,157.033,103.3,11.476278748997593,0.901,6.9705,10.244,13.973,17.447000000000003,20.827399999999987,47.047259999999724,114.772,101.7,0.8909788836143394,0.489,0.686,0.791,0.941,1.1451999999999998,1.3635999999999995,2.5634400000000004,38.098,1104.5,20.697167143744228,1.115,2.856,4.92,21.2025,69.4984,77.578,133.03495999999998,267.225,103.2,2.5880547480620155,1.278,2.079,2.336,2.715,3.6237000000000017,4.44045,6.082720000000001,18.227,
tpcc/sunstorm/tpcc-10-sunstorm-terminals40-20240127-230613/3-us-west-1,3-us-west-1,20240127-230613,68679,13074.0,53802.0,,596.0,1207.0,582,582,2,107257,52605,40157,4927,4842,4726,176520,1787.6166666666666,19.576795522643955,0.514,3.164,7.495,13.221,67.03880000000001,74.7359,129.83677999999986,1027.616,10,40,60,50000,0,929.1,15.168656249435811,1.735,6.693,8.585,11.344,28.13480000000002,71.481,81.27392000000005,1027.616,80.4,11.236099855878113,1.065,6.842,9.71,13.32,17.391800000000003,21.613799999999998,58.82943999999953,119.803,81.7,0.9109098843109397,0.514,0.67,0.771,0.952,1.2074000000000005,1.4263999999999997,3.253399999999998,37.809,879.5999999999999,28.353755211912947,1.588,2.629,4.9765,59.247,72.19619999999999,112.79514999999999,141.56786999999994,262.582,81.5,2.721390872210953,1.279,2.024,2.289,2.684,3.653600000000002,4.636300000000001,11.851190000000004,48.753,2.0
tpcc/sunstorm/tpcc-10-sunstorm-terminals40-20240127-230613/2-us-east-2,2-us-east-2,20240127-230613,75502,12003.0,60881.0,,1006.0,1612.0,661,661,0,145422,69655,56594,6478,6528,6167,221585,2423.7,14.9206654575997,0.535,3.337,8.029,12.997,50.2241,64.481,99.96829999999976,249.357,10,40,60,50000,0,1202.4,13.599687478306745,2.084,7.4475,9.46,12.107,21.838,63.0164,74.16276000000012,237.817,109.5,12.390612740604949,1.566,7.6217500000000005,11.0235,15.07575,19.490499999999997,23.10975,68.81365000000014,116.524,108.6,0.9649164736760846,0.535,0.741,0.845,1.008,1.2574000000000005,1.5111999999999997,3.313,30.559,1156.3000000000002,18.96021048527989,1.758,2.894,4.258,21.1815,60.802200000000006,70.27319999999997,117.87719999999999,249.357,107.7,2.823537766703006,1.353,2.251,2.515,2.962,4.034,4.893,6.685400000000002,30.742,
tpcc/sunstorm/tpcc-10-sunstorm-terminals80-20240127-230613/1-us-east-1,1-us-east-1,20240127-230613,212483,39899.0,164954.0,,2672.0,4958.0,986,986,0,176845,95164,54798,9346,9301,8236,390314,2947.4166666666665,20.649207337836145,0.518,5.985,10.13,18.4545,70.04680000000002,79.583,134.19774000000015,412.103,10,80,60,50000,0,1765.0,15.699922399180222,1.823,8.181,10.731,14.21,24.944,73.34469999999993,85.61473999999994,246.884,158.8,14.352942096860032,2.033,7.098000000000001,12.39,17.2855,23.772400000000008,31.06519999999999,79.81595999999992,157.793,157.6,1.2467210571367429,0.518,0.842,0.9755,1.181,1.643,2.34525,5.5788499999999654,86.302,1673.4,29.875618082516947,1.843,4.138,10.6765,52.49625,77.94090000000001,99.23169999999993,147.03726999999992,412.103,158.5,3.663773060184694,1.294,2.57,3.12,4.162,5.801,7.097,9.896799999999995,52.295,
tpcc/sunstorm/tpcc-10-sunstorm-terminals80-20240127-230613/3-us-west-1,3-us-west-1,20240127-230613,185326,38623.0,140827.0,,2025.0,3851.0,800,800,1,141577,76252,43386,7626,7692,6621,327704,2359.616666666667,25.141688510495527,0.521,5.494,9.528,22.335250000000002,73.31330000000001,98.15799999999989,143.92753,1031.97,10,80,60,50000,0,1432.6,16.37845895979378,1.813,7.544,9.987,13.387,26.160200000000014,73.43199999999997,87.82703999999981,1031.97,130.9,12.596312805977842,2.023,6.22675,11.1105,15.724,21.417300000000004,26.720299999999995,59.178360000000566,108.463,129.1,1.1402812745869395,0.521,0.798,0.929,1.129,1.524,1.97775,4.57775,57.168,1365.8,39.69959372486902,1.768,3.835,10.802,67.658,105.0151,129.5124,177.71273999999988,274.183,125.1,3.5646891623660184,1.44,2.375,2.822,3.797,5.428,6.768199999999999,14.295199999999978,73.09,1.0
tpcc/sunstorm/tpcc-10-sunstorm-terminals80-20240127-230613/2-us-east-2,2-us-east-2,20240127-230613,220829,44054.0,169289.0,,2893.0,4593.0,1014,1014,0,182993,97726,57535,9673,9528,8531,404836,3049.883333333333,19.99213299061056,0.531,6.327,10.809,19.37925,61.79970000000001,72.99684999999998,120.23157,318.146,10,80,60,50000,0,1822.1999999999998,16.29311271103204,1.86,8.78125,11.566,15.392,26.363900000000008,66.38195,83.43016999999986,308.759,163.6,15.887879485583905,2.147,7.71075,13.678,19.01775,26.4976,35.299,81.35743000000004,244.799,163.8,1.388354595265171,0.531,0.916,1.065,1.311,1.8458000000000012,2.8059999999999983,6.254720000000016,60.224,1752.5,27.467613172757797,1.818,4.245,11.1075,46.084,69.56549999999999,90.56675,132.5071000000003,318.146,163.0,4.13760903671164,1.338,2.88,3.518,4.771,6.554,7.874,10.955799999999998,50.931,
tpcc/sunstorm/tpcc-1-sunstorm-terminals40-20240127-225003/1-us-east-1,1-us-east-1,20240127-225003,48941,15140.0,32829.0,3.0,777.0,192.0,85,85,0,12406,8374,963,1083,971,1015,61432,206.76666666666668,88.06897577319589,0.001,8.12575,16.982,155.9225,266.78280000000007,388.49499999999995,501.04742,661.109,1,40,60,50000,0,192.60000000000002,18.82113834120906,1.41,7.43925,10.6265,18.04375,30.03680000000001,73.27580000000002,167.92395000000062,410.801,16.9,12.78431214953271,0.001,6.03525,10.549,17.4215,24.695,30.16484999999999,46.29827999999996,103.796,18.200000000000003,2.9840766389658357,0.535,1.026,3.395,4.151999999999999,4.8184000000000005,5.251299999999999,9.426960000000054,39.189,184.39999999999998,183.5673925938625,1.908,31.34675,186.797,259.8775,401.975,454.068,575.4645500000001,661.109,17.299999999999997,2.3754067478912844,0.791,1.777,2.079,2.473,3.1421999999999994,4.185399999999999,6.865679999999947,31.859,
tpcc/sunstorm/tpcc-1-sunstorm-terminals40-20240127-225003/3-us-west-1,3-us-west-1,20240127-225003,36557,11254.0,24426.0,5.0,687.0,185.0,62,62,0,9033,6097,720,788,656,772,45652,150.55,118.93821854899029,0.0,8.535499999999999,18.394,190.0195,368.83240000000114,546.6423999999997,865.0953599999997,1183.063,1,40,60,50000,0,144.2,21.935685657060198,1.403,7.804,11.353,19.195500000000003,64.36260000000001,78.44229999999996,188.4498799999973,506.55,13.6,17.82657528957529,0.0,7.016,14.063,24.993,35.8404,47.712799999999994,72.42596000000005,100.232,13.0,2.911389100126743,0.507,1.021,3.329,4.115,4.782800000000001,5.197599999999999,9.92556,36.235,138.3,250.0284100702846,1.993,33.972,226.374,344.4665,567.9076,686.9788,979.4355399999994,1183.063,13.2,2.4605832320777643,0.757,1.8305,2.178,2.588,3.3232000000000013,4.6201,7.67424,31.402,
tpcc/sunstorm/tpcc-1-sunstorm-terminals40-20240127-225003/2-us-east-2,2-us-east-2,20240127-225003,57695,17856.0,38515.0,2.0,1071.0,251.0,118,118,2,14880,9978,1142,1298,1211,1251,72695,248.0,74.32840553352335,0.001,8.30175,17.1045,123.49175,221.02749999999997,307.216,420.31,1279.131,1,40,60,50000,0,256.4,19.697387207466882,1.466,7.6615,10.855,18.244500000000002,31.176,65.71350000000001,158.9759999999989,1072.508,23.6,12.904138360175695,0.001,6.2855,11.089500000000001,18.087,25.5715,30.25625,42.308449999999986,80.345,21.1,3.1498305084745764,0.523,1.03725,3.502,4.37075,5.0469,5.529299999999999,9.002270000000001,44.648,245.2,152.01178448652584,2.11,34.177749999999996,150.7265,215.26850000000002,320.7647,363.34309999999994,520.2246599999999,1279.131,23.1,2.422314263920671,0.896,1.849,2.162,2.557,3.119,4.01,7.345500000000005,36.893,2.0
tpcc/sunstorm/tpcc-100-sunstorm-terminals100-20240125-162034/1-us-east-1,1-us-east-1,20240125-162034,7297,4045.0,3252.0,,,,632,632,0,129425,58289,55530,5205,5216,5185,137354,2157.0833333333335,45.80695487661935,0.598,5.935,13.865,55.36,124.459,180.253,351.0987,3316.886,100,100,60,50000,0,985.4,52.545792233272444,3.313,13.207,21.54,74.031,128.6566000000001,182.08174999999997,338.7462399999993,1020.023,85.2,108.53590274314216,11.641,40.624,86.79,133.521,205.8906,268.35519999999997,589.1374400000004,1541.472,86.19999999999999,39.23757159331155,0.598,1.552,13.1,51.5665,104.77320000000002,150.52909999999994,317.37317999999976,731.819,936.0,34.05748460738989,1.853,4.33,6.168,15.2755,111.06649999999999,168.91625,324.9540999999998,1403.731,82.69999999999999,38.94840405014465,1.57,2.866,3.698,5.582,13.489000000000013,36.15960000000006,1205.046679999996,3316.886,
tpcc/sunstorm/tpcc-100-sunstorm-terminals100-20240125-162034/3-us-west-1,3-us-west-1,20240125-162034,10021,5618.0,4403.0,,,,531,531,0,114409,51035,49565,4585,4572,4652,124961,1906.8166666666666,51.73638049328324,0.537,6.137,17.62,75.3355,140.439,193.21119999999996,320.41885999999766,5353.56,100,100,60,50000,0,862.4,63.685086447295035,3.415,15.624,33.156,88.489,154.383,208.37399999999997,330.97684000000015,1029.636,73.1,128.11428183212797,11.184,52.3175,100.615,168.52749999999997,248.6374,298.74789999999985,476.0514800000005,2194.863,76.0,29.87857775354416,0.537,2.219,12.232,41.298,80.49960000000002,107.60300000000002,190.32835999999952,602.215,812.9,35.553510078264175,1.652,4.343,6.436,37.344,114.49140000000001,158.70529999999988,271.36469999999997,1555.985,76.19999999999999,38.597017200602025,1.578,2.978,4.166,6.529,17.163,39.688,761.7585,5353.56,
tpcc/sunstorm/tpcc-100-sunstorm-terminals100-20240125-162034/2-us-east-2,2-us-east-2,20240125-162034,5352,3149.0,2203.0,,,,595,595,0,124264,55618,53823,4962,4877,4984,130211,2071.0666666666666,47.747429839914965,0.571,5.305,13.324,59.477,126.938,183.64,383.6824000000002,4656.216,100,100,60,50000,0,923.0,55.33931389672862,3.063,12.713,21.486,77.094,132.9674,190.46419999999992,386.2331199999999,1327.679,76.5,136.6311574722108,10.941,51.25775,99.1565,168.91299999999998,270.77170000000007,370.943,778.6269000000044,1923.836,79.2,53.55517175186906,0.571,1.485,19.926,69.817,138.0298,196.24199999999968,428.5328399999988,1158.198,881.9,30.840245328098085,1.702,3.872,5.495,13.977,101.25340000000001,149.7822,281.3878400000006,1200.735,84.5,52.68843659711076,1.577,2.92275,3.841,5.74775,12.890599999999985,37.44609999999955,1572.39595,4656.216,
tpcc/sunstorm/tpcc-10-sunstorm-terminals10-20240127-232220/1-us-east-1,1-us-east-1,20240127-232220,27,18.0,9.0,,,,270,270,0,63962,28543,27616,2606,2564,2633,64259,1066.0333333333333,9.331254729761293,0.467,2.247,4.92,8.08,17.17,66.506,73.32560000000002,151.481,10,10,60,50000,0,482.7,11.169810115596905,2.606,5.653499999999999,7.071,8.622,15.742600000000014,68.23009999999972,74.98545999999999,151.481,42.5,13.295790951638066,9.839,11.318,11.956,13.30025,16.351100000000002,19.289749999999998,24.487539999999832,90.548,43.1,0.7080920951650038,0.467,0.574,0.623,0.746,1.0074999999999998,1.07425,1.5877999999999957,6.999,460.79999999999995,8.562038752671038,1.558,2.095,2.36,2.882,18.028,67.15950000000001,69.53070000000001,142.794,43.6,1.9568373860182373,1.288,1.752,1.902,2.06925,2.2769000000000004,2.44645,3.0289500000000027,8.914,
tpcc/sunstorm/tpcc-10-sunstorm-terminals10-20240127-232220/3-us-west-1,3-us-west-1,20240127-232220,28,21.0,6.0,,1.0,,229,229,0,51932,23068,22496,2149,2099,2120,52189,865.5333333333333,11.493478139980823,0.484,2.116,4.803,7.963,58.465399999999995,67.203,74.08665000000002,141.419,10,10,60,50000,0,391.6,13.054388664662945,2.565,5.529,6.963,8.445,15.738700000000103,69.49985,75.50384000000003,141.419,35.099999999999994,12.727690181124881,9.842,11.08425,11.6175,12.5985,15.671899999999999,18.549649999999996,20.290280000000017,98.372,34.900000000000006,0.7130344506517691,0.484,0.578,0.62,0.722,0.999,1.04,1.3485400000000036,23.74,374.20000000000005,11.689164888414686,1.532,1.983,2.206,2.674,59.81830000000001,67.54374999999999,70.88735999999999,138.528,35.3,1.9706632075471697,1.338,1.766,1.911,2.079,2.2803000000000004,2.41205,2.9776799999999986,24.959,
tpcc/sunstorm/tpcc-10-sunstorm-terminals10-20240127-232220/2-us-east-2,2-us-east-2,20240127-232220,31,19.0,8.0,,4.0,,304,304,0,64939,28987,28170,2516,2622,2644,65274,1082.3166666666666,9.187335428387474,0.508,2.336,5.262,8.718,17.16,57.784,65.35567999999999,133.744,10,10,60,50000,0,490.2,11.284158545330373,2.773,6.065,7.591,9.297,17.094200000000004,60.352799999999995,67.01128,133.744,45.4,14.111560045749144,10.549,12.267,12.984,14.3155,17.692200000000003,19.901700000000005,24.003060000000005,83.402,40.7,0.7653751987281399,0.508,0.61775,0.683,0.809,1.04,1.26525,1.6463999999999996,6.825,471.79999999999995,7.96637855494408,1.629,2.177,2.433,2.916,17.738800000000005,58.2968,60.477,130.552,44.5,2.098150907715582,1.439,1.887,2.043,2.245,2.451,2.574,3.0085400000000035,10.393,
tpcc/sunstorm/tpcc-10-sunstorm-terminals100-20240127-230613/1-us-east-1,1-us-east-1,20240127-230613,278223,55881.0,212107.0,,3905.0,6330.0,1046,1046,0,187351,104905,52891,10373,10263,8919,466620,3122.516666666667,22.849458639909123,0.508,7.124,11.519,22.059,72.925,83.10625,138.45670000000007,376.388,10,100,60,50000,0,1996.4,17.22059980207902,1.845,8.81,11.789,16.153,28.191,74.63979999999998,91.48452000000002,376.388,175.8,18.251342515542806,1.937,9.449,15.068,21.738,31.189200000000003,40.80909999999999,89.40209999999979,252.503,172.2,1.5127493492721489,0.508,0.898,1.069,1.39,2.157,3.244,7.63,97.829,1902.4,32.81462837130951,1.694,6.449,13.3765,58.8535,81.6131,105.95019999999995,152.07185000000004,346.916,176.8,4.771425088440578,1.367,2.996,3.911,5.6665,8.0722,10.028500000000003,14.935480000000004,87.887,
tpcc/sunstorm/tpcc-10-sunstorm-terminals100-20240127-230613/3-us-west-1,3-us-west-1,20240127-230613,232929,47544.0,177195.0,,2903.0,5287.0,891,891,0,151868,85722,41652,8710,8491,7293,385688,2531.133333333333,27.7933680907085,0.508,6.383,10.518,33.4025,76.609,112.43094999999984,160.34400999999988,418.166,10,100,60,50000,0,1632.6,17.485909276510178,1.83,7.9857499999999995,10.706,14.64225,30.507900000000006,75.44389999999999,96.03953999999983,333.749,142.89999999999998,15.394786691398098,1.256,8.068249999999999,13.015,18.53825,25.674500000000002,32.86525,80.048,211.841,146.6,1.2504743368928697,0.508,0.846,1.007,1.245,1.6861999999999997,2.354,5.422760000000002,97.757,1554.5,44.58931335226657,1.812,5.972250000000001,17.152,70.871,117.5517,135.47509999999997,189.41245000000004,418.166,144.6,3.9341641463696178,1.336,2.579,3.208,4.512499999999999,6.3566,7.781699999999999,11.764279999999996,87.431,
tpcc/sunstorm/tpcc-10-sunstorm-terminals100-20240127-230613/2-us-east-2,2-us-east-2,20240127-230613,280200,59988.0,210414.0,,4040.0,5758.0,1037,1037,1,187706,103945,53760,10468,10225,9308,468944,3128.4333333333334,22.779886055837473,0.547,7.919,12.856,23.931,65.74780000000001,78.9208,125.78432000000001,1135.623,10,100,60,50000,0,2018.0,18.541463447984803,1.901,9.902,13.309,18.4465,30.978400000000022,68.7113,89.471,1135.623,176.7,20.754648501101425,2.341,10.808,17.495,25.155,36.667,47.702,91.77940000000005,170.16,178.39999999999998,1.7208404661826517,0.547,1.037,1.247,1.669,2.7136000000000022,4.042299999999999,8.87631,57.898,1938.3000000000002,30.974316702647222,1.894,6.961,14.352,51.767,75.85539999999999,100.91884999999999,139.78580000000017,261.804,180.39999999999998,5.693755455652337,1.451,3.476,4.581,6.67,9.39,11.66959999999999,19.08591999999999,138.476,1.0
tpcc/sunstorm/tpcc-1-sunstorm-terminals100-20240127-225003/1-us-east-1,1-us-east-1,20240127-225003,65596,21069.0,43150.0,2.0,1274.0,101.0,117,117,0,14436,10212,374,1327,1174,1349,80149,240.6,174.59411967735335,0.001,10.275,29.869,300.967,579.3384,728.4825999999993,1109.433239999999,1632.639,1,100,60,50000,0,257.1,25.83418709719,1.523,8.757249999999999,15.529,26.18,56.7855,84.67425,159.02075000000002,620.265,23.0,14.115305255579553,0.001,6.725,11.859,19.564,28.363000000000007,33.97279999999998,49.527039999999936,78.935,22.4,3.710240391861341,0.571,1.1669999999999998,3.728,4.6825,6.2208000000000006,7.6437,13.548260000000006,67.638,243.60000000000002,379.52851043877064,2.117,124.873,347.655,549.792,773.9906000000003,964.1023999999991,1371.36028,1632.639,21.8,3.03930886627907,1.15,2.037,2.4465000000000003,3.34925,4.9645,6.387,9.154,55.773,
tpcc/sunstorm/tpcc-1-sunstorm-terminals100-20240127-225003/3-us-west-1,3-us-west-1,20240127-225003,57149,19048.0,36910.0,7.0,1065.0,119.0,98,98,1,11992,8402,329,1163,959,1139,69240,199.86666666666667,204.2102649167122,0.001,10.85125,32.994,348.16175,620.5509999999999,840.84475,1282.1601499999995,2748.357,1,100,60,50000,0,221.60000000000002,30.663455030030033,1.464,9.22975,16.834,28.7355,77.5032,90.01354999999994,208.45480999999754,1026.821,18.700000000000003,14.92073396880416,0.001,6.544499999999999,12.166,20.529,29.070800000000002,35.31394999999995,58.55897000000007,85.29,19.1,3.887886500429922,0.567,1.256,3.808,4.9945,6.730399999999999,8.499999999999998,12.83867999999999,71.024,210.4,444.2649006325567,2.688,145.313,413.044,594.196,869.8220000000002,1100.5085999999994,1690.764639999978,2748.357,18.700000000000003,3.369416239316239,0.983,2.04025,2.51,3.48725,5.214700000000003,7.088749999999997,11.729379999999972,64.494,1.0
tpcc/sunstorm/tpcc-1-sunstorm-terminals100-20240127-225003/2-us-east-2,2-us-east-2,20240127-225003,83638,27194.0,54725.0,2.0,1577.0,140.0,114,114,3,17863,12562,508,1745,1361,1687,101618,297.71666666666664,138.0932166241595,0.001,10.92925,31.832,245.95425,404.9854999999999,529.8317999999999,761.956319999999,1583.028,1,100,60,50000,0,321.4,26.145946655681996,1.544,9.23,16.552,26.852,54.437,79.008,171.83899999999912,1089.067,27.5,16.80041215403129,0.001,7.1825,12.6805,23.31575,33.562400000000004,40.42749999999995,84.54662999999964,163.611,29.9,3.827507736389685,0.548,1.218,3.971,5.151,6.806000000000004,7.9972,12.648719999999969,68.06,319.2,291.10547470125954,2.552,129.21550000000002,276.6655,389.11875,544.0897,618.1334499999994,889.8390999999997,1583.028,28.700000000000003,3.144552204176334,0.861,2.1,2.5235,3.33025,4.819400000000001,6.3482999999999965,9.823569999999995,55.63,3.0
tpcc/sunstorm/tpcc-100-sunstorm-terminals10-20240125-165214/1-us-east-1,1-us-east-1,20240125-165214,29,14.0,15.0,,,,218,218,0,49321,21983,21351,2000,1932,2055,49568,822.0166666666667,12.102272703412075,0.572,2.793,6.313,10.473,22.54669999999999,70.94239999999996,89.62110999999996,406.939,100,10,60,50000,0,389.20000000000005,14.057681519192647,3.03,7.051,8.907,11.281,24.131,73.284,88.19519999999994,209.258,33.6,20.11967546583851,11.327,15.58925,17.399,20.095,23.928700000000003,27.942499999999992,95.24191000000002,207.585,34.5,3.4185475000000003,0.572,2.44775,3.238,4.013,5.2893,6.8915,11.063219999999998,48.363,381.2,10.648616357504217,1.766,2.408,2.875,4.113250000000001,23.084299999999992,71.3663,89.72933999999991,233.951,35.3,6.994302823758521,1.389,1.93625,2.0985,2.32375,2.6867,3.336,152.61260000000004,406.939,
tpcc/sunstorm/tpcc-100-sunstorm-terminals10-20240125-165214/3-us-west-1,3-us-west-1,20240125-165214,16,12.0,4.0,,,,211,211,0,42534,18965,18424,1637,1743,1765,42761,708.9,14.025383792764542,0.525,2.536,5.824,9.726,61.731700000000004,72.30684999999998,97.47303999999998,293.863,100,10,60,50000,0,343.1,15.611422982630016,2.778,6.452,8.136,10.54,63.56,74.41,92.95389999999982,213.707,30.2,18.72941193344808,10.775,14.1715,15.944,18.615000000000002,22.101,27.14679999999998,92.53689999999999,175.708,27.700000000000003,3.383530238240684,0.525,2.452,3.227,4.025,5.3928,6.614199999999999,9.622799999999994,42.023,319.0,13.612621891627757,1.577,2.163,2.602,3.91475,64.3053,72.08615,103.04186999999831,203.463,30.2,6.330134277620398,1.282,1.748,1.91,2.122,2.4826,3.3156,141.8694799999997,293.863,
tpcc/sunstorm/tpcc-100-sunstorm-terminals10-20240125-165214/2-us-east-2,2-us-east-2,20240125-165214,41,14.0,27.0,,,,250,250,0,58215,25831,25188,2408,2372,2416,58506,970.25,10.253464087169224,0.403,2.338,4.998,8.299,21.115,61.594,85.9238,325.823,100,10,60,50000,0,464.6,11.813637723402623,2.185,5.593,6.985,9.029,21.749800000000004,63.49109999999999,85.19917000000004,169.262,41.4,14.795595107549557,8.33,11.337,12.699,14.9545,18.341,21.073,87.17800000000001,115.224,43.1,2.0343558970099664,0.403,1.236,1.869,2.485,3.3287000000000018,4.145950000000002,7.279589999999989,35.1,443.4,9.473756867259448,1.427,2.094,2.455,3.45725,23.550900000000016,62.172599999999974,87.59818000000004,320.56,42.3,5.281912629399586,1.271,1.762,1.93,2.144,2.4372,2.847,116.63242000000031,325.823,
tpcc/sunstorm/tpcc-100-sunstorm-terminals20-20240125-165403/1-us-east-1,1-us-east-1,20240125-165403,26,21.0,5.0,,,,432,432,0,92452,41334,40026,3734,3731,3627,92910,1540.8666666666666,12.911720532810719,0.586,3.041,6.862,11.344,23.79,71.855,92.41110000000015,422.834,100,20,60,50000,0,728.3,15.210338195142981,3.227,7.705,9.65,12.142,25.429500000000022,75.05209999999998,89.94674000000005,211.734,65.0,21.77627579737336,11.981,16.4315,18.404,21.561,26.198,32.756,88.9889999999999,201.284,64.5,3.3698406534547405,0.586,1.333,3.0694999999999997,4.036,5.732800000000001,7.610899999999997,15.31796000000002,49.773,702.7,11.300211069465266,1.795,2.721,3.129,4.107,24.707599999999992,71.675,98.57583999999984,318.395,62.8,4.935941825199889,1.571,2.1695,2.368,2.6135,2.9464,3.4257,81.02655999999972,422.834,
tpcc/sunstorm/tpcc-100-sunstorm-terminals20-20240125-165403/3-us-west-1,3-us-west-1,20240125-165403,141,89.0,52.0,,,,351,351,0,82227,36723,35672,3120,3303,3409,82719,1370.45,14.520169214185362,0.531,2.672,6.083,10.158,62.726699999999994,73.16085,108.84978999999969,385.529,100,20,60,50000,0,654.7,16.23658785916633,2.935,6.802,8.562,10.94,64.94479999999999,75.26939999999998,105.21048000000006,207.171,55.7,19.665090826521343,10.791,14.689,16.546,19.349,23.667600000000004,29.75799999999999,87.68284000000001,210.928,51.0,3.2840144230769233,0.531,1.49675,3.011,3.93425,5.266099999999999,6.8123999999999985,12.10606,105.671,622.0,14.13911209241035,1.633,2.371,2.74,3.653,65.8904,72.66939999999997,114.91973999999996,298.773,58.5,5.143587855676152,1.388,1.93,2.121,2.369,2.738,3.3045999999999998,108.44668000000034,385.529,
tpcc/sunstorm/tpcc-100-sunstorm-terminals20-20240125-165403/2-us-east-2,2-us-east-2,20240125-165403,54,26.0,28.0,,,,495,495,0,107719,48065,46500,4355,4416,4383,108268,1795.3166666666666,11.079854314734883,0.408,2.635,5.578,9.235,21.832399999999996,63.026,86.82172000000014,433.046,100,20,60,50000,0,842.4000000000001,12.928401832972916,2.255,6.265499999999999,7.822,9.992,23.013799999999996,65.67629999999996,85.41184,211.71,77.4,16.273799093997734,8.696,12.555499999999999,14.046,16.147,19.464,22.374200000000002,80.73201999999995,118.684,75.6,1.8441972445464982,0.408,0.835,1.663,2.345,3.1212,3.9573,6.638760000000004,32.994,811.7,10.170519584435699,1.457,2.409,2.751,3.518,24.943,63.2025,92.76499999999983,217.998,72.3,4.19180424366872,1.374,1.994,2.199,2.4665,2.8088,3.2729,66.8855200000005,433.046,
tpcc/sunstorm/tpcc-1-sunstorm-terminals80-20240127-225003/1-us-east-1,1-us-east-1,20240127-225003,64041,20132.0,42583.0,1.0,1167.0,158.0,99,99,0,14042,9734,493,1314,1183,1318,78182,234.03333333333333,142.49123057831468,0.0,9.70725,25.9875,243.61425,449.0036000000004,612.4807999999999,812.9964799999977,1617.898,1,80,60,50000,0,263.5,23.285856058060617,1.432,8.348,13.858,23.728,43.874,81.089,154.6364000000001,629.97,23.299999999999997,13.856256559766763,0.0,6.0,11.3285,18.8355,28.25650000000001,33.8397,44.4695699999999,118.459,23.6,3.37575494672755,0.503,1.1560000000000001,3.6345,4.55375,5.853300000000001,6.587899999999999,12.6287999999997,46.902,255.5,302.58730303865497,2.258,92.412,289.938,414.684,633.2494,709.329,1001.1318399999994,1617.898,23.6,2.7744889867841414,0.931,1.907,2.2960000000000003,3.0035,4.066,5.415200000000003,8.352060000000016,46.27,
tpcc/sunstorm/tpcc-1-sunstorm-terminals80-20240127-225003/3-us-west-1,3-us-west-1,20240127-225003,50108,16284.0,32760.0,4.0,894.0,166.0,86,86,1,11117,7785,388,1028,922,994,61312,185.28333333333333,182.6873515604161,0.001,10.057500000000001,29.774,361.091,521.0257999999999,735.9872999999999,1067.9614399999994,1620.025,1,80,60,50000,0,199.9,29.709473763621123,1.629,8.71825,15.094,27.287,77.46660000000001,88.7606,163.8692299999999,1027.917,17.200000000000003,13.554501876172607,0.001,6.20725,10.761,19.471,28.4015,34.234,43.335799999999914,93.517,16.9,3.657123540856031,0.566,1.215,3.6865,4.68875,6.183400000000001,7.5976,11.684500000000002,52.782,188.89999999999998,395.43102765348135,2.103,142.9715,393.19050000000004,507.22900000000004,754.9855,897.4117500000004,1429.3525,1620.025,17.8,2.942794258373206,0.823,1.945,2.376,3.153,4.7862,6.290599999999999,8.814399999999992,41.034,1.0
tpcc/sunstorm/tpcc-1-sunstorm-terminals80-20240127-225003/2-us-east-2,2-us-east-2,20240127-225003,77538,24619.0,51165.0,7.0,1556.0,191.0,119,119,2,17152,11993,621,1604,1336,1598,94811,285.8666666666667,117.90606241673659,0.001,10.248249999999999,27.2255,212.45125,339.9622000000002,477.05679999999995,658.6214299999991,1322.038,1,80,60,50000,0,285.1,23.913645285509954,1.491,8.7835,14.8265,24.9395,48.54980000000002,75.90869999999997,147.21032999999997,1035.689,26.3,15.605304938271603,0.001,7.06325,12.581,21.68225,31.512900000000002,38.00025,57.66968999999985,153.889,26.1,3.8159301745635914,0.531,1.187,3.8625,5.085000000000001,6.236,7.2397,12.469150000000004,65.392,278.0,246.47332946224253,2.374,91.08250000000001,241.748,325.39425,493.24190000000004,562.5534,744.8074699999995,1322.038,27.8,2.8734533898305084,0.881,2.01675,2.408,3.1585,4.2805,5.441699999999999,8.25905,49.255,2.0
tpcc/sunstorm/tpcc-10-sunstorm-terminals1-20240127-230613/1-us-east-1,1-us-east-1,20240127-230613,0,,,,,,37,37,0,6931,3161,2974,274,251,271,6968,115.51666666666667,8.593636663795579,0.486,1.901,4.3565000000000005,7.126,16.615499999999997,67.08125,72.099,233.426,10,1,60,50000,0,53.5,10.133361588989677,2.498,4.937,6.234,7.53,14.9286,24.17879999999999,72.95192,233.426,4.300000000000001,11.825490039840638,9.531,10.064,10.337,10.779,13.404,17.6265,47.978,83.069,4.1,0.6850328467153285,0.486,0.5652499999999999,0.605,0.6847500000000001,1.0144,1.15105,1.42535,2.96,49.9,8.016253279515642,1.549,1.818,1.948,2.336,17.3088,67.63459999999999,69.14324,79.956,4.6,1.7664132841328413,1.186,1.5765,1.718,1.8405,2.006,2.0525,3.535,8.386,
tpcc/sunstorm/tpcc-10-sunstorm-terminals1-20240127-230613/3-us-west-1,3-us-west-1,20240127-230613,0,,,,,,25,25,0,5595,2535,2402,223,208,227,5620,93.25,10.665743503025988,0.479,1.888,4.429,7.2545,57.24,67.32804999999999,72.90854,136.916,10,1,60,50000,0,44.6,12.213701445877295,2.642,5.041,6.405,7.743,14.5022,69.6013,73.72992,136.916,3.5,11.302235576923076,9.693,10.34225,10.5825,10.9915,12.774100000000002,19.000749999999993,19.577280000000002,21.126,3.8,0.7186995515695066,0.479,0.5865,0.638,0.7484999999999999,1.0168,1.0338,1.6940600000000006,2.884,40.0,10.720943773427738,1.524,1.794,1.925,2.231,58.433,67.643,69.237,85.268,3.5,1.8201057268722467,1.274,1.6115,1.757,1.9064999999999999,2.0602,2.154,3.4074200000000014,8.641,
tpcc/sunstorm/tpcc-10-sunstorm-terminals1-20240127-230613/2-us-east-2,2-us-east-2,20240127-230613,0,,,,,,36,36,0,7043,3148,3037,276,320,262,7079,117.38333333333334,8.46373364419952,0.525,2.027,4.762,7.854,16.508200000000006,57.0072,63.15095999999999,167.742,10,1,60,50000,0,52.5,10.374178391959799,2.627,5.42625,6.8415,8.286999999999999,15.807700000000022,58.873999999999995,64.16927,80.914,5.6,12.069515625,10.068,10.965499999999999,11.339,11.95125,13.969200000000006,19.10355,19.67758,20.462,4.5,0.7515072463768115,0.525,0.61575,0.659,0.79325,1.0234999999999999,1.0534999999999999,1.59975,3.361,50.6,7.345897528830313,1.622,1.937,2.076,2.516,17.1192,57.386,58.64125999999999,167.742,4.1,1.9205538461538463,1.37,1.7457500000000001,1.8695,2.00175,2.1364,2.2372,3.833020000000003,7.721,
tpcc/sunstorm/tpcc-10-sunstorm-terminals60-20240127-230613/1-us-east-1,1-us-east-1,20240127-230613,146310,26387.0,115424.0,1.0,1512.0,2986.0,831,831,3,153905,79371,52530,7543,7526,6935,301049,2565.0833333333335,18.94608365331437,0.52,4.984,9.161,16.886,67.3386,76.35929999999999,128.27443999999988,1049.338,10,60,60,50000,0,1450.8,15.11044021783782,1.792,7.671,9.94,13.201,24.34,71.691,82.858,1049.338,126.3,12.765364452660767,1.179,6.797,10.954,15.599,20.674,27.136199999999988,68.93711999999958,116.763,125.8,1.118935428268364,0.52,0.767,0.893,1.071,1.433,2.1065499999999986,5.776060000000005,50.961,1384.5,26.562879784820318,1.74,3.36,8.885,38.864999999999995,74.3673,90.15114999999999,141.14352999999994,266.59,126.2,3.5578918132522155,1.108,2.32,2.695,3.481,5.097,6.546,22.01779999999997,80.528,3.0
tpcc/sunstorm/tpcc-10-sunstorm-terminals60-20240127-230613/3-us-west-1,3-us-west-1,20240127-230613,132850,30734.0,98272.0,,1248.0,2596.0,678,678,0,127833,65345,43673,6501,6426,5888,261361,2130.55,22.35873671446516,0.505,4.35325,8.595,16.291,70.144,80.66115000000005,135.40447999999998,274.882,10,60,60,50000,0,1210.9,15.729746609200946,1.746,7.193,9.418,12.523499999999999,24.295200000000012,72.669,85.42269999999998,175.213,108.3,11.909699845201237,1.953,6.64525,10.477,14.81225,19.524200000000008,23.97974999999999,46.89853999999983,112.544,108.0,1.0230158437163515,0.505,0.745,0.865,1.047,1.351,1.709,3.961,42.241,1160.6,34.17706953310165,1.69,3.093,8.223,63.782,81.05640000000001,122.3628,156.92571999999967,274.882,109.5,2.975005110732538,1.313,2.214,2.57,3.214,4.472800000000001,5.446199999999999,8.077159999999974,55.349,
tpcc/sunstorm/tpcc-10-sunstorm-terminals60-20240127-230613/2-us-east-2,2-us-east-2,20240127-230613,149733,28620.0,116479.0,,1818.0,2816.0,832,832,2,164492,83534,57562,7933,7978,7485,315059,2741.5333333333333,17.956586577201314,0.499,4.901,9.632,16.96,58.992,68.642,113.564,1038.684,10,60,60,50000,0,1509.2,15.1265913831291,2.003,8.197,10.677,14.025,24.43540000000001,64.27419999999998,77.60161999999997,1038.684,134.10000000000002,14.066680377780537,1.16,7.633,12.084,17.2085,22.771000000000008,29.503699999999988,74.14898,182.626,132.5,1.1804976046394353,0.499,0.843,0.975,1.166,1.532800000000001,2.0697999999999994,4.819819999999969,58.267,1468.9,24.139993220025225,1.785,3.415,8.857,36.796,65.909,81.7245,125.58629999999991,238.33,134.8,3.560586026852312,1.386,2.529,2.922,3.67625,5.163,6.432699999999999,10.824269999999938,111.225,2.0
tpcc/sunstorm/tpcc-100-sunstorm-terminals60-20240125-165832/1-us-east-1,1-us-east-1,20240125-165832,1194,782.0,410.0,,1.0,1.0,688,688,0,142663,63779,61511,5779,5754,5840,144545,2377.7166666666667,25.09628925671717,0.664,5.13475,10.931,19.229,76.8227,91.51170000000013,147.01428999999993,7059.257,100,60,60,50000,0,1275.2,29.43081644018367,3.957,11.541,14.821,20.757,81.42970000000001,92.61985,148.84444000000005,7059.257,113.6,49.5217248999478,11.946,24.963,29.134,37.467,88.7418,98.04409999999999,124.56253999999997,6939.971,107.8,12.581134971448348,0.664,2.839,5.841,8.34,11.944599999999998,15.982599999999996,32.02152000000005,6892.038,1203.8,20.194948192085807,1.814,4.232,5.348,9.246500000000001,74.50139999999999,91.00469999999987,144.41357999999997,6908.303,114.0,17.241375749272137,1.739,3.092,3.636,4.5205,7.268799999999999,62.11609999999957,375.13679999999965,6991.133,
tpcc/sunstorm/tpcc-100-sunstorm-terminals60-20240125-165832/3-us-west-1,3-us-west-1,20240125-165832,8812,4194.0,4617.0,,1.0,,691,691,0,143100,63983,61499,5871,5918,5829,152603,2385.0,24.644671195950398,0.575,4.404,9.609,17.031,76.044,95.429,153.332,6953.192,100,60,60,50000,0,1210.0,27.774980500839824,3.236,10.116,12.9895,18.00675,79.0634,92.67814999999995,152.62316,6774.05,111.1,34.48799949298631,10.495,21.274,24.645,30.794,79.72,89.11519999999999,120.2995600000002,417.932,111.2,5.306156361778232,0.575,2.4185,4.294,6.166,8.901,11.422,25.407700000000034,272.11,1165.8000000000002,23.282318927973204,1.745,3.683,4.608,8.002,74.84479999999999,107.67899999999989,155.3394399999994,6953.192,107.1,13.611653971521703,1.53,2.739,3.208,4.055,7.077799999999994,36.145399999999945,274.871320000001,1069.211,
tpcc/sunstorm/tpcc-100-sunstorm-terminals60-20240125-165832/2-us-east-2,2-us-east-2,20240125-165832,7851,3569.0,4282.0,,,,650,650,0,133883,59998,57449,5457,5409,5570,142384,2231.383333333333,26.304806987780886,0.51,5.225,10.462,18.981,72.95420000000003,88.63279999999999,140.21920000000043,6945.982,100,60,60,50000,0,1235.8000000000002,29.63680779722664,2.432,10.734,13.841,20.36275,78.786,89.62049999999999,140.51675000000003,6887.923,113.4,38.24556061447344,11.112,22.6545,27.064,35.917500000000004,86.72260000000001,95.30339999999995,122.65015999999976,341.554,107.6,6.369146287809349,0.51,2.1805,5.45,8.0405,12.078800000000003,16.16720000000001,31.63332000000001,102.201,1182.8000000000002,24.530449056025603,1.483,4.299,5.469,9.907,67.109,88.366,139.1186,6945.982,108.69999999999999,16.113732040229884,1.684,2.882,3.4124999999999996,4.388,8.907700000000002,52.44964999999983,400.88042999999993,794.606,
tpcc/sunstorm/tpcc-1-sunstorm-terminals1-20240127-225003/1-us-east-1,1-us-east-1,20240127-225003,51,2.0,49.0,,,,19,19,0,4627,2117,1946,189,175,200,4697,77.11666666666666,12.88352842377261,0.479,3.776,4.653499999999999,7.207,20.648999999999997,72.12599999999998,122.77677999999997,292.677,1,1,60,50000,0,36.3,10.547286985018726,2.6,4.998,6.2775,7.54825,18.639,67.288,72.03610000000003,102.274,3.2,13.178649425287357,11.545,12.2765,12.5685,13.09525,15.065300000000008,18.284249999999997,19.430790000000002,19.555,3.0999999999999996,1.944243386243386,0.479,0.6,2.643,2.782,2.9742,3.0412,3.4291200000000037,10.239,32.599999999999994,17.637916709511572,1.558,1.948,3.988,4.301,73.7834,114.4048,129.27339999999984,292.677,3.5,1.67903,1.295,1.5465,1.647,1.79475,1.9052,1.9808999999999997,2.4035799999999994,3.995,
tpcc/sunstorm/tpcc-1-sunstorm-terminals1-20240127-225003/3-us-west-1,3-us-west-1,20240127-225003,78,2.0,76.0,,,,17,17,0,3904,1799,1624,161,164,156,3999,65.06666666666666,15.292231828615149,0.487,3.838,4.744,7.28,61.389,113.949,131.0076,261.61,1,1,60,50000,0,30.2,12.566681542699724,2.741,5.094,6.344,7.702500000000001,59.17280000000004,68.70289999999999,72.8825,125.808,2.5999999999999996,13.658103658536586,11.701,12.2645,12.554,12.98,16.77280000000002,19.010749999999998,20.21942000000001,85.419,2.5999999999999996,1.9902919254658387,0.487,0.638,2.675,2.835,2.925,3.116,4.652200000000008,6.422,26.700000000000003,21.12056430769231,1.513,1.967,3.969,4.35,119.9126,125.00139999999999,139.316,261.61,2.5,1.7491973684210524,1.346,1.63925,1.717,1.8225,1.9934000000000003,2.0684,2.266990000000001,4.215,
tpcc/sunstorm/tpcc-1-sunstorm-terminals1-20240127-225003/2-us-east-2,2-us-east-2,20240127-225003,63,,60.0,,3.0,,26,26,0,4540,1929,2024,209,197,181,4629,75.66666666666667,13.09980525739321,0.511,3.939,4.798,7.815,55.31100000000002,66.67520000000005,106.99987999999998,221.126,1,1,60,50000,0,31.599999999999998,10.545027635619244,2.982,5.21025,6.6545000000000005,8.184,18.413400000000006,59.91319999999999,63.701060000000005,136.538,3.4,14.168984848484847,12.31,13.01575,13.3915,13.92325,17.660700000000002,19.2969,19.68498,33.503,3.2,2.094732057416268,0.511,0.666,2.801,2.955,3.0832,3.1696,3.586759999999997,4.295,33.599999999999994,17.613589223924862,1.629,2.043,4.17,4.6005,68.4036,99.25709999999998,109.20707999999999,221.126,2.9,1.7683867403314917,1.315,1.606,1.73,1.859,2.011,2.174,2.3171999999999984,5.374,
tpcc/sunstorm/tpcc-100-sunstorm-terminals80-20240125-162034/1-us-east-1,1-us-east-1,20240125-162034,2512,1526.0,985.0,,1.0,,676,676,0,143127,64135,61847,5722,5703,5720,146315,2385.45,33.34727753236544,0.586,5.395,12.385,39.11,95.7554,131.73380000000006,210.74407999999997,952.741,100,80,60,50000,0,1075.3000000000002,39.74735159457874,3.256,12.404,18.066,47.8575,97.97980000000001,131.15434999999997,207.97387000000018,952.741,96.1,77.7597147373968,11.773,32.477,62.976,101.908,144.9042,178.63879999999997,301.8851599999998,853.331,95.6,25.22518544436669,0.586,1.595,8.552,34.74625,65.8455,96.9245,174.15700000000095,827.55,1015.2,25.932200614489005,1.813,4.152,5.603,11.308,89.65929999999999,131.5321,210.55805,865.222,97.80000000000001,4.932557712486883,1.48,2.80725,3.5145,4.69975,7.027900000000001,10.06654999999998,35.727459999999994,114.588,
tpcc/sunstorm/tpcc-100-sunstorm-terminals80-20240125-162034/3-us-west-1,3-us-west-1,20240125-162034,4505,2570.0,1935.0,,,,733,733,0,149429,66756,64765,5951,5998,5959,154667,2490.483333333333,31.910059282059485,0.556,4.864,11.996,36.3685,93.614,129.07775,202.1045999999994,914.253,100,80,60,50000,0,1122.0,37.65005415622729,2.972,11.987,17.359,44.262,95.44180000000003,129.32819999999987,203.6809999999998,794.45,101.7,66.40154947438678,11.16,30.357,53.58,88.95,125.26160000000002,152.65199999999993,219.15391999999977,571.011,99.8,18.601847756679547,0.556,2.05,8.358,27.1605,49.117,65.28450000000001,112.63149999999999,480.96,1078.6,26.4677484399135,1.656,3.792,5.009,11.812249999999999,94.8124,134.1241,207.1614700000001,914.253,100.9,4.664715388488001,1.449,2.826,3.497,4.605,6.8736,10.052299999999997,29.884180000000004,88.726,
tpcc/sunstorm/tpcc-100-sunstorm-terminals80-20240125-162034/2-us-east-2,2-us-east-2,20240125-162034,1942,1171.0,771.0,,,,608,608,0,138951,62036,59996,5660,5708,5551,141501,2315.85,34.372869895910995,0.537,5.153,12.292,32.34,86.0575,115.21875,187.97649999999942,8897.462,100,80,60,50000,0,1199.6999999999998,38.778719191757844,3.818,12.347,17.554,39.616,87.807,113.1977999999999,178.99387999999988,8872.479,108.4,63.59966777758288,11.391,30.386,49.036,86.627,116.867,145.254,215.053,595.521,105.4,20.20545706713781,0.537,1.763,7.9015,27.27175,56.133000000000024,79.28685000000003,132.40710999999996,463.785,1141.2,31.036740109038167,1.706,3.98,5.308,11.397,81.37920000000001,120.4541,200.44944,8897.462,102.8,5.159235453071519,1.403,2.96,3.793,5.0995,7.773,12.2915,32.0355,158.798,
tpcc/sunstorm/tpcc-1-sunstorm-terminals60-20240127-225003/1-us-east-1,1-us-east-1,20240127-225003,51822,16088.0,34873.0,1.0,698.0,162.0,99,99,1,12195,8575,581,1066,941,1032,64117,203.25,128.24073788949048,0.001,8.827,21.959,228.094,395.93340000000006,530.9814,799.326119999999,1697.25,1,60,60,50000,0,208.3,21.287823204419887,1.371,7.8395,12.031,21.079,36.3329,76.64789999999999,152.83446999999884,1017.189,17.3,11.963890699904123,0.001,5.4955,10.111,16.1795,24.3212,28.715999999999998,39.53629999999999,85.645,18.0,3.3332598499061916,0.557,1.09575,3.4880000000000004,4.395,5.330500000000001,6.0075,9.293599999999932,47.896,205.39999999999998,273.1727937853108,2.14,66.30924999999999,257.5715,366.57425,544.034,681.40025,1061.8718999999924,1697.25,18.3,2.6535195530726257,0.844,1.88825,2.292,2.86175,3.8448000000000007,5.181249999999999,8.36193,37.221,1.0
tpcc/sunstorm/tpcc-1-sunstorm-terminals60-20240127-225003/3-us-west-1,3-us-west-1,20240127-225003,42814,13688.0,28351.0,6.0,608.0,161.0,74,74,1,10182,7138,484,899,812,849,53071,169.7,155.21125587738666,0.001,8.892,23.03,277.746,484.1964000000001,659.1072,1009.0392800000009,2185.961,1,60,60,50000,0,166.7,25.99301942296813,1.364,7.8942499999999995,12.648,22.457749999999997,71.464,83.9765,296.96085000000187,1015.055,14.6,12.214873333333333,0.001,5.34925,9.919,16.006,23.6392,29.8788,49.53459999999994,103.734,14.8,3.4465600000000003,0.523,1.13475,3.5995,4.59525,5.5584999999999996,6.371049999999999,11.810709999999995,41.82,160.7,336.1594857580398,2.376,89.6525,330.505,448.55150000000003,673.4302,841.2909999999998,1206.45008,2185.961,14.6,2.739910714285714,0.869,1.9015,2.342,2.8682499999999997,3.969,5.1915000000000004,9.231399999999988,38.805,1.0
tpcc/sunstorm/tpcc-1-sunstorm-terminals60-20240127-225003/2-us-east-2,2-us-east-2,20240127-225003,67689,21365.0,44952.0,7.0,1133.0,232.0,108,108,0,15826,10900,775,1438,1263,1450,83623,263.76666666666665,98.91922156002539,0.001,9.033000000000001,22.327,165.992,305.12859999999995,409.9603000000001,589.1190000000001,876.675,1,60,60,50000,0,272.2,20.701621570192128,1.512,8.079,12.393,21.6175,39.391,71.441,152.5861000000005,451.934,23.700000000000003,14.261203613620568,0.001,6.157500000000001,11.095,19.747500000000002,28.966600000000003,34.60409999999999,70.60163999999754,115.532,23.0,3.479862404447532,0.546,1.13,3.777,4.732,5.6302,6.374999999999999,10.90935999999997,49.314,261.5,206.82851915167095,2.231,65.3205,196.26,292.43625,426.00820000000004,484.2351499999999,647.28755,876.675,25.0,2.7067886393659184,0.944,1.98725,2.3635,2.881,3.684100000000001,4.569499999999998,7.252759999999995,41.371,
