path,region,hot,workload,mr,suffix,rejected,rejected.WorkloadF1,rejected.WorkloadF2,rejected.WorkloadF3,aborted,unexpected,completed,completed.WorkloadF1,completed.WorkloadF2,completed.WorkloadF3,total,ood_index_page.WorkloadF3,ood_table.WorkloadF3,ood_tuple.WorkloadF3,other_aborts.WorkloadF3,deadlock.WorkloadF3,ood_index_page.WorkloadF2,ood_table.WorkloadF2,ood_tuple.WorkloadF2,other_aborts.WorkloadF2,deadlock.WorkloadF2,ood_index_page.WorkloadF1,ood_table.WorkloadF1,ood_tuple.WorkloadF1,other_aborts.WorkloadF1,deadlock.WorkloadF1,ood_index_page,ood_table,ood_tuple,other_aborts,deadlock,avg,p0,p25,p50,p75,p90,p95,p99,p100,avg.WorkloadF1,p0.WorkloadF1,p25.WorkloadF1,p50.WorkloadF1,p75.WorkloadF1,p90.WorkloadF1,p95.WorkloadF1,p99.WorkloadF1,p100.WorkloadF1,avg.WorkloadF2,p0.WorkloadF2,p25.WorkloadF2,p50.WorkloadF2,p75.WorkloadF2,p90.WorkloadF2,p95.WorkloadF2,p99.WorkloadF2,p100.WorkloadF2,avg.WorkloadF3,p0.WorkloadF3,p25.WorkloadF3,p50.WorkloadF3,p75.WorkloadF3,p90.WorkloadF3,p95.WorkloadF3,p99.WorkloadF3,p100.WorkloadF3,throughput,throughput.WorkloadF2,throughput.WorkloadF3,scalefactor,terminals,time,rate,warmup,throughput.WorkloadF1
ycsb/rmw-yugabyte/ycsb-throughput-yugabyte-hot0-F-mr15-20240501-110250/3-ap-northeast-1-0,3-ap-northeast-1-0,1000000,F,15,20240501-110250,2263,1290,867.0,106.0,0,0,166464,142196,20808.0,3460.0,168727,0.0,0.0,0.0,106.0,0.0,0.0,0.0,0.0,867.0,0.0,0,0,0,1290,0,0,0,0,2263,0,271.4177684705602,52.516,85.365,98.553,117.741,1121.4782000000002,1378.17885,1650.7022399999998,3278.792,98.7036378141065,56.776,83.383,94.705,107.298,120.1414,129.208,251.86355999999995,1683.228,1234.405521949599,736.933,1082.6915,1195.563,1387.3285,1593.365,1626.304,1837.2799999999997,3278.792,1519.6501399248336,1011.541,1372.275,1515.423,1671.49,1816.4284,1875.4462999999998,2057.59168,2293.898,1849.598978425382,240.4,39.2,1000,512,90,50000,30,1588.9
ycsb/rmw-yugabyte/ycsb-throughput-yugabyte-hot0-F-mr15-20240501-110250/1-us-east-1-0,1-us-east-1-0,1000000,F,15,20240501-110250,2500,1618,755.0,127.0,0,0,185794,158556,23455.0,3783.0,188294,0.0,0.0,0.0,127.0,0.0,0.0,0.0,0.0,755.0,0.0,0,0,0,1618,0,0,0,0,2500,0,244.03101446685477,71.038,115.017,132.757,158.3075,629.7828000000002,1101.3022999999998,1393.8168400000006,2073.084,130.27297365409524,76.634,112.34625,127.602,144.398,161.347,172.752,200.82838000000012,1739.124,877.4273245992215,187.078,552.3040000000001,908.051,1132.789,1310.948,1467.912,1860.1838999999998,2073.084,1044.9732057366361,609.074,895.9205,1013.644,1169.6509999999998,1332.376,1422.1825,1654.1101399999993,2006.014,2064.369776532836,268.2,42.900000000000006,1000,512,90,50000,30,1773.5
ycsb/rmw-yugabyte/ycsb-throughput-yugabyte-hot0-F-mr15-20240501-110250/2-eu-west-1-0,2-eu-west-1-0,1000000,F,15,20240501-110250,2524,1561,818.0,145.0,0,0,174909,149191,22050.0,3668.0,177433,0.0,0.0,0.0,145.0,0.0,0.0,0.0,0.0,818.0,0.0,0,0,0,1561,0,0,0,0,2524,0,255.31200235600022,70.118,112.35925,129.476,153.33475,608.99,1246.39825,1625.40255,2626.313,126.83128850508486,75.255,109.78325000000001,124.4605,140.39,156.0865,166.2655,189.25410000000005,1823.112,958.3324439416123,131.241,539.8945,724.495,1393.8915000000002,1613.4081999999999,1637.7645,1846.8701,2626.313,1175.4647094612706,690.392,1022.803,1165.284,1334.5774999999999,1466.465,1581.8895,1685.1767,1736.571,1943.4217061435756,252.1,42.099999999999994,1000,512,90,50000,30,1673.6999999999998
ycsb/rmw-yugabyte/ycsb-throughput-yugabyte-hot1000-F-mr5-20240501-110250/3-ap-northeast-1-0,3-ap-northeast-1-0,1000,F,5,20240501-110250,33705,27531,5221.0,953.0,0,0,151867,148767,2759.0,341.0,185572,0.0,0.0,0.0,953.0,0.0,0.0,0.0,0.0,5221.0,0.0,0,0,0,27531,0,0,0,0,33705,0,241.8635545589141,51.019,124.70925,148.426,227.99650000000003,398.8985,831.4205,1490.7516000000003,5257.293,196.76896647790593,63.527,123.56075000000001,145.807,192.13125,348.81170000000003,416.14880000000016,1005.8820400000053,5257.293,1150.1094645722833,383.575,886.079,1139.534,1386.055,1598.5876,1801.0847999999999,2548.4478799999815,4030.958,1286.0032389306598,330.882,911.679,1333.242,1587.682,1859.5292,1975.7832,2681.758,3908.015,1687.4063204895715,89.30000000000001,14.3,1000,512,90,50000,30,1947.1999999999998
ycsb/rmw-yugabyte/ycsb-throughput-yugabyte-hot1000-F-mr5-20240501-110250/1-us-east-1-0,1-us-east-1-0,1000,F,5,20240501-110250,41530,35286,5246.0,998.0,0,0,155313,151722,3208.0,383.0,196843,0.0,0.0,0.0,998.0,0.0,0.0,0.0,0.0,5246.0,0.0,0,0,0,35286,0,0,0,0,41530,0,232.76865282835269,85.833,155.4915,185.171,229.837,324.2572000000001,559.3509999999993,1198.70022,5517.377,206.37964444829583,89.285,154.765,182.786,221.373,278.9788,345.16239999999993,729.4777199999982,5517.377,780.4438032618466,175.262,541.1904999999999,691.994,1023.886,1261.916,1390.3685999999998,1762.191180000002,3955.536,916.3777894736842,299.043,699.996,885.286,1123.083,1279.7400000000002,1440.7488,1819.1057999999987,3771.522,1725.6806093706587,93.9,15.5,1000,512,90,50000,30,2077.5
ycsb/rmw-yugabyte/ycsb-throughput-yugabyte-hot1000-F-mr5-20240501-110250/2-eu-west-1-0,2-eu-west-1-0,1000,F,5,20240501-110250,30664,24826,4950.0,888.0,0,0,147861,144632,2910.0,319.0,178525,0.0,0.0,0.0,888.0,0.0,0.0,0.0,0.0,4950.0,0.0,0,0,0,24826,0,0,0,0,30664,0,192.4961840254128,63.108,116.682,138.913,169.4085,249.93050000000025,557.8327999999999,1299.569239999998,7231.62,160.59838782025506,64.913,115.632,136.703,163.498,202.77400000000006,265.4670000000003,751.8262800000001,7231.62,787.430757827389,121.642,501.96225,654.5975000000001,1172.7047499999999,1412.877,1619.884,1842.0451,4461.095,969.4938828049952,263.443,721.704,952.258,1188.595,1409.557,1520.299,1817.7421999999979,2551.835,1642.8953341955053,85.4,13.1,1000,512,90,50000,30,1853.5
ycsb/rmw-yugabyte/ycsb-throughput-yugabyte-hot1000-F-mr15-20240501-110250/3-ap-northeast-1-0,3-ap-northeast-1-0,1000,F,15,20240501-110250,29270,15492,11613.0,2165.0,0,0,117087,108675,7487.0,925.0,146357,0.0,0.0,0.0,2165.0,0.0,0.0,0.0,0.0,11613.0,0.0,0,0,0,15492,0,0,0,0,29270,0,305.8209468228067,23.103,72.11,91.0715,291.65274999999997,1036.3100999999997,1341.1964999999996,1786.9050099999997,5554.805,165.83076171682686,31.72,69.58699999999999,84.495,118.81049999999999,336.1318000000003,556.7375999999995,1315.0479599999983,5554.805,1123.5625714604982,363.357,889.0242499999999,1109.662,1344.98125,1568.2743,1776.3570999999995,2243.1756399999977,4160.231,1264.1764917582418,340.25,896.05675,1319.7455,1574.4807500000002,1831.9548,1979.998199999999,2533.906909999999,4412.848,1300.9591634280569,210.3,33.8,1000,512,90,50000,30,1358.6
ycsb/rmw-yugabyte/ycsb-throughput-yugabyte-hot1000-F-mr15-20240501-110250/1-us-east-1-0,1-us-east-1-0,1000,F,15,20240501-110250,40094,24298,13127.0,2669.0,0,0,134792,124303,9328.0,1161.0,174886,0.0,0.0,0.0,2669.0,0.0,0.0,0.0,0.0,13127.0,0.0,0,0,0,24298,0,0,0,0,40094,0,257.7650210295113,50.191,111.034,135.85250000000002,220.6,644.6395000000003,967.3657000000011,1425.3351699999992,5183.686,174.25154215559334,58.256,108.084,128.369,162.895,258.22510000000005,440.94595000000004,1044.8253600000014,5047.787,758.3984869227822,160.801,504.015,653.27,998.0327500000001,1255.5585,1425.8,1851.8245,5183.686,907.2774210838021,281.195,668.402,884.238,1115.212,1286.171,1468.6667999999995,1891.5909599999993,3986.843,1497.6888651588408,248.3,43.2,1000,512,90,50000,30,1646.0
ycsb/rmw-yugabyte/ycsb-throughput-yugabyte-hot1000-F-mr15-20240501-110250/2-eu-west-1-0,2-eu-west-1-0,1000,F,15,20240501-110250,25310,12867,10355.0,2088.0,0,0,111806,103825,7121.0,860.0,137116,0.0,0.0,0.0,2088.0,0.0,0.0,0.0,0.0,10355.0,0.0,0,0,0,12867,0,0,0,0,25310,0,217.84431431933334,18.993,62.18775,82.31700000000001,135.339,611.9405000000003,1120.0555,1572.4171200000005,4750.619,122.29930960989364,26.198,59.982,75.884,101.0055,194.2076,403.3572999999997,1075.8341799999998,4750.619,770.6555973448634,101.288,463.431,614.6,1129.679,1374.829,1578.638,1992.173799999998,4724.634,969.220852038835,243.419,686.648,986.812,1193.741,1432.3226,1577.7796,2023.31592,3472.725,1242.2842434497795,190.0,32.6,1000,512,90,50000,30,1272.6
ycsb/rmw-yugabyte/ycsb-throughput-yugabyte-hot10000-F-mr50-20240501-110250/3-ap-northeast-1-0,3-ap-northeast-1-0,10000,F,50,20240501-110250,5196,675,3666.0,855.0,0,0,68920,36391,27942.0,4587.0,74116,0.0,0.0,0.0,855.0,0.0,0.0,0.0,0.0,3666.0,0.0,0,0,0,675,0,0,0,0,5196,0,617.1554977582739,9.821,21.603749999999998,434.64549999999997,1185.502,1497.9079999999997,1540.4582499999992,1865.0049200000003,5276.302,47.18876630464149,11.27,18.531,21.657,25.61175,31.051,217.65609999999995,702.5280600000061,3312.174,1184.5020770722574,682.124,1014.1990000000001,1176.175,1311.1260000000002,1523.9936,1722.6128999999999,1956.5721999999996,3594.647,1471.1979441795788,931.48,1316.484,1454.1965,1598.693,1772.9098000000001,1882.36015,2190.01281,5276.302,765.776568812274,351.7,60.9,1000,512,90,50000,30,408.6
ycsb/rmw-yugabyte/ycsb-throughput-yugabyte-hot10000-F-mr50-20240501-110250/1-us-east-1-0,1-us-east-1-0,10000,F,50,20240501-110250,7574,1032,5266.0,1276.0,0,0,100263,52944,40938.0,6381.0,107837,0.0,0.0,0.0,1276.0,0.0,0.0,0.0,0.0,5266.0,0.0,0,0,0,1032,0,0,0,0,7574,0,424.8695072070813,16.511,41.698,240.936,831.339,1100.3426000000002,1214.5509999999995,1587.182559999999,4087.132,56.79604878684132,23.08,36.12375,41.8035,48.414,56.7657,77.50419999999998,456.56105999999994,3768.032,780.4240127033751,141.328,454.132,707.223,1033.51,1208.483,1371.881,1691.9648000000013,4087.132,965.1124420630531,511.966,805.9015,914.117,1075.1495,1269.9081000000003,1421.4641,1726.0799199999967,2750.47,1114.0253618010763,512.9,84.7,1000,512,90,50000,30,596.3
ycsb/rmw-yugabyte/ycsb-throughput-yugabyte-hot10000-F-mr50-20240501-110250/2-eu-west-1-0,2-eu-west-1-0,10000,F,50,20240501-110250,7223,924,5102.0,1197.0,0,0,90048,47754,36688.0,5606.0,97271,0.0,0.0,0.0,1197.0,0.0,0.0,0.0,0.0,5102.0,0.0,0,0,0,924,0,0,0,0,7223,0,463.6735099419193,3.984,38.459,220.7865,878.118,1316.5867,1528.0129,1748.13039,3726.434,54.59759950569079,21.159,33.4755,38.814499999999995,45.006,52.165600000000005,60.653400000000026,478.1140999999999,3503.546,859.8420984368502,89.277,449.828,601.731,1312.406,1530.0156000000002,1543.5172,1854.436360000001,3726.434,1092.2715902408506,534.67,945.027,1089.31,1242.76425,1382.1886,1520.7329499999998,1721.891799999998,3593.669,1000.5316440690565,463.3,76.0,1000,512,90,50000,30,546.1
ycsb/rmw-yugabyte/ycsb-throughput-yugabyte-hot10000-F-mr5-20240501-110250/3-ap-northeast-1-0,3-ap-northeast-1-0,10000,F,5,20240501-110250,6872,5278,1345.0,249.0,0,0,195686,187186,7327.0,1173.0,202558,0.0,0.0,0.0,249.0,0.0,0.0,0.0,0.0,1345.0,0.0,0,0,0,5278,0,0,0,0,6872,0,227.06648117817662,93.088,142.4275,163.169,188.56075,233.1446,785.7869,1565.5350599999947,4467.815,171.77109999163338,94.779,141.365,161.171,183.896,209.81,236.35524999999998,411.1217499999999,4195.509,1274.8395791427201,729.741,1101.8345,1244.1235000000001,1428.87325,1633.0001,1713.3819,1924.41769,4467.815,1585.3524548929663,988.089,1399.172,1566.66,1727.016,1887.4680999999998,1980.4462999999982,2668.8363300000133,4309.353,2174.281271825944,93.8,15.6,1000,512,90,50000,30,2140.5
ycsb/rmw-yugabyte/ycsb-throughput-yugabyte-hot10000-F-mr5-20240501-110250/1-us-east-1-0,1-us-east-1-0,10000,F,5,20240501-110250,7133,5644,1224.0,265.0,0,0,194190,185513,7514.0,1163.0,201323,0.0,0.0,0.0,265.0,0.0,0.0,0.0,0.0,1224.0,0.0,0,0,0,5644,0,0,0,0,7133,0,229.69798893267122,110.285,165.77175,188.7705,216.225,254.199,503.4629499999998,1248.435299999998,3674.529,192.58509111429026,112.126,164.58525,186.51850000000002,211.07175,236.9211,255.7878499999999,327.6905399999994,3674.529,916.3206887200467,224.915,611.4000000000001,850.909,1182.103,1361.9768,1510.9193999999995,1895.4072999999992,2645.718,1079.6569185619958,604.847,921.6990000000001,1056.004,1211.1934999999999,1387.6267999999998,1512.2855,1826.0984399999957,2356.356,2157.6422298580637,96.4,16.1,1000,512,90,50000,30,2123.8
ycsb/rmw-yugabyte/ycsb-throughput-yugabyte-hot10000-F-mr5-20240501-110250/2-eu-west-1-0,2-eu-west-1-0,10000,F,5,20240501-110250,6823,5274,1251.0,298.0,0,0,194282,185750,7341.0,1191.0,201105,0.0,0.0,0.0,298.0,0.0,0.0,0.0,0.0,1251.0,0.0,0,0,0,5274,0,0,0,0,6823,0,220.45654520473215,102.076,153.76825,175.263,200.27175,233.235,501.93825000000004,1442.54385,5047.267,179.2985870043057,103.727,152.651,173.202,195.748,218.48280000000003,234.73299999999998,303.9220399999998,5047.267,981.1460148933635,157.614,590.389,759.573,1411.823,1639.933,1695.1326000000001,1901.8626000000002,4085.579,1198.5297844827587,654.846,1044.605,1190.7365,1363.164,1497.9373,1622.8057000000001,1749.30921,2128.53,2158.6755981151136,96.6,16.5,1000,512,90,50000,30,2122.6000000000004
ycsb/rmw-yugabyte/ycsb-throughput-yugabyte-hot10000-F-mr0-20240501-110250/3-ap-northeast-1-0,3-ap-northeast-1-0,10000,F,0,20240501-110250,6989,6989,,,0,0,214310,214310,,,221299,,,,,,,,,,,0,0,0,6989,0,0,0,0,6989,0,208.64916457481954,120.664,177.568,201.643,228.979,257.8406,283.0827499999999,424.5722099999999,723.915,208.64916457481954,120.664,177.568,201.643,228.979,257.8406,283.0827499999999,424.5722099999999,723.915,,,,,,,,,,,,,,,,,,,2381.21039358605,,,1000,512,90,50000,30,2461.0
ycsb/rmw-yugabyte/ycsb-throughput-yugabyte-hot10000-F-mr0-20240501-110250/1-us-east-1-0,1-us-east-1-0,10000,F,0,20240501-110250,6701,6701,,,0,0,205562,205562,,,212263,,,,,,,,,,,0,0,0,6701,0,0,0,0,6701,0,218.3845708556022,129.421,189.487,214.66449999999998,242.475,270.737,289.818,337.9817999999998,649.461,218.3845708556022,129.421,189.487,214.66449999999998,242.475,270.737,289.818,337.9817999999998,649.461,,,,,,,,,,,,,,,,,,,2284.012165158345,,,1000,512,90,50000,30,2358.8
ycsb/rmw-yugabyte/ycsb-throughput-yugabyte-hot10000-F-mr0-20240501-110250/2-eu-west-1-0,2-eu-west-1-0,10000,F,0,20240501-110250,6998,6998,,,0,0,211485,211485,,,218483,,,,,,,,,,,0,0,0,6998,0,0,0,0,6998,0,212.94676695625455,125.178,184.57,209.6005,236.87824999999998,264.2103,282.00064999999995,325.7200300000002,721.902,212.94676695625455,125.178,184.57,209.6005,236.87824999999998,264.2103,282.00064999999995,325.7200300000002,721.902,,,,,,,,,,,,,,,,,,,2349.825578908923,,,1000,512,90,50000,30,2427.3999999999996
ycsb/rmw-yugabyte/ycsb-throughput-yugabyte-hot100000-F-mr50-20240501-110250/3-ap-northeast-1-0,3-ap-northeast-1-0,100000,F,50,20240501-110250,1232,278,783.0,171.0,0,0,74110,37545,31486.0,5079.0,75342,0.0,0.0,0.0,171.0,0.0,0.0,0.0,0.0,783.0,0.0,0,0,0,278,0,0,0,0,1232,0,607.1181411065081,9.2,22.345,219.1575,1186.15975,1482.4192,1527.8828,1744.67152,3007.821,27.536949355359653,11.556,19.047,22.426,26.377,30.480800000000006,33.327000000000005,225.1576799999995,1598.38,1178.8138111635476,692.023,1018.411,1175.43,1309.538,1520.7252,1528.8028000000002,1742.07504,3007.821,1465.6962484459593,987.749,1324.373,1480.014,1595.442,1755.818,1811.8078,1975.24584,2745.367,823.4351216217889,357.5,58.2,1000,512,90,50000,30,424.4
ycsb/rmw-yugabyte/ycsb-throughput-yugabyte-hot100000-F-mr50-20240501-110250/1-us-east-1-0,1-us-east-1-0,100000,F,50,20240501-110250,1679,369,1095.0,215.0,0,0,106056,53479,45151.0,7426.0,107735,0.0,0.0,0.0,215.0,0.0,0.0,0.0,0.0,1095.0,0.0,0,0,0,369,0,0,0,0,1679,0,425.4789965865533,15.12,41.81,161.116,857.4870000000001,1091.1466000000003,1206.3644,1517.1943599999995,3240.149,44.92018352430977,23.522,36.289,41.917,48.128,54.466,58.907199999999996,96.67852000000019,1411.423,786.1189021760525,142.165,454.87,835.749,1033.834,1205.177,1366.3462,1668.3822,3240.149,962.6507339266739,531.378,810.3902499999999,913.5445,1072.7785000000001,1242.703,1359.80215,1612.8374899999992,2111.01,1178.39228606079,512.9000000000001,85.3,1000,512,90,50000,30,597.5
ycsb/rmw-yugabyte/ycsb-throughput-yugabyte-hot100000-F-mr50-20240501-110250/2-eu-west-1-0,2-eu-west-1-0,100000,F,50,20240501-110250,1588,346,1054.0,188.0,0,0,94859,47566,40666.0,6627.0,96447,0.0,0.0,0.0,188.0,0.0,0.0,0.0,0.0,1054.0,0.0,0,0,0,346,0,0,0,0,1588,0,473.46244815293534,4.768,38.349,239.309,950.1185,1319.6875,1530.029,1744.36465,4255.944,41.232282329173586,22.12,33.555499999999995,38.47,43.950500000000005,49.426,53.30309999999999,64.98066,2194.639,878.4009836563213,90.699,450.946,606.0525,1316.3452499999999,1531.6908,1539.85545,1752.6494599999999,4255.944,1088.8046693149454,652.302,949.566,1090.406,1237.5155,1373.688,1456.6925,1599.3856,3504.051,1053.9822386474232,463.6,74.5,1000,512,90,50000,30,529.4
ycsb/rmw-yugabyte/ycsb-throughput-yugabyte-hot1000-F-mr0-20240501-110250/3-ap-northeast-1-0,3-ap-northeast-1-0,1000,F,0,20240501-110250,37823,37823,,,0,0,171653,171653,,,209476,,,,,,,,,,,0,0,0,37823,0,0,0,0,37823,0,219.98919285283327,96.204,165.64,192.932,237.79775,374.74730000000005,413.69915,485.19865000000027,1146.185,219.98919285283327,96.204,165.64,192.932,237.79775,374.74730000000005,413.69915,485.19865000000027,1146.185,,,,,,,,,,,,,,,,,,,1907.2405739477401,,,1000,512,90,50000,30,2326.4
ycsb/rmw-yugabyte/ycsb-throughput-yugabyte-hot1000-F-mr0-20240501-110250/1-us-east-1-0,1-us-east-1-0,1000,F,0,20240501-110250,43595,43595,,,0,0,173441,173441,,,217036,,,,,,,,,,,0,0,0,43595,0,0,0,0,43595,0,216.84802853315665,106.511,177.87075000000002,206.31650000000002,243.23725,290.4377,329.04309999999987,428.945,1197.482,216.84802853315665,106.511,177.87075000000002,206.31650000000002,243.23725,290.4377,329.04309999999987,428.945,1197.482,,,,,,,,,,,,,,,,,,,1927.107374416622,,,1000,512,90,50000,30,2427.0
ycsb/rmw-yugabyte/ycsb-throughput-yugabyte-hot1000-F-mr0-20240501-110250/2-eu-west-1-0,2-eu-west-1-0,1000,F,0,20240501-110250,45280,45280,,,0,0,167679,167679,,,212959,,,,,,,,,,,0,0,0,45280,0,0,0,0,45280,0,229.40097087152353,115.623,191.344,219.832,253.34550000000002,295.04279999999994,339.9267,451.45435999999995,1235.933,229.40097087152353,115.623,191.344,219.832,253.34550000000002,295.04279999999994,339.9267,451.45435999999995,1235.933,,,,,,,,,,,,,,,,,,,1863.0809962633246,,,1000,512,90,50000,30,2361.2
ycsb/rmw-yugabyte/ycsb-throughput-yugabyte-hot10000-F-mr15-20240501-110250/3-ap-northeast-1-0,3-ap-northeast-1-0,10000,F,15,20240501-110250,7205,2961,3490.0,754.0,0,0,158921,138300,17905.0,2716.0,166126,0.0,0.0,0.0,754.0,0.0,0.0,0.0,0.0,3490.0,0.0,0,0,0,2961,0,0,0,0,7205,0,275.25446008581093,45.623,79.712,93.156,115.37125,1113.1511,1371.53495,1725.22605,4398.972,107.02906788541489,50.941,77.69874999999999,89.145,102.559,118.91690000000001,147.0829499999998,537.6473500000002,2458.02,1229.4824085336188,692.276,1060.445,1214.968,1381.16575,1595.2369,1651.26395,1866.8548200000025,4398.972,1522.6813042519686,919.663,1356.787,1491.513,1677.1995,1849.968,1920.9940999999997,2188.852879999999,3398.573,1765.776990573413,236.7,37.7,1000,512,90,50000,30,1568.4
ycsb/rmw-yugabyte/ycsb-throughput-yugabyte-hot10000-F-mr15-20240501-110250/1-us-east-1-0,1-us-east-1-0,10000,F,15,20240501-110250,8232,4018,3447.0,767.0,0,0,173085,149776,20203.0,3106.0,181317,0.0,0.0,0.0,767.0,0.0,0.0,0.0,0.0,3447.0,0.0,0,0,0,4018,0,0,0,0,8232,0,253.25975871536266,71.605,119.71,138.715,168.38150000000002,644.3194000000016,1092.5012999999997,1423.606689999998,3401.457,143.524451773495,78.778,116.957,133.0745,151.66575,172.31459999999998,192.1896999999999,464.2941899999997,3401.457,856.8923253927154,188.443,549.9435000000001,766.5885000000001,1123.39425,1305.2585000000001,1466.89245,1860.4603700000002,2937.141,1046.5494329700273,554.948,884.0995,1025.6660000000002,1170.49075,1345.5283,1478.7658999999999,1845.51595,2836.146,1923.1521939634624,262.0,42.7,1000,512,90,50000,30,1703.6
ycsb/rmw-yugabyte/ycsb-throughput-yugabyte-hot10000-F-mr15-20240501-110250/2-eu-west-1-0,2-eu-west-1-0,10000,F,15,20240501-110250,7703,3606,3315.0,782.0,0,0,163644,142225,18579.0,2840.0,171347,0.0,0.0,0.0,782.0,0.0,0.0,0.0,0.0,3315.0,0.0,0,0,0,3606,0,0,0,0,7703,0,252.7332829060031,64.333,106.99125000000001,123.80250000000001,149.29424999999998,617.0374999999999,1188.611,1618.071549999999,3902.913,130.53208117203687,69.992,104.478,118.901,135.36,153.0,167.76604999999995,536.8174599999992,3902.913,933.578307211202,127.388,534.618,714.445,1379.029,1604.0396,1630.2266,1850.9753999999996,3210.401,1152.3778639953202,588.987,983.8875,1141.42,1317.815,1467.6399999999999,1603.9248,1754.10082,2737.138,1818.2603725159524,243.0,39.3,1000,512,90,50000,30,1609.2
ycsb/rmw-yugabyte/ycsb-throughput-yugabyte-hot100000-F-mr15-20240501-110250/3-ap-northeast-1-0,3-ap-northeast-1-0,100000,F,15,20240501-110250,2112,1118,849.0,145.0,0,0,163200,139481,20368.0,3351.0,165312,0.0,0.0,0.0,145.0,0.0,0.0,0.0,0.0,849.0,0.0,0,0,0,1118,0,0,0,0,2112,0,276.86879956985587,53.795,89.162,103.503,124.613,1131.8705,1381.15375,1660.6344499999993,3299.017,103.91362901067127,58.453,87.065,99.292,113.069,127.343,137.247,250.44599999999775,2071.482,1243.4500717956175,738.401,1086.34175,1226.9915,1391.9895000000001,1599.0967999999998,1632.4122,1840.20994,3299.017,1526.4109247471742,1009.405,1374.412,1522.0245,1675.39175,1829.6056999999998,1901.9400999999996,2068.6008699999993,2804.371,1813.330320827523,235.2,39.3,1000,512,90,50000,30,1564.0
ycsb/rmw-yugabyte/ycsb-throughput-yugabyte-hot100000-F-mr15-20240501-110250/1-us-east-1-0,1-us-east-1-0,100000,F,15,20240501-110250,2440,1457,814.0,169.0,0,0,180892,154291,22888.0,3713.0,183332,0.0,0.0,0.0,169.0,0.0,0.0,0.0,0.0,814.0,0.0,0,0,0,1457,0,0,0,0,2440,0,250.68324848093016,75.258,120.588,138.77,164.833,635.5940000000005,1103.8834,1418.3983200000002,3110.015,136.49950676833723,80.905,117.832,133.382,150.794,167.7916,179.344,208.98919999999998,3110.015,878.3280247948018,196.637,555.2642500000001,904.1275,1132.37075,1311.4183,1468.7663,1871.0931,2609.458,1057.8181411364233,609.164,900.02,1036.934,1175.769,1342.4080000000001,1457.1972999999998,1824.1321800000003,2113.929,2009.8993975514154,262.5,42.8,1000,512,90,50000,30,1725.3
ycsb/rmw-yugabyte/ycsb-throughput-yugabyte-hot100000-F-mr15-20240501-110250/2-eu-west-1-0,2-eu-west-1-0,100000,F,15,20240501-110250,2415,1422,823.0,170.0,0,0,175846,149819,22336.0,3691.0,178261,0.0,0.0,0.0,170.0,0.0,0.0,0.0,0.0,823.0,0.0,0,0,0,1422,0,0,0,0,2415,0,254.70123338342975,67.361,110.15,127.577,152.29475000000002,612.8903999999999,1253.811149999998,1626.3158,3042.042,125.38835612742969,72.594,107.473,122.36,138.807,154.86,165.45,190.29999999999993,2150.446,954.6654991249563,135.822,540.17175,709.4525,1391.6612499999999,1612.139,1640.6405,1850.1098000000002,3042.042,1175.0278101433883,693.271,1026.55725,1166.634,1332.7565,1455.409,1552.3517499999998,1682.9103999999995,2441.58,1953.8222163301086,257.9,42.2,1000,512,90,50000,30,1675.8
ycsb/rmw-yugabyte/ycsb-throughput-yugabyte-hot1000-F-mr50-20240501-110250/3-ap-northeast-1-0,3-ap-northeast-1-0,1000,F,50,20240501-110250,22140,3709,15406.0,3025.0,0,0,44227,29504,13031.0,1692.0,66367,0.0,0.0,0.0,3025.0,0.0,0.0,0.0,0.0,15406.0,0.0,0,0,0,3709,0,0,0,0,22140,0,638.8877025443284,9.808,21.192,446.931,1124.65,1512.2138000000002,1735.0319499999998,2316.547040000001,6725.081,165.60834747041775,9.808,17.6975,21.242,216.81900000000002,460.77459999999996,830.9645999999981,1540.037700000005,6725.081,1165.1234359840107,432.071,870.716,1100.523,1337.364,1710.8098000000002,1912.8156999999985,2587.40176,6142.374,1307.3255716216215,357.81,879.55675,1322.2265,1614.5819999999999,1920.7821,2142.73535,2846.2535799999982,4235.697,491.4076724695427,316.70000000000005,52.099999999999994,1000,512,90,50000,30,369.2
ycsb/rmw-yugabyte/ycsb-throughput-yugabyte-hot1000-F-mr50-20240501-110250/1-us-east-1-0,1-us-east-1-0,1000,F,50,20240501-110250,35199,6281,23985.0,4933.0,0,0,68009,45427,20134.0,2448.0,103208,0.0,0.0,0.0,4933.0,0.0,0.0,0.0,0.0,23985.0,0.0,0,0,0,6281,0,0,0,0,35199,0,422.613830811474,14.306,41.78625,250.5025,657.34125,1094.7907,1310.1336499999998,1812.6719700000026,5982.336,128.8559363939124,14.306,33.816250000000004,41.892,84.028,344.424,557.4010000000001,1212.6114500000049,4814.602,731.8919247798201,113.046,439.789,597.9780000000001,1020.93575,1271.6124000000002,1499.3969,1986.8614299999988,5982.336,898.7038448694595,232.383,627.81075,850.6179999999999,1114.173,1373.5013000000001,1583.7183999999997,2142.9593400000003,5836.257,755.6486709496637,486.2,82.0,1000,512,90,50000,30,569.3
ycsb/rmw-yugabyte/ycsb-throughput-yugabyte-hot1000-F-mr50-20240501-110250/2-eu-west-1-0,2-eu-west-1-0,1000,F,50,20240501-110250,29557,4735,20553.0,4269.0,0,0,55463,37701,15967.0,1795.0,85020,0.0,0.0,0.0,4269.0,0.0,0.0,0.0,0.0,20553.0,0.0,0,0,0,4735,0,0,0,0,29557,0,431.54044976404776,2.894,31.242,223.761,661.836,1244.143,1527.059,1995.952,6492.528,124.39424575402634,9.613,26.396,33.0265,51.04025,353.2897999999999,597.2634999999972,1352.0030799999997,5755.051,758.2191279493406,74.081,393.79175000000004,583.086,1101.27825,1526.5854000000002,1709.4703999999995,2212.1017499999994,6492.528,950.6684609068856,155.219,656.8095000000001,947.854,1200.4485,1519.8921999999998,1727.3065999999997,2306.49926,4441.367,616.2521504200622,396.1,65.4,1000,512,90,50000,30,472.79999999999995
ycsb/rmw-yugabyte/ycsb-throughput-yugabyte-hot1000-F-mr10-20240501-110250/3-ap-northeast-1-0,3-ap-northeast-1-0,1000,F,10,20240501-110250,31169,20543,8941.0,1685.0,0,0,133269,127386,5210.0,673.0,164438,0.0,0.0,0.0,1685.0,0.0,0.0,0.0,0.0,8941.0,0.0,0,0,0,20543,0,0,0,0,31169,0,270.5421745397538,38.162,92.8,113.629,238.29149999999998,793.7079000000002,1223.2327500000008,1673.0426800000025,6912.994,179.12801054057718,42.728,90.87475,108.791,150.999,334.19660000000005,509.68959999999987,1234.84199,6912.994,1124.8213315980079,370.396,893.52475,1115.019,1361.0594999999998,1578.075,1772.97115,2209.3553399999983,5809.551,1264.2274488224637,298.106,904.61675,1331.5059999999999,1591.73675,1847.7896,1951.2215000000003,2420.7590899999946,3763.877,1480.7627261925231,155.0,25.9,1000,512,90,50000,30,1638.4
ycsb/rmw-yugabyte/ycsb-throughput-yugabyte-hot1000-F-mr10-20240501-110250/1-us-east-1-0,1-us-east-1-0,1000,F,10,20240501-110250,40938,29491,9590.0,1857.0,0,0,144239,137153,6318.0,768.0,185177,0.0,0.0,0.0,1857.0,0.0,0.0,0.0,0.0,9590.0,0.0,0,0,0,29491,0,0,0,0,40938,0,244.40830297024337,63.364,131.374,158.916,214.915,514.2584000000003,792.486199999999,1321.908039999997,5565.268,189.70797645615156,71.674,129.1085,153.817,190.847,264.137,382.6267999999996,964.1645199999995,4892.234,769.7288113489637,166.839,521.8054999999999,670.581,1006.095,1265.3162,1423.4032999999997,1830.6804200000008,5565.268,916.7739358918449,284.737,688.664,891.553,1134.068,1303.8006000000003,1438.3024,1724.4432799999995,3981.947,1602.6542513867548,175.60000000000002,28.8,1000,512,90,50000,30,1850.9
ycsb/rmw-yugabyte/ycsb-throughput-yugabyte-hot1000-F-mr10-20240501-110250/2-eu-west-1-0,2-eu-west-1-0,1000,F,10,20240501-110250,28508,18511,8297.0,1700.0,0,0,131195,125237,5364.0,594.0,159703,0.0,0.0,0.0,1700.0,0.0,0.0,0.0,0.0,8297.0,0.0,0,0,0,18511,0,0,0,0,28508,0,201.4034274595227,36.722,84.67725,105.459,143.977,500.7296000000006,763.828299999999,1490.0572499999976,6382.444,138.21518921908097,41.093,82.9,100.937,128.174,181.97700000000017,317.65579999999966,984.621399999998,6382.444,770.947789703248,111.021,475.7445,624.934,1145.1999999999998,1386.5534,1595.7359999999999,1878.4326799999983,3227.535,941.4884168316831,228.164,691.9775,932.6880000000001,1160.69,1394.8645000000001,1581.8922499999999,1883.657699999999,3805.443,1457.7184931515606,150.7,25.1,1000,512,90,50000,30,1579.3000000000002
ycsb/rmw-yugabyte/ycsb-throughput-yugabyte-hot0-F-mr10-20240501-110250/3-ap-northeast-1-0,3-ap-northeast-1-0,1000000,F,10,20240501-110250,2375,1617,639.0,119.0,0,0,183177,165227,15337.0,2613.0,185552,0.0,0.0,0.0,119.0,0.0,0.0,0.0,0.0,639.0,0.0,0,0,0,1617,0,0,0,0,2375,0,247.38224208985963,73.565,113.651,130.2025,151.47075,572.4693000000057,1290.9234499999998,1653.4341,3886.325,130.99853426509284,76.489,111.924,126.9045,143.64724999999999,160.57360000000003,172.19594999999998,267.8416799999974,2240.593,1265.3687736055651,762.047,1111.93975,1234.4305,1416.2965,1621.6154999999999,1663.943,1871.144,3533.948,1554.2911037771844,1024.557,1400.556,1541.931,1706.525,1854.793,1930.676,2085.317200000001,3886.325,2035.2890245456347,175.9,30.3,1000,512,90,50000,30,1847.7
ycsb/rmw-yugabyte/ycsb-throughput-yugabyte-hot0-F-mr10-20240501-110250/1-us-east-1-0,1-us-east-1-0,1000000,F,10,20240501-110250,2507,1876,544.0,87.0,0,0,192310,173218,16364.0,2728.0,194817,0.0,0.0,0.0,87.0,0.0,0.0,0.0,0.0,544.0,0.0,0,0,0,1876,0,0,0,0,2507,0,236.28742731525463,92.446,141.05575000000002,161.23149999999998,186.44225,411.2747999999994,949.4458999999986,1339.6823700000004,2412.444,159.81266471759577,95.862,138.93125,157.269,177.23175,196.78130000000002,209.56815,239.22829,1562.241,898.2016933261443,211.101,580.00875,903.2445,1157.48325,1337.8444,1495.4603,1893.08575,2412.444,1069.0457853005069,615.784,913.514,1040.7445,1191.74025,1362.4609,1463.1920999999998,1831.4370199999998,2008.154,2136.7745409442196,188.1,30.9,1000,512,90,50000,30,1948.1999999999998
ycsb/rmw-yugabyte/ycsb-throughput-yugabyte-hot0-F-mr10-20240501-110250/2-eu-west-1-0,2-eu-west-1-0,1000000,F,10,20240501-110250,2620,1911,600.0,109.0,0,0,188766,170233,15905.0,2628.0,191386,0.0,0.0,0.0,109.0,0.0,0.0,0.0,0.0,600.0,0.0,0,0,0,1911,0,0,0,0,2620,0,238.2763402415686,87.501,134.02,153.299,177.245,386.4107999999993,1059.198599999997,1634.3705199999993,2114.906,151.83629602451512,90.663,132.012,149.59,168.595,186.97,198.917,225.17614,1749.985,988.343830482402,150.465,569.239,759.9675,1418.92025,1640.7807,1672.0376999999999,1881.8069600000001,2114.906,1206.747898127341,715.094,1056.983,1195.5825,1368.278,1490.0385,1581.7903499999993,1710.02181,1818.374,2097.389847607747,183.5,30.299999999999997,1000,512,90,50000,30,1908.2
ycsb/rmw-yugabyte/ycsb-throughput-yugabyte-hot0-F-mr0-20240501-110250/3-ap-northeast-1-0,3-ap-northeast-1-0,1000000,F,0,20240501-110250,2650,2650,,,0,0,220856,220856,,,223506,,,,,,,,,,,0,0,0,2650,0,0,0,0,2650,0,206.68207421275832,124.983,179.91575,203.182,228.45225,253.61010000000002,270.4131,325.91192,644.305,206.68207421275832,124.983,179.91575,203.182,228.45225,253.61010000000002,270.4131,325.91192,644.305,,,,,,,,,,,,,,,,,,,2453.9441439791026,,,1000,512,90,50000,30,2477.0
ycsb/rmw-yugabyte/ycsb-throughput-yugabyte-hot0-F-mr0-20240501-110250/1-us-east-1-0,1-us-east-1-0,1000000,F,0,20240501-110250,2646,2646,,,0,0,217379,217379,,,220025,,,,,,,,,,,0,0,0,2646,0,0,0,0,2646,0,210.05492343257635,126.298,183.243,207.455,233.759,259.5474,276.20679999999993,310.29107999999997,498.695,210.05492343257635,126.298,183.243,207.455,233.759,259.5474,276.20679999999993,310.29107999999997,498.695,,,,,,,,,,,,,,,,,,,2415.307949630813,,,1000,512,90,50000,30,2446.8
ycsb/rmw-yugabyte/ycsb-throughput-yugabyte-hot0-F-mr0-20240501-110250/2-eu-west-1-0,2-eu-west-1-0,1000000,F,0,20240501-110250,2706,2706,,,0,0,216347,216347,,,219053,,,,,,,,,,,0,0,0,2706,0,0,0,0,2706,0,211.39944008669292,129.016,185.553,209.302,234.897,259.172,274.157,304.0194999999999,482.19,211.39944008669292,129.016,185.553,209.302,234.897,259.172,274.157,304.0194999999999,482.19,,,,,,,,,,,,,,,,,,,2403.850969168163,,,1000,512,90,50000,30,2431.8
ycsb/rmw-yugabyte/ycsb-throughput-yugabyte-hot10000-F-mr10-20240501-110250/3-ap-northeast-1-0,3-ap-northeast-1-0,10000,F,10,20240501-110250,7186,3970,2676.0,540.0,0,0,178015,162751,13267.0,1997.0,185201,0.0,0.0,0.0,540.0,0.0,0.0,0.0,0.0,2676.0,0.0,0,0,0,3970,0,0,0,0,7186,0,247.22716743620768,66.248,107.0,123.729,147.027,752.0570000000026,1284.6948,1647.8399200000008,3548.052,135.58663326775456,69.787,105.33275,120.445,138.113,159.4584,189.20835000000017,519.1604700000005,3548.052,1251.7415920203405,702.736,1082.527,1232.588,1406.9985000000001,1616.7531999999999,1672.3111,1893.5473599999996,3350.116,1542.526975203078,937.486,1377.02,1525.658,1697.9944999999998,1867.8474,1943.556,2150.1677,3310.503,1977.925155037047,176.9,27.8,1000,512,90,50000,30,1846.0
ycsb/rmw-yugabyte/ycsb-throughput-yugabyte-hot10000-F-mr10-20240501-110250/1-us-east-1-0,1-us-east-1-0,10000,F,10,20240501-110250,7729,4874,2362.0,493.0,0,0,184334,167890,14263.0,2181.0,192063,0.0,0.0,0.0,493.0,0.0,0.0,0.0,0.0,2362.0,0.0,0,0,0,4874,0,0,0,0,7729,0,239.43206017734377,90.506,141.09300000000002,161.807,189.114,471.77080000000024,936.0040999999999,1342.1977000000002,5144.673,166.73331423960332,94.606,139.111,157.80450000000002,178.913,202.0155,221.44525,403.0691000000006,5144.673,880.752811274359,199.587,574.8965000000001,787.201,1151.8625,1333.1383999999998,1491.8856,1883.18216,4693.07,1067.0626711303662,571.209,902.0070000000001,1036.866,1195.9095,1376.7192,1514.2827999999997,1861.4788599999993,2328.303,2048.1387311882195,184.7,29.0,1000,512,90,50000,30,1915.6
ycsb/rmw-yugabyte/ycsb-throughput-yugabyte-hot10000-F-mr10-20240501-110250/2-eu-west-1-0,2-eu-west-1-0,10000,F,10,20240501-110250,7193,4303,2353.0,537.0,0,0,175369,160284,13015.0,2070.0,182562,0.0,0.0,0.0,537.0,0.0,0.0,0.0,0.0,2353.0,0.0,0,0,0,4303,0,0,0,0,7193,0,238.26814317842323,84.694,132.686,152.323,177.75,460.7384000000005,989.1434999999991,1623.7256999999995,4474.084,157.33539625563844,88.101,130.79,148.568,168.56,189.4654,205.32719999999998,373.1992400000001,4474.084,958.1408289945545,140.934,562.55825,736.251,1403.5320000000002,1629.8639,1665.0117,1883.5409300000003,3137.481,1186.5395669934642,640.657,1035.3045,1178.212,1348.9975,1498.8716,1588.0121,1763.05269,3006.203,1948.5416613640398,171.4,29.4,1000,512,90,50000,30,1826.6
ycsb/rmw-yugabyte/ycsb-throughput-yugabyte-hot100000-F-mr5-20240501-110250/3-ap-northeast-1-0,3-ap-northeast-1-0,100000,F,5,20240501-110250,2534,2028,429.0,77.0,0,0,196362,186878,8172.0,1312.0,198896,0.0,0.0,0.0,77.0,0.0,0.0,0.0,0.0,429.0,0.0,0,0,0,2028,0,0,0,0,2534,0,231.47652028193687,100.988,150.5215,171.424,195.7615,227.406,609.7239999999999,1597.0581000000002,4089.37,173.6129305010242,102.618,149.44375,169.47250000000003,191.23225,213.459,228.70025,303.52255000000093,2248.006,1307.526407894737,783.68,1142.9560000000001,1275.0140000000001,1459.44075,1668.5522,1718.36365,1930.32873,4089.37,1599.1213380916606,1045.674,1429.711,1599.528,1749.0815,1902.94,1974.899,2167.0388000000003,3885.508,2181.7907917762054,95.1,14.6,1000,512,90,50000,30,2101.0
ycsb/rmw-yugabyte/ycsb-throughput-yugabyte-hot100000-F-mr5-20240501-110250/1-us-east-1-0,1-us-east-1-0,100000,F,5,20240501-110250,2552,2158,338.0,56.0,0,0,205026,194915,8664.0,1447.0,207578,0.0,0.0,0.0,56.0,0.0,0.0,0.0,0.0,338.0,0.0,0,0,0,2158,0,0,0,0,2552,0,222.23766898145902,108.239,160.586,182.473,208.101,239.968,453.3680499999997,1257.2238200000006,3498.562,183.28825008704197,109.886,159.44675,180.363,203.384,225.99,240.9063,273.42952999999983,3498.562,933.6538392112676,269.746,613.47,944.216,1192.165,1381.241,1541.7463,1900.01716,2136.745,1112.2491072151045,646.863,952.6315,1084.448,1238.0880000000002,1405.2544,1549.1424999999995,1851.9595199999999,2304.988,2278.041186801304,100.2,16.4,1000,512,90,50000,30,2200.7
ycsb/rmw-yugabyte/ycsb-throughput-yugabyte-hot100000-F-mr5-20240501-110250/2-eu-west-1-0,2-eu-west-1-0,100000,F,5,20240501-110250,2486,2058,359.0,69.0,0,0,193991,184663,8022.0,1306.0,196477,0.0,0.0,0.0,69.0,0.0,0.0,0.0,0.0,359.0,0.0,0,0,0,2058,0,0,0,0,2486,0,234.57882111367599,110.478,167.326,191.448,219.589,254.7732,403.08880000000045,1471.3481200000006,4100.524,192.52504561302828,112.141,166.11325,189.147,214.48,239.459,256.34625,293.50775000000004,4100.524,1019.6705699551025,165.667,601.274,788.93,1454.576,1675.921,1717.314,1925.5876,2601.138,1222.7893485757122,740.529,1077.0617499999998,1208.7955000000002,1377.36725,1514.975,1606.2379999999998,1753.2307500000002,1840.163,2155.4314038269295,91.6,14.7,1000,512,90,50000,30,2070.2
ycsb/rmw-yugabyte/ycsb-throughput-yugabyte-hot0-F-mr5-20240501-110250/3-ap-northeast-1-0,3-ap-northeast-1-0,1000000,F,5,20240501-110250,2586,2105,407.0,74.0,0,0,199927,190364,8222.0,1341.0,202513,0.0,0.0,0.0,74.0,0.0,0.0,0.0,0.0,407.0,0.0,0,0,0,2105,0,0,0,0,2586,0,227.07378705757165,99.191,147.46,167.738,191.46675000000002,222.2305,482.28274999999996,1599.0726500000017,4325.857,169.84564434325196,100.62,146.4085,165.801,187.248,208.71380000000002,223.82419999999996,302.63001999999886,2161.813,1308.7819968944098,780.598,1141.67625,1275.751,1462.43275,1672.1889,1722.1779,1925.3061499999992,4325.857,1596.0130626381726,1036.67,1424.163,1577.379,1756.943,1911.9666,1973.7836,2152.23196,4146.477,2221.4072712852308,95.8,15.1,1000,512,90,50000,30,2130.8
ycsb/rmw-yugabyte/ycsb-throughput-yugabyte-hot0-F-mr5-20240501-110250/1-us-east-1-0,1-us-east-1-0,1000000,F,5,20240501-110250,2673,2297,329.0,47.0,0,0,207415,197334,8646.0,1435.0,210088,0.0,0.0,0.0,47.0,0.0,0.0,0.0,0.0,329.0,0.0,0,0,0,2297,0,0,0,0,2673,0,219.60173882820263,107.527,159.122,180.796,205.843,236.69240000000002,389.10659999999604,1249.5813199999943,2185.929,181.24888457767267,109.054,157.97875000000002,178.729,201.331,223.72,237.86925,268.182,1660.91,934.3470326981621,245.608,612.819,946.884,1192.974,1377.7359999999999,1536.1238,1899.9462799999997,2185.929,1101.1271718426501,647.299,950.233,1075.968,1226.716,1386.8956,1488.895,1784.9771199999998,2025.951,2304.588906320179,98.5,16.2,1000,512,90,50000,30,2215.3999999999996
ycsb/rmw-yugabyte/ycsb-throughput-yugabyte-hot0-F-mr5-20240501-110250/2-eu-west-1-0,2-eu-west-1-0,1000000,F,5,20240501-110250,2639,2227,342.0,70.0,0,0,199920,190133,8422.0,1365.0,202559,0.0,0.0,0.0,70.0,0.0,0.0,0.0,0.0,342.0,0.0,0,0,0,2227,0,0,0,0,2639,0,227.403088462191,110.484,162.39925,184.025,208.84775000000002,238.7379,424.40974999999537,1471.3536099999997,2093.927,184.24829082963464,111.973,161.243,181.9,204.35,226.0655,239.6705,267.73115000000007,1883.953,1017.1315353254574,160.738,596.62775,787.2455,1449.5605,1674.9386,1716.0378500000002,1920.93098,2093.927,1231.1540863052783,737.586,1082.6970000000001,1218.045,1392.026,1515.8289000000002,1638.7562000000005,1753.69129,1934.409,2221.314969623754,96.4,16.0,1000,512,90,50000,30,2138.1000000000004
ycsb/rmw-yugabyte/ycsb-throughput-yugabyte-hot100000-F-mr0-20240501-110250/3-ap-northeast-1-0,3-ap-northeast-1-0,100000,F,0,20240501-110250,2587,2587,,,0,0,213324,213324,,,215911,,,,,,,,,,,0,0,0,2587,0,0,0,0,2587,0,213.9177087959807,129.13,186.09,210.1415,236.504,262.534,280.37575,340.82405,665.132,213.9177087959807,129.13,186.09,210.1415,236.504,262.534,280.37575,340.82405,665.132,,,,,,,,,,,,,,,,,,,2370.2419307428695,,,1000,512,90,50000,30,2397.1
ycsb/rmw-yugabyte/ycsb-throughput-yugabyte-hot100000-F-mr0-20240501-110250/1-us-east-1-0,1-us-east-1-0,100000,F,0,20240501-110250,2624,2624,,,0,0,212317,212317,,,214941,,,,,,,,,,,0,0,0,2624,0,0,0,0,2624,0,215.08111823000365,130.991,188.3825,212.581,238.85775,264.29970000000003,280.4720499999999,313.56534999999997,584.269,215.08111823000365,130.991,188.3825,212.581,238.85775,264.29970000000003,280.4720499999999,313.56534999999997,584.269,,,,,,,,,,,,,,,,,,,2359.073319260264,,,1000,512,90,50000,30,2388.6000000000004
ycsb/rmw-yugabyte/ycsb-throughput-yugabyte-hot100000-F-mr0-20240501-110250/2-eu-west-1-0,2-eu-west-1-0,100000,F,0,20240501-110250,2689,2689,,,0,0,218917,218917,,,221606,,,,,,,,,,,0,0,0,2689,0,0,0,0,2689,0,208.91232960018996,125.094,182.218,206.435,232.664,258.3822,274.40959999999984,306.70816,589.307,208.91232960018996,125.094,182.218,206.435,232.664,258.3822,274.40959999999984,306.70816,589.307,,,,,,,,,,,,,,,,,,,2432.399603158322,,,1000,512,90,50000,30,2460.3
ycsb/rmw-yugabyte/ycsb-throughput-yugabyte-hot100000-F-mr10-20240501-110250/3-ap-northeast-1-0,3-ap-northeast-1-0,100000,F,10,20240501-110250,2303,1502,691.0,110.0,0,0,181279,163745,15043.0,2491.0,183582,0.0,0.0,0.0,110.0,0.0,0.0,0.0,0.0,691.0,0.0,0,0,0,1502,0,0,0,0,2303,0,250.05157603633614,75.327,116.479,133.57850000000002,155.30375,533.5576000000024,1291.7296,1655.895549999999,4258.242,134.82924118206654,78.411,114.78,130.33249999999998,147.31425,164.844,177.14155000000002,278.6660700000009,2004.43,1269.3851919555266,758.07,1112.444,1234.712,1423.0124999999998,1628.6552000000001,1669.1212999999998,1879.9956399999999,4258.242,1552.988765662173,1030.283,1399.9265,1543.1925,1703.6945,1860.2157000000002,1926.1490999999999,2087.44551,3442.316,2014.1940945503823,174.4,28.700000000000003,1000,512,90,50000,30,1829.4
ycsb/rmw-yugabyte/ycsb-throughput-yugabyte-hot100000-F-mr10-20240501-110250/1-us-east-1-0,1-us-east-1-0,100000,F,10,20240501-110250,2550,1839,590.0,121.0,0,0,189468,170822,16078.0,2568.0,192018,0.0,0.0,0.0,121.0,0.0,0.0,0.0,0.0,590.0,0.0,0,0,0,1839,0,0,0,0,2550,0,239.81741833938503,93.58,143.476,164.196,190.279,416.12239999999997,956.7523999999999,1344.88564,3391.493,163.28681172273667,97.242,141.37,160.1605,180.70375,201.19270000000003,214.96035,248.20753999999997,3189.049,906.629002430872,217.037,585.6514999999999,929.559,1165.8315,1342.7932,1501.2495,1879.0508,3391.493,1071.110873676248,636.0,922.043,1042.1705000000002,1192.5135,1362.6924000000001,1474.9290499999997,1825.1122600000006,2054.628,2105.1966637077185,183.39999999999998,29.9,1000,512,90,50000,30,1918.1
ycsb/rmw-yugabyte/ycsb-throughput-yugabyte-hot100000-F-mr10-20240501-110250/2-eu-west-1-0,2-eu-west-1-0,100000,F,10,20240501-110250,2527,1768,633.0,126.0,0,0,186778,168593,15633.0,2552.0,189305,0.0,0.0,0.0,126.0,0.0,0.0,0.0,0.0,633.0,0.0,0,0,0,1768,0,0,0,0,2527,0,242.34803586432656,89.954,137.583,157.224,181.831,392.4013000000014,1067.6574999999993,1637.1052699999984,2502.389,156.3117128157045,93.152,135.527,153.3875,172.92525,191.936,204.146,232.47377999999995,2118.548,993.9970040581882,152.631,570.404,776.551,1423.51,1643.6498,1675.0867999999998,1882.4044,2502.389,1204.6486412710567,707.717,1052.95675,1194.123,1367.4165,1490.9457,1582.8419000000001,1717.25706,1798.983,2075.297392818873,179.4,30.2,1000,512,90,50000,30,1891.6
ycsb/rmw-yugabyte/ycsb-throughput-yugabyte-hot0-F-mr50-20240501-110250/3-ap-northeast-1-0,3-ap-northeast-1-0,1000000,F,50,20240501-110250,1097,293,680.0,124.0,0,0,74045,37297,31614.0,5134.0,75142,0.0,0.0,0.0,124.0,0.0,0.0,0.0,0.0,680.0,0.0,0,0,0,293,0,0,0,0,1097,0,608.8272299879404,10.018,23.07325,226.0455,1185.9695000000002,1484.8508000000002,1529.69965,1746.2692700000002,2613.149,27.309002957633894,11.83,19.63025,23.135,27.294,31.4731,34.48719999999998,221.01784,1606.658,1175.8876458717973,690.422,1018.131,1174.541,1310.704,1522.2098,1531.0086000000001,1742.79856,2613.149,1463.0456707925734,990.031,1324.435,1481.564,1595.277,1757.0128,1809.8796,1973.73744,2446.752,822.7155107833238,358.1,58.1,1000,512,90,50000,30,416.7
ycsb/rmw-yugabyte/ycsb-throughput-yugabyte-hot0-F-mr50-20240501-110250/1-us-east-1-0,1-us-east-1-0,1000000,F,50,20240501-110250,1543,431,947.0,165.0,0,0,106516,53674,45383.0,7459.0,108059,0.0,0.0,0.0,165.0,0.0,0.0,0.0,0.0,947.0,0.0,0,0,0,431,0,0,0,0,1543,0,424.2961347317917,17.872,40.772000000000006,102.649,857.743,1076.1268,1205.3517000000002,1563.9775799999993,2806.81,43.248401378746486,23.263,35.545,40.888,46.868,53.0548,57.42359999999999,88.6235199999999,2319.948,787.0691864399382,143.349,454.01649999999995,850.337,1033.2655,1204.303,1367.319,1758.634000000001,2806.81,961.9970869275825,536.059,808.11825,914.0765,1072.316,1243.0690000000002,1388.09545,1632.3266,2005.973,1183.505503832985,515.7,85.0,1000,512,90,50000,30,600.0
ycsb/rmw-yugabyte/ycsb-throughput-yugabyte-hot0-F-mr50-20240501-110250/2-eu-west-1-0,2-eu-west-1-0,1000000,F,50,20240501-110250,1448,394,868.0,186.0,0,0,95875,48370,40853.0,6652.0,97323,0.0,0.0,0.0,186.0,0.0,0.0,0.0,0.0,868.0,0.0,0,0,0,394,0,0,0,0,1448,0,470.2079857867392,4.281,37.824,63.231,947.7045,1317.929,1528.106,1741.7657,3338.575,39.9680400743648,22.037,33.25125,37.9875,43.452,48.937,52.64084999999997,62.37736999999997,1623.481,879.3266808303995,89.804,450.789,657.015,1314.782,1529.8612,1537.7634,1749.96996,3338.575,1094.185616656734,653.096,948.95525,1091.6039999999998,1239.8225,1377.1837,1511.71195,1597.41311,2088.291,1065.2661272580513,460.4,76.7,1000,512,90,50000,30,538.8
