path,region,regions,hot,workload,mr,suffix,rejected,rejected.WorkloadF1,rejected.WorkloadF2,rejected.WorkloadF3,rejected.WorkloadF4,rejected.WorkloadF5,aborted,unexpected,completed,completed.WorkloadF1,completed.WorkloadF2,completed.WorkloadF3,completed.WorkloadF4,completed.WorkloadF5,total,throughput,avg,p0,p25,p50,p75,p90,p95,p99,p100,ood_index_page.WorkloadF4,ood_table.WorkloadF4,ood_tuple.WorkloadF4,other_aborts.WorkloadF4,deadlock.WorkloadF4,ood_index_page.WorkloadF5,ood_table.WorkloadF5,ood_tuple.WorkloadF5,other_aborts.WorkloadF5,deadlock.WorkloadF5,ood_index_page.WorkloadF2,ood_table.WorkloadF2,ood_tuple.WorkloadF2,other_aborts.WorkloadF2,deadlock.WorkloadF2,ood_index_page.WorkloadF3,ood_table.WorkloadF3,ood_tuple.WorkloadF3,other_aborts.WorkloadF3,deadlock.WorkloadF3,ood_index_page.WorkloadF1,ood_table.WorkloadF1,ood_tuple.WorkloadF1,other_aborts.WorkloadF1,deadlock.WorkloadF1,ood_index_page,ood_table,ood_tuple,other_aborts,deadlock,avg.WorkloadF2,p0.WorkloadF2,p25.WorkloadF2,p50.WorkloadF2,p75.WorkloadF2,p90.WorkloadF2,p95.WorkloadF2,p99.WorkloadF2,p100.WorkloadF2,avg.WorkloadF3,p0.WorkloadF3,p25.WorkloadF3,p50.WorkloadF3,p75.WorkloadF3,p90.WorkloadF3,p95.WorkloadF3,p99.WorkloadF3,p100.WorkloadF3,avg.WorkloadF5,p0.WorkloadF5,p25.WorkloadF5,p50.WorkloadF5,p75.WorkloadF5,p90.WorkloadF5,p95.WorkloadF5,p99.WorkloadF5,p100.WorkloadF5,avg.WorkloadF1,p0.WorkloadF1,p25.WorkloadF1,p50.WorkloadF1,p75.WorkloadF1,p90.WorkloadF1,p95.WorkloadF1,p99.WorkloadF1,p100.WorkloadF1,avg.WorkloadF4,p0.WorkloadF4,p25.WorkloadF4,p50.WorkloadF4,p75.WorkloadF4,p90.WorkloadF4,p95.WorkloadF4,p99.WorkloadF4,p100.WorkloadF4,throughput.WorkloadF2,throughput.WorkloadF3,throughput.WorkloadF1,throughput.WorkloadF4,throughput.WorkloadF5,scalefactor,terminals,time,rate,warmup,unexpected.WorkloadF2,unexpected.WorkloadF3,unexpected.WorkloadF4,rejected.WorkloadF6,completed.WorkloadF6,ood_index_page.WorkloadF6,ood_table.WorkloadF6,ood_tuple.WorkloadF6,other_aborts.WorkloadF6,deadlock.WorkloadF6,avg.WorkloadF6,p0.WorkloadF6,p25.WorkloadF6,p50.WorkloadF6,p75.WorkloadF6,p90.WorkloadF6,p95.WorkloadF6,p99.WorkloadF6,p100.WorkloadF6,throughput.WorkloadF6
scalability/sunstorm/scalability-sunstorm-regions5-hot0-F-mr5-20250108-135700/4-us-west-1-0,4-us-west-1-0,5,1000000,F,5,20250108-135700,4255,2912,1004.0,205.0,85.0,49.0,0,0,762542,724443,30378.0,5065.0,1806.0,850.0,766797,8472.589968953363,14.749160108492124,3.549,5.211,5.815,6.635,8.421,76.23689999999935,213.99490000000003,690.018,18.0,0.0,44.0,0.0,0.0,9.0,0.0,30.0,0.0,0.0,149.0,0.0,568.0,0.0,0.0,26.0,0.0,133.0,0.0,0.0,0,0,0,0,0,202,0,775,3278,0,166.25497285067874,78.601,133.046,160.144,199.824,222.3802,246.0248,374.8168800000008,643.5,203.27382340862422,129.826,168.219,200.662,224.437,247.97560000000001,277.0449999999999,411.1168199999995,484.434,242.93429999999998,202.746,212.45125000000002,224.4685,242.55675,265.6360000000001,296.9135999999999,628.4927999999995,690.018,6.292751377690121,3.648,5.18375,5.75,6.468,7.436,8.5095,13.007899999999994,255.916,230.59544318181818,162.395,206.71075,223.5855,240.81675,265.2085,322.711,453.13675,512.083,346.7,57.0,8294.2,20.3,9.0,1000,128,90,50000,30,,,,,,,,,,,,,,,,,,,,
scalability/sunstorm/scalability-sunstorm-regions5-hot0-F-mr5-20250108-135700/1-us-east-1-0,1-us-east-1-0,5,1000000,F,5,20250108-135700,4423,3054,1041.0,216.0,79.0,33.0,0,0,747247,709686,30140.0,4874.0,1753.0,794.0,751670,,,,,,,,,,,13.0,0.0,51.0,0.0,0.0,3.0,0.0,23.0,0.0,0.0,161.0,0.0,619.0,0.0,0.0,29.0,0.0,134.0,0.0,0.0,0,0,0,0,0,206,0,827,3390,0,,,,,,,,,,,,,,,,,,,,,,,,,,,,,,,,,,,,,,,,,,,,,,,,,,,1000,128,90,50000,30,,,,,,,,,,,,,,,,,,,,
scalability/sunstorm/scalability-sunstorm-regions5-hot0-F-mr5-20250108-135700/5-ap-southeast-1-0,5-ap-southeast-1-0,5,1000000,F,5,20250108-135700,4749,3170,1230.0,216.0,88.0,45.0,0,0,695053,660209,27885.0,4590.0,1600.0,769.0,699802,,,,,,,,,,,16.0,0.0,59.0,0.0,0.0,6.0,0.0,38.0,0.0,0.0,228.0,0.0,719.0,0.0,0.0,44.0,0.0,133.0,0.0,0.0,0,0,0,0,0,294,0,949,3506,0,,,,,,,,,,,,,,,,,,,,,,,,,,,,,,,,,,,,,,,,,,,,,,,,,,,1000,128,90,50000,30,,,,,,,,,,,,,,,,,,,,
scalability/sunstorm/scalability-sunstorm-regions5-hot0-F-mr5-20250108-135700/3-ap-northeast-1-0,3-ap-northeast-1-0,5,1000000,F,5,20250108-135700,4536,3070,1128.0,220.0,87.0,31.0,0,0,775060,736637,30854.0,4919.0,1797.0,853.0,779596,8611.755803830296,14.883268609173943,3.152,4.718,5.318,6.064,7.706,79.552,236.98219999999972,877.978,12.0,0.0,63.0,0.0,0.0,7.0,0.0,17.0,0.0,0.0,202.0,0.0,659.0,0.0,0.0,36.0,0.0,144.0,0.0,0.0,0,0,0,0,0,257,0,883,3396,0,178.2517272195882,85.551,132.38975,170.564,224.324,246.6664,279.19264999999996,403.1500199999999,740.681,226.03270549898167,127.119,180.3415,227.21249999999998,247.11075,287.387,338.55960000000005,480.6758799999999,712.816,266.02355346651,221.64,236.1205,245.33,270.80449999999996,314.544,360.00649999999996,511.8835,813.834,5.723077507669362,3.219,4.684,5.261,5.913,6.807,7.8,11.628,347.737,262.94865100671143,185.203,232.8345,244.383,268.4205,314.91420000000005,394.1505999999999,550.5765,877.978,346.8,54.8,8342.7,18.8,9.2,1000,128,90,50000,30,,,,,,,,,,,,,,,,,,,,
scalability/sunstorm/scalability-sunstorm-regions5-hot0-F-mr5-20250108-135700/2-eu-west-1-0,2-eu-west-1-0,5,1000000,F,5,20250108-135700,4336,2914,1062.0,226.0,88.0,46.0,0,0,693730,658918,27895.0,4556.0,1608.0,753.0,698066,,,,,,,,,,,14.0,0.0,63.0,0.0,0.0,12.0,0.0,26.0,0.0,0.0,216.0,0.0,623.0,0.0,0.0,32.0,0.0,148.0,0.0,0.0,0,0,0,0,0,274,0,860,3202,0,,,,,,,,,,,,,,,,,,,,,,,,,,,,,,,,,,,,,,,,,,,,,,,,,,,1000,128,90,50000,30,,,,,,,,,,,,,,,,,,,,
scalability/sunstorm/scalability-sunstorm-regions6-hot10000-F-mr0-20250112-225631/6-eu-central-1-0,6-eu-central-1-0,6,10000,F,0,20250112-225631,4815,4815,,,,,0,0,1175952,1175952,,,,,1180767,13066.13231853039,9.824083964839653,5.824,8.029,8.812,9.851,12.374,13.901,21.956379999999886,100.259,,,,,,,,,,,,,,,,,,,,,0,0,0,0,0,0,0,0,4815,0,,,,,,,,,,,,,,,,,,,,,,,,,,,,9.824083964839653,5.824,8.029,8.812,9.851,12.374,13.901,21.956379999999886,100.259,,,,,,,,,,,,13030.900000000001,,,1000,128,90,50000,30,,,,,,,,,,,,,,,,,,,,
scalability/sunstorm/scalability-sunstorm-regions6-hot10000-F-mr0-20250112-225631/4-us-west-1-0,4-us-west-1-0,6,10000,F,0,20250112-225631,4640,4640,,,,,0,0,1139607,1139607,,,,,1144247,12662.197653566733,10.169250353466825,6.315,8.416,9.156,10.08,12.592,14.939,22.867200000000185,92.444,,,,,,,,,,,,,,,,,,,,,0,0,0,0,0,0,0,0,4640,0,,,,,,,,,,,,,,,,,,,,,,,,,,,,10.169250353466825,6.315,8.416,9.156,10.08,12.592,14.939,22.867200000000185,92.444,,,,,,,,,,,,12677.8,,,1000,128,90,50000,30,,,,,,,,,,,,,,,,,,,,
scalability/sunstorm/scalability-sunstorm-regions6-hot10000-F-mr0-20250112-225631/1-us-east-1-0,1-us-east-1-0,6,10000,F,0,20250112-225631,5036,5036,,,,,0,0,1216359,1216359,,,,,1221395,13514.99516358185,9.494753867620735,5.628,7.778,8.534,9.564,11.789,13.155,17.967,93.444,,,,,,,,,,,,,,,,,,,,,0,0,0,0,0,0,0,0,5036,0,,,,,,,,,,,,,,,,,,,,,,,,,,,,9.494753867620735,5.628,7.778,8.534,9.564,11.789,13.155,17.967,93.444,,,,,,,,,,,,13505.6,,,1000,128,90,50000,30,,,,,,,,,,,,,,,,,,,,
scalability/sunstorm/scalability-sunstorm-regions6-hot10000-F-mr0-20250112-225631/5-ap-southeast-1-0,5-ap-southeast-1-0,6,10000,F,0,20250112-225631,4281,4281,,,,,0,0,1100352,1100352,,,,,1104633,12226.011785720273,10.52421653524774,6.475,8.703,9.491,10.481,13.058,15.545,24.40849999999977,219.754,,,,,,,,,,,,,,,,,,,,,0,0,0,0,0,0,0,0,4281,0,,,,,,,,,,,,,,,,,,,,,,,,,,,,10.52421653524774,6.475,8.703,9.491,10.481,13.058,15.545,24.40849999999977,219.754,,,,,,,,,,,,12284.3,,,1000,128,90,50000,30,,,,,,,,,,,,,,,,,,,,
scalability/sunstorm/scalability-sunstorm-regions6-hot10000-F-mr0-20250112-225631/3-ap-northeast-1-0,3-ap-northeast-1-0,6,10000,F,0,20250112-225631,4924,4924,,,,,0,0,1221572,1221572,,,,,1226496,13572.863109206897,9.437521983319593,5.38,7.657,8.471,9.591,11.579,12.886,21.691429999999933,100.071,,,,,,,,,,,,,,,,,,,,,0,0,0,0,0,0,0,0,4924,0,,,,,,,,,,,,,,,,,,,,,,,,,,,,9.437521983319593,5.38,7.657,8.471,9.591,11.579,12.886,21.691429999999933,100.071,,,,,,,,,,,,13602.099999999999,,,1000,128,90,50000,30,,,,,,,,,,,,,,,,,,,,
scalability/sunstorm/scalability-sunstorm-regions6-hot10000-F-mr0-20250112-225631/2-eu-west-1-0,2-eu-west-1-0,6,10000,F,0,20250112-225631,4925,4925,,,,,0,0,1212667,1212667,,,,,1217592,13474.060821420793,9.54069248302397,5.676,7.813,8.564,9.567,11.912,13.541,21.947639999999666,95.444,,,,,,,,,,,,,,,,,,,,,0,0,0,0,0,0,0,0,4925,0,,,,,,,,,,,,,,,,,,,,,,,,,,,,9.54069248302397,5.676,7.813,8.564,9.567,11.912,13.541,21.947639999999666,95.444,,,,,,,,,,,,13494.2,,,1000,128,90,50000,30,,,,,,,,,,,,,,,,,,,,
scalability/sunstorm/scalability-sunstorm-regions4-hot10000-F-mr5-20250112-230512/4-us-west-1-0,4-us-west-1-0,4,10000,F,5,20250112-230512,10485,7571,2067.0,570.0,277.0,,0,0,794865,755496,32280.0,5334.0,1755.0,,805350,8831.753914571302,14.540075920771057,3.312,4.9,5.439,6.246,8.008,79.94979999999981,204.0269599999995,943.018,22.0,0.0,173.0,0.0,0.0,,,,,,147.0,0.0,1067.0,0.0,0.0,40.0,0.0,313.0,0.0,0.0,0,0,0,0,0,209,0,1553,8723,0,171.51473817477913,80.201,137.661,172.945,196.016,218.6466,279.8879999999997,399.64592000000016,840.866,213.00407040341355,138.362,178.9105,196.1,210.24625,291.86,381.535,530.5607999999996,798.522,,,,,,,,,,5.911131833140857,3.399,4.862,5.392,6.066,7.014,8.107,11.572,389.021,238.06524070897657,153.875,192.432,206.499,224.05,396.4238,426.9246,623.5217599999997,943.018,359.3,59.7,8432.7,19.6,,1000,128,90,50000,30,,,,,,,,,,,,,,,,,,,,
scalability/sunstorm/scalability-sunstorm-regions4-hot10000-F-mr5-20250112-230512/1-us-east-1-0,1-us-east-1-0,4,10000,F,5,20250112-230512,29122,3356,17754.0,5504.0,2508.0,,0,0,319505,309168,9782.0,555.0,,,348627,3550.0354439342036,19.255839260129303,2.958,4.268,4.703,5.361,6.179,8.003,487.7228800000011,5180.398,1417.0,0.0,992.0,0.0,0.0,,,,,,12412.0,0.0,4333.0,0.0,0.0,3453.0,0.0,1808.0,0.0,0.0,0,0,0,0,0,17282,0,7133,4707,0,427.2995878607374,106.548,249.855,352.377,521.74,702.61,897.0219999999982,1846.944319999998,4302.383,618.2562490974728,231.125,321.76175,533.496,743.3924999999999,906.4231,1116.1286500000003,3164.0924000000027,5180.398,,,,,,,,,,5.249314805821288,3.01,4.252,4.677,5.268,5.918,6.501,9.229960000000021,1756.474,,,,,,,,,,176.2,27.4,4259.6,10.100000000000001,,1000,128,90,50000,30,,,,,,,,,,,,,,,,,,,,
scalability/sunstorm/scalability-sunstorm-regions4-hot10000-F-mr5-20250112-230512/3-ap-northeast-1-0,3-ap-northeast-1-0,4,10000,F,5,20250112-230512,12125,8255,2726.0,761.0,383.0,,0,1,683117,649169,27886.0,4497.0,1565.0,,695243,7590.160672803929,16.819234540947743,3.523,5.047,5.721,6.329,7.971,90.573549999999,263.6243600000003,1282.044,75.0,0.0,223.0,0.0,0.0,,,,,,452.0,0.0,1360.0,0.0,1.0,166.0,0.0,398.0,0.0,0.0,0,0,0,0,0,693,0,1981,9451,1,207.6776331895002,84.439,140.6135,186.7505,255.04,290.0101,386.8348,543.1084599999999,1099.928,285.045213689892,172.763,235.0165,258.8035,276.858,449.7425,516.5755,704.79875,1118.195,,,,,,,,,,6.108188012940577,3.585,5.019,5.662,6.204,7.045,8.075,12.325709999999964,615.737,325.8083342428377,195.394,258.08,269.03049999999996,305.37075000000004,529.148,586.5805,829.1950999999998,1282.044,311.1,50.3,7207.6,17.2,,1000,128,90,50000,30,1.0,,,,,,,,,,,,,,,,,,,
scalability/sunstorm/scalability-sunstorm-regions4-hot10000-F-mr5-20250112-230512/2-eu-west-1-0,2-eu-west-1-0,4,10000,F,5,20250112-230512,11518,7567,2793.0,781.0,377.0,,0,0,709262,673787,29065.0,4750.0,1660.0,,720780,7880.678782268604,15.37855610983177,3.175,4.659,5.234,5.909,7.773,60.276099999999865,248.4808500000001,1233.229,60.0,0.0,224.0,0.0,0.0,,,,,,302.0,0.0,1505.0,0.0,0.0,102.0,0.0,443.0,0.0,0.0,0,0,0,0,0,464,0,2172,8882,0,183.15500845002416,40.591,102.2615,182.3825,233.20850000000002,275.7436,348.86144999999993,495.6850799999999,1233.229,267.2985869515277,150.148,217.299,237.242,270.089,425.6234,490.3951999999999,664.6875599999996,952.332,,,,,,,,,,5.725545049419159,3.24,4.617,5.187,5.749,6.666,7.887,13.96225,405.542,299.40197387606315,165.294,234.55225,250.458,296.222,490.54049999999995,551.3065,768.9331499999998,1093.078,338.0,55.5,7959.1,19.4,,1000,128,90,50000,30,,,,,,,,,,,,,,,,,,,,
scalability/sunstorm/scalability-sunstorm-regions3-hot0-F-mr0-20250108-060631/1-us-east-1-0,1-us-east-1-0,3,1000000,F,0,20250108-060631,2161,2161,,,,,0,0,1226003,1226003,,,,,1228164,13622.220457147758,9.410647869993664,5.479,7.674,8.458,9.519,11.574,12.832,21.982879999999888,225.015,,,,,,,,,,,,,,,,,,,,,0,0,0,0,0,0,0,0,2161,0,,,,,,,,,,,,,,,,,,,,,,,,,,,,9.410647869993664,5.479,7.674,8.458,9.519,11.574,12.832,21.982879999999888,225.015,,,,,,,,,,,,13616.2,,,1000,128,90,50000,30,,,,,,,,,,,,,,,,,,,,
scalability/sunstorm/scalability-sunstorm-regions3-hot0-F-mr0-20250108-060631/3-ap-northeast-1-0,3-ap-northeast-1-0,3,1000000,F,0,20250108-060631,2184,2184,,,,,0,0,1265895,1265895,,,,,1268079,14065.442968692112,9.117331290424575,5.239,7.416,8.196,9.254,11.178,12.442,19.341,96.477,,,,,,,,,,,,,,,,,,,,,0,0,0,0,0,0,0,0,2184,0,,,,,,,,,,,,,,,,,,,,,,,,,,,,9.117331290424575,5.239,7.416,8.196,9.254,11.178,12.442,19.341,96.477,,,,,,,,,,,,14025.9,,,1000,128,90,50000,30,,,,,,,,,,,,,,,,,,,,
scalability/sunstorm/scalability-sunstorm-regions3-hot0-F-mr0-20250108-060631/2-eu-west-1-0,2-eu-west-1-0,3,1000000,F,0,20250108-060631,1991,1991,,,,,0,0,1195378,1195378,,,,,1197369,13281.949457414836,9.652528384007594,5.533,7.83,8.653,9.772,11.96,13.399,22.873239999999758,220.067,,,,,,,,,,,,,,,,,,,,,0,0,0,0,0,0,0,0,1991,0,,,,,,,,,,,,,,,,,,,,,,,,,,,,9.652528384007594,5.533,7.83,8.653,9.772,11.96,13.399,22.873239999999758,220.067,,,,,,,,,,,,13297.6,,,1000,128,90,50000,30,,,,,,,,,,,,,,,,,,,,
scalability/sunstorm/scalability-sunstorm-regions5-hot10000-F-mr5-20250108-135700/4-us-west-1-0,4-us-west-1-0,5,10000,F,5,20250108-135700,16667,8602,5135.0,1547.0,896.0,487.0,0,5,593112,564080,23510.0,3754.0,1238.0,530.0,609784,6590.080065130382,17.591512430653694,3.415,5.05,5.639,6.454,8.21270000000007,76.97134999999997,240.87368999999924,13793.405,429.0,0.0,321.0,0.0,0.0,232.0,0.0,179.0,0.0,0.0,2140.0,0.0,1808.0,0.0,5.0,742.0,0.0,529.0,0.0,0.0,0,0,0,0,0,3543,0,2837,10287,5,223.53481916663114,73.838,137.4995,165.971,213.321,310.4678,383.85750000000024,546.9167800000001,13793.405,275.58728021390374,122.222,172.198,210.401,261.1405,421.6946,506.62774999999976,665.8207800000002,13771.103,317.1365226415095,191.847,214.309,236.6685,416.83975,528.8269,662.0287999999999,785.2575700000001,989.763,6.312562335154104,3.499,5.023,5.576,6.301,7.254,8.342,12.630500000000001,12876.662,323.9228001618123,143.203,208.63325,227.586,362.551,489.037,605.78025,786.0236000000009,13666.308,311.6,51.0,7498.6,17.6,7.699999999999999,1000,128,90,50000,30,5.0,,,,,,,,,,,,,,,,,,,
scalability/sunstorm/scalability-sunstorm-regions5-hot10000-F-mr5-20250108-135700/1-us-east-1-0,1-us-east-1-0,5,10000,F,5,20250108-135700,19633,9302,6264.0,2162.0,1153.0,752.0,0,5,542879,516738,21269.0,3399.0,1059.0,414.0,562517,6031.932914428045,18.882729957649637,3.521,5.045,5.583,6.326,7.65,76.17209999999997,296.53325999999777,13794.316,531.0,0.0,461.0,0.0,1.0,362.0,0.0,292.0,0.0,0.0,2671.0,0.0,2397.0,0.0,2.0,976.0,0.0,866.0,0.0,1.0,0,0,0,0,0,4540,0,4016,11078,4,234.6284103893655,74.641,106.6185,178.028,256.34875,373.8763000000002,472.9521999999999,693.1688399999989,13579.372,371.08389229861314,88.879,187.531,254.789,370.635,543.4526,677.2644,1036.4712,13719.003,404.9082330097087,234.516,261.6835,286.9705,533.6525,730.0451,829.6738999999999,1004.5417499999995,1532.911,6.437315859469164,3.591,5.021,5.522,6.204,6.937,7.776,11.189,13024.153,463.2871813865147,167.575,253.877,285.431,489.596,687.6808000000001,815.0586,1128.618240000001,13794.316,274.0,47.2,6450.2,15.8,7.6,1000,128,90,50000,30,3.0,1.0,1.0,,,,,,,,,,,,,,,,,
scalability/sunstorm/scalability-sunstorm-regions5-hot10000-F-mr5-20250108-135700/5-ap-southeast-1-0,5-ap-southeast-1-0,5,10000,F,5,20250108-135700,22852,12793,6416.0,1910.0,1124.0,609.0,0,11,618898,588950,24397.0,3788.0,1223.0,540.0,641761,6876.609639019604,17.699954973787996,2.92,4.386,4.963,5.639,7.043,73.95054999999992,305.3371299999999,1171.706,572.0,0.0,388.0,0.0,0.0,328.0,0.0,206.0,0.0,0.0,3039.0,0.0,2062.0,0.0,11.0,1022.0,0.0,598.0,0.0,0.0,0,0,0,0,0,4961,0,3254,14637,11,271.5642186127744,122.108,207.908,236.4325,285.086,438.5967,497.6463499999999,671.3265500000002,1094.519,321.6710889359449,187.267,229.12475,254.767,421.19175,513.7812,656.1533499999999,746.33263,1036.199,402.9897602230483,232.512,255.66049999999998,291.34950000000003,517.4817499999999,724.4196000000001,791.8925499999999,945.1287699999999,1171.706,5.35378159052361,2.981,4.347,4.917,5.492,6.315,7.161,10.604,419.302,377.9974011484824,204.795,252.136,280.617,493.6085,661.4266000000002,751.4850999999993,898.8251199999992,1137.204,274.2,44.1,6559.6,15.8,7.8,1000,128,90,50000,30,11.0,,,,,,,,,,,,,,,,,,,
scalability/sunstorm/scalability-sunstorm-regions5-hot10000-F-mr5-20250108-135700/3-ap-northeast-1-0,3-ap-northeast-1-0,5,10000,F,5,20250108-135700,17388,9348,5220.0,1545.0,806.0,469.0,0,6,587936,559050,23482.0,3605.0,1243.0,556.0,605330,6532.567744309023,17.512262776806573,2.971,4.467,5.111,5.744,7.249,78.35964999999955,264.44082999999995,13819.736,324.0,0.0,337.0,0.0,0.0,204.0,0.0,186.0,0.0,0.0,2057.0,0.0,1949.0,0.0,5.0,684.0,0.0,553.0,0.0,1.0,0,0,0,0,0,3269,0,3025,11094,6,228.65474375613712,85.174,136.53,177.406,236.51350000000002,340.5349999999999,423.93019999999996,620.7110399999995,13805.425,314.0183793103448,126.097,184.37675000000002,235.303,295.07425,465.7235,573.49775,781.9750000000021,13819.736,355.48424324324327,218.597,241.06650000000002,261.06,469.7885,597.3618000000001,747.8909999999998,868.4227200000003,1299.579,5.647317371586795,3.018,4.429,5.06,5.61,6.437,7.356400000000023,10.757479999999982,12980.626,337.99291181229773,166.637,233.08825,252.6825,420.00525,545.5065,706.3575,821.3549500000003,13098.331,309.6,48.6,7381.4,18.2,8.2,1000,128,90,50000,30,5.0,1.0,,,,,,,,,,,,,,,,,,
scalability/sunstorm/scalability-sunstorm-regions5-hot10000-F-mr5-20250108-135700/2-eu-west-1-0,2-eu-west-1-0,5,10000,F,5,20250108-135700,19783,10016,6089.0,1934.0,1101.0,643.0,0,7,514517,490175,19939.0,3062.0,932.0,409.0,534307,5716.7917622574005,19.986790593281924,3.474,5.039,5.621,6.365,7.843,72.92044999999902,308.7438000000001,14064.138,548.0,0.0,398.0,0.0,0.0,300.0,0.0,256.0,0.0,0.0,2628.0,0.0,2208.0,0.0,5.0,971.0,0.0,655.0,0.0,2.0,0,0,0,0,0,4447,0,3517,11819,7,270.2092537598712,85.435,158.775,221.465,258.389,411.429,482.402,681.5582000000005,13784.499,375.51859672131144,150.606,230.354,249.8885,404.77225,526.6938,670.95745,820.3546999999958,13678.288,374.6622103960396,231.828,251.23075,271.6345,498.7255,690.1103999999999,772.49285,827.4785399999996,867.674,6.523512050850135,3.543,5.015,5.556,6.24,7.062,8.008,11.962160000000033,13033.535,414.12872294372295,212.099,248.57,270.6205,491.8095,660.3461,747.4798,935.3166899999991,14064.138,262.2,43.599999999999994,6440.2,14.899999999999999,6.6,1000,128,90,50000,30,5.0,2.0,,,,,,,,,,,,,,,,,,
scalability/sunstorm/scalability-sunstorm-regions6-hot0-F-mr5-20250112-224511/6-eu-central-1-0,6-eu-central-1-0,6,1000000,F,5,20250112-224511,4399,2818,1213.0,230.0,75.0,43.0,0,0,695860,661091,27588.0,4419.0,1553.0,798.0,700259,,,,,,,,,,,23.0,0.0,42.0,0.0,0.0,13.0,0.0,18.0,0.0,0.0,294.0,0.0,605.0,0.0,0.0,54.0,0.0,123.0,0.0,0.0,0,0,0,0,0,391,0,798,3210,0,,,,,,,,,,,,,,,,,,,,,,,,,,,,,,,,,,,,,,,,,,,,,,,,,,,1000,128,90,50000,30,,,,20.0,411.0,7.0,0.0,10.0,0.0,0.0,,,,,,,,,,
scalability/sunstorm/scalability-sunstorm-regions6-hot0-F-mr5-20250112-224511/4-us-west-1-0,4-us-west-1-0,6,1000000,F,5,20250112-224511,4481,2733,1337.0,268.0,84.0,38.0,0,0,719195,683134,28644.0,4635.0,1603.0,715.0,723676,,,,,,,,,,,20.0,0.0,56.0,0.0,0.0,10.0,0.0,17.0,0.0,0.0,317.0,0.0,654.0,0.0,0.0,67.0,0.0,140.0,0.0,0.0,0,0,0,0,0,419,0,878,3184,0,,,,,,,,,,,,,,,,,,,,,,,,,,,,,,,,,,,,,,,,,,,,,,,,,,,1000,128,90,50000,30,,,,21.0,464.0,5.0,0.0,11.0,0.0,0.0,,,,,,,,,,
scalability/sunstorm/scalability-sunstorm-regions6-hot0-F-mr5-20250112-224511/1-us-east-1-0,1-us-east-1-0,6,1000000,F,5,20250112-224511,5427,2742,1976.0,397.0,181.0,86.0,0,0,694100,659609,27148.0,4584.0,1606.0,719.0,699527,,,,,,,,,,,54.0,0.0,107.0,0.0,0.0,24.0,0.0,51.0,0.0,0.0,539.0,0.0,1008.0,0.0,0.0,105.0,0.0,215.0,0.0,0.0,0,0,0,0,0,735,0,1406,3286,0,,,,,,,,,,,,,,,,,,,,,,,,,,,,,,,,,,,,,,,,,,,,,,,,,,,1000,128,90,50000,30,,,,45.0,434.0,13.0,0.0,25.0,0.0,0.0,,,,,,,,,,
scalability/sunstorm/scalability-sunstorm-regions6-hot0-F-mr5-20250112-224511/5-ap-southeast-1-0,5-ap-southeast-1-0,6,1000000,F,5,20250112-224511,4537,2743,1354.0,259.0,99.0,58.0,0,0,643176,611010,25337.0,4210.0,1518.0,719.0,647713,,,,,,,,,,,28.0,0.0,57.0,0.0,0.0,15.0,0.0,29.0,0.0,0.0,348.0,0.0,695.0,0.0,0.0,67.0,0.0,138.0,0.0,0.0,0,0,0,0,0,467,0,930,3140,0,,,,,,,,,,,,,,,,,,,,,,,,,,,,,,,,,,,,,,,,,,,,,,,,,,,1000,128,90,50000,30,,,,24.0,382.0,9.0,0.0,11.0,0.0,0.0,,,,,,,,,,
scalability/sunstorm/scalability-sunstorm-regions6-hot0-F-mr5-20250112-224511/3-ap-northeast-1-0,3-ap-northeast-1-0,6,1000000,F,5,20250112-224511,4466,2839,1204.0,253.0,94.0,54.0,0,0,674322,640712,26540.0,4425.0,1543.0,697.0,678788,,,,,,,,,,,29.0,0.0,49.0,0.0,0.0,13.0,0.0,36.0,0.0,0.0,311.0,0.0,636.0,0.0,0.0,75.0,0.0,140.0,0.0,0.0,0,0,0,0,0,436,0,872,3158,0,,,,,,,,,,,,,,,,,,,,,,,,,,,,,,,,,,,,,,,,,,,,,,,,,,,1000,128,90,50000,30,,,,22.0,405.0,8.0,0.0,11.0,0.0,0.0,,,,,,,,,,
scalability/sunstorm/scalability-sunstorm-regions6-hot0-F-mr5-20250112-224511/2-eu-west-1-0,2-eu-west-1-0,6,1000000,F,5,20250112-224511,4494,2635,1382.0,295.0,109.0,49.0,0,0,686297,651984,27193.0,4438.0,1554.0,697.0,690791,,,,,,,,,,,20.0,0.0,67.0,0.0,0.0,13.0,0.0,28.0,0.0,0.0,294.0,0.0,624.0,0.0,0.0,54.0,0.0,161.0,0.0,0.0,0,0,0,0,0,386,0,890,3218,0,,,,,,,,,,,,,,,,,,,,,,,,,,,,,,,,,,,,,,,,,,,,,,,,,,,1000,128,90,50000,30,,,,24.0,431.0,5.0,0.0,10.0,0.0,0.0,,,,,,,,,,
scalability/sunstorm/scalability-sunstorm-regions3-hot10000-F-mr0-20250112-231411/1-us-east-1-0,1-us-east-1-0,3,10000,F,0,20250112-231411,5086,5086,,,,,0,0,1215940,1215940,,,,,1221026,13510.353429246497,9.496002678174364,5.631,7.77,8.517,9.542,11.907,13.282,19.914,94.287,,,,,,,,,,,,,,,,,,,,,0,0,0,0,0,0,0,0,5086,0,,,,,,,,,,,,,,,,,,,,,,,,,,,,9.496002678174364,5.631,7.77,8.517,9.542,11.907,13.282,19.914,94.287,,,,,,,,,,,,13533.0,,,1000,128,90,50000,30,,,,,,,,,,,,,,,,,,,,
scalability/sunstorm/scalability-sunstorm-regions3-hot10000-F-mr0-20250112-231411/3-ap-northeast-1-0,3-ap-northeast-1-0,3,10000,F,0,20250112-231411,5110,5110,,,,,0,0,1220600,1220600,,,,,1225710,13562.178894677234,9.45405005904121,5.603,7.742,8.483,9.523,11.761,13.01,17.648,99.913,,,,,,,,,,,,,,,,,,,,,0,0,0,0,0,0,0,0,5110,0,,,,,,,,,,,,,,,,,,,,,,,,,,,,9.45405005904121,5.603,7.742,8.483,9.523,11.761,13.01,17.648,99.913,,,,,,,,,,,,13600.9,,,1000,128,90,50000,30,,,,,,,,,,,,,,,,,,,,
scalability/sunstorm/scalability-sunstorm-regions3-hot10000-F-mr0-20250112-231411/2-eu-west-1-0,2-eu-west-1-0,3,10000,F,0,20250112-231411,4741,4741,,,,,0,0,1200078,1200078,,,,,1204819,13334.15102633011,9.639811510268814,5.727,7.879,8.64,9.641,12.052,13.737,22.51252000000002,99.558,,,,,,,,,,,,,,,,,,,,,0,0,0,0,0,0,0,0,4741,0,,,,,,,,,,,,,,,,,,,,,,,,,,,,9.639811510268814,5.727,7.879,8.64,9.641,12.052,13.737,22.51252000000002,99.558,,,,,,,,,,,,13357.2,,,1000,128,90,50000,30,,,,,,,,,,,,,,,,,,,,
scalability/sunstorm/scalability-sunstorm-regions3-hot10000-F-mr5-20250112-232613/1-us-east-1-0,1-us-east-1-0,3,10000,F,5,20250112-232613,19197,11748,5721.0,1728.0,,,0,0,808787,768840,34440.0,5507.0,,,827984,8986.464572554245,14.141934025863737,3.731,5.455,6.086,6.929,8.716,84.279,174.91746999999998,656.401,,,,,,,,,,,2461.0,0.0,1925.0,0.0,0.0,772.0,0.0,591.0,0.0,0.0,0,0,0,0,0,3233,0,2516,13448,0,149.22278916906612,80.692,87.495,159.898,167.6905,245.0544,316.9613999999999,405.86028,642.14,213.84661172828265,155.658,163.93849999999998,167.93,212.76749999999998,335.535,395.6425,519.5448000000006,656.401,,,,,,,,,,6.644638430321844,3.817,5.424,6.018,6.771,7.74,8.83,14.976,236.217,,,,,,,,,,382.6,62.9,8528.099999999999,,,1000,128,90,50000,30,,,,,,,,,,,,,,,,,,,,
scalability/sunstorm/scalability-sunstorm-regions3-hot10000-F-mr5-20250112-232613/3-ap-northeast-1-0,3-ap-northeast-1-0,3,10000,F,5,20250112-232613,21772,13327,6474.0,1971.0,,,0,0,634481,602965,27201.0,4315.0,,,656253,7049.730969787517,17.878670462622182,3.602,5.161,5.724,6.475,7.846,85.27199999999965,283.8767600000005,785.832,,,,,,,,,,,2371.0,0.0,2801.0,0.0,0.0,799.0,0.0,889.0,0.0,0.0,0,0,0,0,0,3170,0,3690,14912,0,232.8191539312175,152.777,163.024,214.79,221.103,378.33360000000005,431.303,593.6388400000002,760.073,300.5245889199255,211.548,217.362,220.4525,430.40225,447.9285,645.50125,665.6257500000003,785.832,,,,,,,,,,6.143754151234617,3.669,5.137,5.654,6.353,7.105,7.924,11.914,282.282,,,,,,,,,,304.4,49.3,6675.9,,,1000,128,90,50000,30,,,,,,,,,,,,,,,,,,,,
scalability/sunstorm/scalability-sunstorm-regions3-hot10000-F-mr5-20250112-232613/2-eu-west-1-0,2-eu-west-1-0,3,10000,F,5,20250112-232613,20765,12766,5955.0,2044.0,,,0,0,735518,699399,31021.0,5098.0,,,756283,8172.330346977584,15.466316749578606,3.572,5.097,5.621,6.378,7.716,81.807,223.96598,765.766,,,,,,,,,,,2541.0,0.0,2164.0,0.0,0.0,941.0,0.0,775.0,0.0,0.0,0,0,0,0,0,3482,0,2939,14344,0,182.23055104018607,81.081,86.883,213.841,218.37425,300.08050000000003,427.40875,516.3297,757.305,290.65038918387415,212.454,218.036,220.571,428.128,440.7844,643.5004,672.4250799999999,765.766,,,,,,,,,,6.041635222694189,3.653,5.072,5.565,6.239,7.005,7.805,11.816630000000005,303.441,,,,,,,,,,347.4,58.2,7783.6,,,1000,128,90,50000,30,,,,,,,,,,,,,,,,,,,,
scalability/sunstorm/scalability-sunstorm-regions6-hot0-F-mr0-20250112-224511/6-eu-central-1-0,6-eu-central-1-0,6,1000000,F,0,20250112-224511,2036,2036,,,,,0,0,1185462,1185462,,,,,1187498,13171.73984173709,9.742360891220786,5.769,7.954,8.736,9.763,12.104,13.605,22.699340000000085,283.851,,,,,,,,,,,,,,,,,,,,,0,0,0,0,0,0,0,0,2036,0,,,,,,,,,,,,,,,,,,,,,,,,,,,,9.742360891220786,5.769,7.954,8.736,9.763,12.104,13.605,22.699340000000085,283.851,,,,,,,,,,,,13165.0,,,1000,128,90,50000,30,,,,,,,,,,,,,,,,,,,,
scalability/sunstorm/scalability-sunstorm-regions6-hot0-F-mr0-20250112-224511/4-us-west-1-0,4-us-west-1-0,6,1000000,F,0,20250112-224511,2022,2022,,,,,0,0,1157762,1157762,,,,,1159784,12863.907455871327,10.007082202939525,6.21,8.269,8.999,9.902,12.201,14.564,21.833579999999607,109.374,,,,,,,,,,,,,,,,,,,,,0,0,0,0,0,0,0,0,2022,0,,,,,,,,,,,,,,,,,,,,,,,,,,,,10.007082202939525,6.21,8.269,8.999,9.902,12.201,14.564,21.833579999999607,109.374,,,,,,,,,,,,12901.900000000001,,,1000,128,90,50000,30,,,,,,,,,,,,,,,,,,,,
scalability/sunstorm/scalability-sunstorm-regions6-hot0-F-mr0-20250112-224511/1-us-east-1-0,1-us-east-1-0,6,1000000,F,0,20250112-224511,2226,2226,,,,,0,0,1243739,1243739,,,,,1245965,13819.171887750554,9.282782879013386,5.435,7.584,8.346,9.379,11.424,12.722,20.700179999999936,105.139,,,,,,,,,,,,,,,,,,,,,0,0,0,0,0,0,0,0,2226,0,,,,,,,,,,,,,,,,,,,,,,,,,,,,9.282782879013386,5.435,7.584,8.346,9.379,11.424,12.722,20.700179999999936,105.139,,,,,,,,,,,,13815.6,,,1000,128,90,50000,30,,,,,,,,,,,,,,,,,,,,
scalability/sunstorm/scalability-sunstorm-regions6-hot0-F-mr0-20250112-224511/5-ap-southeast-1-0,5-ap-southeast-1-0,6,1000000,F,0,20250112-224511,1791,1791,,,,,0,0,1086606,1086606,,,,,1088397,12073.286329070179,10.654814004302938,6.361,8.706,9.546,10.615,13.015,15.768,28.082399999999442,296.9,,,,,,,,,,,,,,,,,,,,,0,0,0,0,0,0,0,0,1791,0,,,,,,,,,,,,,,,,,,,,,,,,,,,,10.654814004302938,6.361,8.706,9.546,10.615,13.015,15.768,28.082399999999442,296.9,,,,,,,,,,,,12180.4,,,1000,128,90,50000,30,,,,,,,,,,,,,,,,,,,,
scalability/sunstorm/scalability-sunstorm-regions6-hot0-F-mr0-20250112-224511/3-ap-northeast-1-0,3-ap-northeast-1-0,6,1000000,F,0,20250112-224511,2258,2258,,,,,0,0,1236335,1236335,,,,,1238593,13736.99392376915,9.33461393182637,5.431,7.625,8.402,9.471,11.097,12.234,22.88211999999988,282.728,,,,,,,,,,,,,,,,,,,,,0,0,0,0,0,0,0,0,2258,0,,,,,,,,,,,,,,,,,,,,,,,,,,,,9.33461393182637,5.431,7.625,8.402,9.471,11.097,12.234,22.88211999999988,282.728,,,,,,,,,,,,13712.400000000001,,,1000,128,90,50000,30,,,,,,,,,,,,,,,,,,,,
scalability/sunstorm/scalability-sunstorm-regions6-hot0-F-mr0-20250112-224511/2-eu-west-1-0,2-eu-west-1-0,6,1000000,F,0,20250112-224511,2024,2024,,,,,0,0,1244153,1244153,,,,,1246177,13823.846803922008,9.292010723425523,5.581,7.633,8.359,9.31,11.505,13.031,17.802,100.098,,,,,,,,,,,,,,,,,,,,,0,0,0,0,0,0,0,0,2024,0,,,,,,,,,,,,,,,,,,,,,,,,,,,,9.292010723425523,5.581,7.633,8.359,9.31,11.505,13.031,17.802,100.098,,,,,,,,,,,,13795.1,,,1000,128,90,50000,30,,,,,,,,,,,,,,,,,,,,
scalability/sunstorm/scalability-sunstorm-regions4-hot10000-F-mr0-20250112-230512/4-us-west-1-0,4-us-west-1-0,4,10000,F,0,20250112-230512,4490,4490,,,,,0,0,1130715,1130715,,,,,1135205,12563.483781798786,10.25538992985508,6.381,8.486,9.231,10.147,12.635,15.147,23.61480000000028,96.779,,,,,,,,,,,,,,,,,,,,,0,0,0,0,0,0,0,0,4490,0,,,,,,,,,,,,,,,,,,,,,,,,,,,,10.25538992985508,6.381,8.486,9.231,10.147,12.635,15.147,23.61480000000028,96.779,,,,,,,,,,,,12573.7,,,1000,128,90,50000,30,,,,,,,,,,,,,,,,,,,,
scalability/sunstorm/scalability-sunstorm-regions4-hot10000-F-mr0-20250112-230512/1-us-east-1-0,1-us-east-1-0,4,10000,F,0,20250112-230512,4977,4977,,,,,0,0,1215739,1215739,,,,,1220716,13508.075765144906,9.499874446958094,5.531,7.743,8.523,9.594,11.821,13.186,22.2821399999999,99.429,,,,,,,,,,,,,,,,,,,,,0,0,0,0,0,0,0,0,4977,0,,,,,,,,,,,,,,,,,,,,,,,,,,,,9.499874446958094,5.531,7.743,8.523,9.594,11.821,13.186,22.2821399999999,99.429,,,,,,,,,,,,13501.8,,,1000,128,90,50000,30,,,,,,,,,,,,,,,,,,,,
scalability/sunstorm/scalability-sunstorm-regions4-hot10000-F-mr0-20250112-230512/3-ap-northeast-1-0,3-ap-northeast-1-0,4,10000,F,0,20250112-230512,4947,4947,,,,,0,0,1226382,1226382,,,,,1231329,13626.428664071169,9.409602877066687,5.497,7.699,8.464,9.547,11.657,12.91,21.931,101.835,,,,,,,,,,,,,,,,,,,,,0,0,0,0,0,0,0,0,4947,0,,,,,,,,,,,,,,,,,,,,,,,,,,,,9.409602877066687,5.497,7.699,8.464,9.547,11.657,12.91,21.931,101.835,,,,,,,,,,,,13601.9,,,1000,128,90,50000,30,,,,,,,,,,,,,,,,,,,,
scalability/sunstorm/scalability-sunstorm-regions4-hot10000-F-mr0-20250112-230512/2-eu-west-1-0,2-eu-west-1-0,4,10000,F,0,20250112-230512,4874,4874,,,,,0,0,1209995,1209995,,,,,1214869,13444.335950172888,9.55728231401867,5.628,7.808,8.579,9.609,11.976,13.573,21.797439999999945,99.852,,,,,,,,,,,,,,,,,,,,,0,0,0,0,0,0,0,0,4874,0,,,,,,,,,,,,,,,,,,,,,,,,,,,,9.55728231401867,5.628,7.808,8.579,9.609,11.976,13.573,21.797439999999945,99.852,,,,,,,,,,,,13457.0,,,1000,128,90,50000,30,,,,,,,,,,,,,,,,,,,,
scalability/sunstorm/scalability-sunstorm-regions3-hot0-F-mr5-20250108-060631/1-us-east-1-0,1-us-east-1-0,3,1000000,F,5,20250108-060631,4657,3083,1293.0,281.0,,,0,0,839894,797716,36300.0,5878.0,,,844551,,,,,,,,,,,,,,,,,,,,,431.0,0.0,629.0,0.0,0.0,113.0,0.0,124.0,0.0,0.0,0,0,0,0,0,544,0,753,3360,0,,,,,,,,,,,,,,,,,,,,,,,,,,,,,,,,,,,,,,,,,,,,,,,,,,,1000,128,90,50000,30,,,,,,,,,,,,,,,,,,,,
scalability/sunstorm/scalability-sunstorm-regions3-hot0-F-mr5-20250108-060631/3-ap-northeast-1-0,3-ap-northeast-1-0,3,1000000,F,5,20250108-060631,5397,3675,1403.0,319.0,,,0,0,715639,679960,30625.0,5054.0,,,721036,,,,,,,,,,,,,,,,,,,,,314.0,0.0,868.0,0.0,0.0,93.0,0.0,194.0,0.0,0.0,0,0,0,0,0,407,0,1062,3928,0,,,,,,,,,,,,,,,,,,,,,,,,,,,,,,,,,,,,,,,,,,,,,,,,,,,1000,128,90,50000,30,,,,,,,,,,,,,,,,,,,,
scalability/sunstorm/scalability-sunstorm-regions3-hot0-F-mr5-20250108-060631/2-eu-west-1-0,2-eu-west-1-0,3,1000000,F,5,20250108-060631,5197,3759,1215.0,223.0,,,0,0,767116,728372,33307.0,5437.0,,,772313,,,,,,,,,,,,,,,,,,,,,265.0,0.0,697.0,0.0,0.0,52.0,0.0,132.0,0.0,0.0,0,0,0,0,0,317,0,829,4051,0,,,,,,,,,,,,,,,,,,,,,,,,,,,,,,,,,,,,,,,,,,,,,,,,,,,1000,128,90,50000,30,,,,,,,,,,,,,,,,,,,,
scalability/sunstorm/scalability-sunstorm-regions5-hot10000-F-mr0-20250108-135511/4-us-west-1-0,4-us-west-1-0,5,10000,F,0,20250108-135511,4806,4806,,,,,0,0,1184381,1184381,,,,,1189187,13159.735263552566,9.743948467535203,5.34,7.713,8.521,9.753,12.333,13.808,51.91659999999916,124.824,,,,,,,,,,,,,,,,,,,,,0,0,0,0,0,0,0,0,4806,0,,,,,,,,,,,,,,,,,,,,,,,,,,,,9.743948467535203,5.34,7.713,8.521,9.753,12.333,13.808,51.91659999999916,124.824,,,,,,,,,,,,13581.0,,,1000,128,90,50000,30,,,,,,,,,,,,,,,,,,,,
scalability/sunstorm/scalability-sunstorm-regions5-hot10000-F-mr0-20250108-135511/1-us-east-1-0,1-us-east-1-0,5,10000,F,0,20250108-135511,4722,4722,,,,,0,0,1187759,1187759,,,,,1192481,13197.17082691793,9.711347767135234,5.203,7.637,8.492,9.755,12.102,13.639,63.1481399999999,115.239,,,,,,,,,,,,,,,,,,,,,0,0,0,0,0,0,0,0,4722,0,,,,,,,,,,,,,,,,,,,,,,,,,,,,9.711347767135234,5.203,7.637,8.492,9.755,12.102,13.639,63.1481399999999,115.239,,,,,,,,,,,,13627.5,,,1000,128,90,50000,30,,,,,,,,,,,,,,,,,,,,
scalability/sunstorm/scalability-sunstorm-regions5-hot10000-F-mr0-20250108-135511/5-ap-southeast-1-0,5-ap-southeast-1-0,5,10000,F,0,20250108-135511,4351,4351,,,,,0,0,1107578,1107578,,,,,1111929,12306.325235252621,10.391,1.414,8.327,9.167,10.319,13.439,15.383,67.313,119.111,,,,,,,,,,,,,,,,,,,,,0,0,0,0,0,0,0,0,4351,0,,,,,,,,,,,,,,,,,,,,,,,,,,,,10.008500000000002,1.629,8.2785,9.0585,10.0185,12.495000000000001,14.699,22.9105,90.0015,,,,,,,,,,,,12774.900000000001,,,1000,128,90,50000,30,,,,,,,,,,,,,,,,,,,,
scalability/sunstorm/scalability-sunstorm-regions5-hot10000-F-mr0-20250108-135511/3-ap-northeast-1-0,3-ap-northeast-1-0,5,10000,F,0,20250108-135511,5094,5094,,,,,0,0,1197995,1197995,,,,,1203089,13310.90189539147,9.604,1.118,7.593,8.407,9.599,12.169,13.69,45.605,278.462,,,,,,,,,,,,,,,,,,,,,0,0,0,0,0,0,0,0,5094,0,,,,,,,,,,,,,,,,,,,,,,,,,,,,9.304,1.4729999999999999,7.5920000000000005,8.347,9.350000000000001,11.5725,13.1155,23.052999999999997,90.9405,,,,,,,,,,,,13727.6,,,1000,128,90,50000,30,,,,,,,,,,,,,,,,,,,,
scalability/sunstorm/scalability-sunstorm-regions5-hot10000-F-mr0-20250108-135511/2-eu-west-1-0,2-eu-west-1-0,5,10000,F,0,20250108-135511,4404,4404,,,,,0,0,1099699,1099699,,,,,1104103,12218.836374386488,10.498049337505153,5.824,8.316,9.178,10.445,13.48,15.226,68.07906000000075,125.455,,,,,,,,,,,,,,,,,,,,,0,0,0,0,0,0,0,0,4404,0,,,,,,,,,,,,,,,,,,,,,,,,,,,,10.498049337505153,5.824,8.316,9.178,10.445,13.48,15.226,68.07906000000075,125.455,,,,,,,,,,,,12645.8,,,1000,128,90,50000,30,,,,,,,,,,,,,,,,,,,,
scalability/sunstorm/scalability-sunstorm-regions4-hot0-F-mr0-20250108-120519/4-us-west-1-0,4-us-west-1-0,4,1000000,F,0,20250108-120519,2006,2006,,,,,0,0,1143262,1143262,,,,,1145268,,,,,,,,,,,,,,,,,,,,,,,,,,,,,,,0,0,0,0,0,0,0,0,2006,0,,,,,,,,,,,,,,,,,,,,,,,,,,,,,,,,,,,,,,,,,,,,,,,,,,,1000,128,90,50000,30,,,,,,,,,,,,,,,,,,,,
scalability/sunstorm/scalability-sunstorm-regions4-hot0-F-mr0-20250108-120519/1-us-east-1-0,1-us-east-1-0,4,1000000,F,0,20250108-120519,1961,1961,,,,,0,0,1147017,1147017,,,,,1148978,,,,,,,,,,,,,,,,,,,,,,,,,,,,,,,0,0,0,0,0,0,0,0,1961,0,,,,,,,,,,,,,,,,,,,,,,,,,,,,,,,,,,,,,,,,,,,,,,,,,,,1000,128,90,50000,30,,,,,,,,,,,,,,,,,,,,
scalability/sunstorm/scalability-sunstorm-regions4-hot0-F-mr0-20250108-120519/3-ap-northeast-1-0,3-ap-northeast-1-0,4,1000000,F,0,20250108-120519,1903,1903,,,,,0,0,1143756,1143756,,,,,1145659,,,,,,,,,,,,,,,,,,,,,,,,,,,,,,,0,0,0,0,0,0,0,0,1903,0,,,,,,,,,,,,,,,,,,,,,,,,,,,,,,,,,,,,,,,,,,,,,,,,,,,1000,128,90,50000,30,,,,,,,,,,,,,,,,,,,,
scalability/sunstorm/scalability-sunstorm-regions4-hot0-F-mr0-20250108-120519/2-eu-west-1-0,2-eu-west-1-0,4,1000000,F,0,20250108-120519,1927,1927,,,,,0,0,1154566,1154566,,,,,1156493,,,,,,,,,,,,,,,,,,,,,,,,,,,,,,,0,0,0,0,0,0,0,0,1927,0,,,,,,,,,,,,,,,,,,,,,,,,,,,,,,,,,,,,,,,,,,,,,,,,,,,1000,128,90,50000,30,,,,,,,,,,,,,,,,,,,,
scalability/sunstorm/scalability-sunstorm-regions6-hot10000-F-mr5-20250112-225631/6-eu-central-1-0,6-eu-central-1-0,6,10000,F,5,20250112-225631,18926,11686,4509.0,1270.0,684.0,462.0,0,0,696761,662638,27166.0,4455.0,1447.0,657.0,715687,7741.716393134069,16.302664310026916,3.614,5.184,5.7,6.508,8.036,53.605,263.9791599999999,1197.804,225.0,0.0,324.0,0.0,0.0,143.0,0.0,241.0,0.0,0.0,1342.0,0.0,1899.0,0.0,0.0,406.0,0.0,563.0,0.0,0.0,0,0,0,0,0,2228,0,3159,13539,0,190.08685142014014,41.423,118.33250000000001,183.666,251.62075,306.61500000000007,402.67904999999985,548.63222,968.338,270.0447452702703,114.787,189.19025,252.96050000000002,276.5985,451.8648,524.75265,712.1877199999999,1023.389,377.06399999999996,184.231,260.375,271.209,517.517,704.3816,781.9667000000001,832.8363600000001,1197.804,6.174535223726155,3.692,5.159,5.641,6.372,7.218,8.144,11.556,349.094,331.6191100346021,177.9,206.319,265.219,449.939,543.0696,705.1289999999997,803.4172799999999,962.139,302.9,49.5,7321.1,16.5,8.0,1000,128,90,50000,30,,,,315.0,398.0,112.0,0.0,132.0,0.0,0.0,397.98068090452256,248.931,264.55825000000004,276.557,527.82475,765.5563,790.67625,832.8272399999997,856.515,4.9
scalability/sunstorm/scalability-sunstorm-regions6-hot10000-F-mr5-20250112-225631/4-us-west-1-0,4-us-west-1-0,6,10000,F,5,20250112-225631,19171,11378,4811.0,1378.0,765.0,469.0,0,0,742827,706056,29206.0,4762.0,1626.0,750.0,761998,8253.586171700003,15.31471404047925,3.315,4.851,5.379,6.149,7.889,79.94309999999986,217.47559000000007,877.992,255.0,0.0,327.0,0.0,0.0,168.0,0.0,205.0,0.0,0.0,1518.0,0.0,2049.0,0.0,0.0,459.0,0.0,595.0,0.0,0.0,0,0,0,0,0,2541,0,3341,13289,0,181.7705517691067,76.42,135.745,172.465,199.6125,290.3134,355.88849999999996,476.01383999999996,681.17,234.51382568421053,127.165,178.559,198.4155,230.438,389.7274,436.3378,595.0703600000005,818.624,291.34631543624164,174.808,203.108,213.652,395.567,475.8004,605.8299999999999,673.6589999999995,800.548,5.841957660074182,3.404,4.812,5.335,5.969,6.932,7.986,11.954,350.83,276.9485095384615,151.049,197.129,210.908,375.357,439.23220000000015,581.3178,660.9919199999999,857.046,326.9,53.5,7904.4,18.299999999999997,8.9,1000,128,90,50000,30,,,,370.0,427.0,141.0,0.0,165.0,0.0,0.0,318.0346267605634,188.336,206.11124999999998,217.692,414.63075000000003,604.125,637.784,694.0160000000001,877.992,5.2
scalability/sunstorm/scalability-sunstorm-regions6-hot10000-F-mr5-20250112-225631/1-us-east-1-0,1-us-east-1-0,6,10000,F,5,20250112-225631,42240,5999,25611.0,6303.0,2520.0,1153.0,0,0,361653,352948,8303.0,373.0,28.0,1.0,403893,4018.349152736533,13.883537342178473,3.179,4.44,4.835,5.477,6.214,7.34,379.21599999999745,1236.895,1887.0,0.0,538.0,0.0,0.0,877.0,0.0,228.0,0.0,0.0,18431.0,0.0,5918.0,0.0,0.0,4727.0,0.0,1335.0,0.0,0.0,0,0,0,0,0,26412,0,8163,7665,0,356.7011518311909,82.377,222.19075,313.515,482.09749999999997,612.0395,679.39975,797.2135000000002,1236.895,470.82126702997283,121.393,288.671,466.752,628.4115,758.6076,820.8906,930.7694399999999,991.734,296.529,296.529,296.529,296.529,296.529,296.529,296.529,296.529,296.529,5.309045950581825,3.218,4.43,4.816,5.416,6.036,6.613,9.03,757.319,718.164,337.68,593.2915,760.53,853.187,889.4383,908.51595,917.10406,919.144,157.4,25.299999999999997,3862.0,9.1,4.0,1000,128,90,50000,30,,,,654.0,,490.0,0.0,144.0,0.0,0.0,,,,,,,,,,2.3
scalability/sunstorm/scalability-sunstorm-regions6-hot10000-F-mr5-20250112-225631/5-ap-southeast-1-0,5-ap-southeast-1-0,6,10000,F,5,20250112-225631,20197,12154,4957.0,1558.0,729.0,483.0,0,0,644021,612152,25415.0,4118.0,1363.0,639.0,664218,7155.730157279526,17.52896063720869,3.158,4.685,5.202,5.985,7.586,78.01049999999954,270.5693199999984,1108.554,253.0,0.0,351.0,0.0,0.0,172.0,0.0,218.0,0.0,0.0,1527.0,0.0,2215.0,0.0,0.0,506.0,0.0,757.0,0.0,0.0,0,0,0,0,0,2572,0,3701,13924,0,252.23175922513585,127.891,199.466,217.324,249.503,405.7116000000002,447.5084,620.6286400000001,1108.554,299.8325447015834,179.422,213.878,243.396,392.569,481.132,620.1819999999997,719.0274000000001,1048.006,362.37288087774294,205.837,245.78325,257.29949999999997,488.28075,701.0787000000001,735.3362,780.93057,865.379,5.628666075601556,3.247,4.646,5.158,5.804,6.712,7.681,11.134949999999954,478.242,334.78112794117646,197.188,236.93,253.562,455.98375,531.1957,709.4845499999999,770.1758000000001,915.19,282.1,46.2,6776.6,16.1,7.8,1000,128,90,50000,30,,,,316.0,334.0,114.0,0.0,160.0,0.0,0.0,400.19601801801804,232.176,248.813,270.858,510.403,738.8382,769.0703999999998,815.92172,1003.656,4.300000000000001
scalability/sunstorm/scalability-sunstorm-regions6-hot10000-F-mr5-20250112-225631/3-ap-northeast-1-0,3-ap-northeast-1-0,6,10000,F,5,20250112-225631,19057,11267,4717.0,1477.0,797.0,448.0,0,0,642915,611201,25189.0,4095.0,1383.0,689.0,661972,7143.431763876133,17.56259773892344,3.596,5.135,5.75,6.426,7.793,78.83125,272.33575,1111.382,282.0,0.0,365.0,0.0,0.0,158.0,0.0,200.0,0.0,0.0,1370.0,0.0,2117.0,0.0,0.0,515.0,0.0,691.0,0.0,0.0,0,0,0,0,0,2452,0,3539,13066,0,214.49122372975765,85.829,137.882,183.354,255.813,349.96259999999995,436.4438,587.8271200000001,1062.791,297.95441748526525,133.394,227.76074999999997,257.89149999999995,325.2785,504.7348,578.9088999999997,756.5617199999999,1008.815,385.19654148471614,228.534,262.58900000000006,273.628,521.9515,732.8799999999999,783.0149,860.7535999999999,1111.382,6.131451720668407,3.662,5.106,5.69,6.298,7.067,7.887,11.331,422.998,356.5811484431572,169.247,252.773,268.793,493.393,557.025,752.397,826.2540000000001,992.358,280.2,46.400000000000006,6805.7,16.1,7.9,1000,128,90,50000,30,,,,351.0,358.0,127.0,0.0,166.0,0.0,0.0,423.742294117647,253.931,265.601,286.649,534.708,789.3748,802.7498,859.07964,875.421,4.6
scalability/sunstorm/scalability-sunstorm-regions6-hot10000-F-mr5-20250112-225631/2-eu-west-1-0,2-eu-west-1-0,6,10000,F,5,20250112-225631,19282,11765,4633.0,1407.0,713.0,437.0,0,0,737563,700908,29042.0,4833.0,1644.0,723.0,756845,8195.140276942442,15.426275361074305,3.239,4.729,5.268,5.985,7.552,55.706849999999974,243.9434199999997,876.767,241.0,0.0,317.0,0.0,0.0,153.0,0.0,198.0,0.0,0.0,1384.0,0.0,1912.0,0.0,0.0,484.0,0.0,604.0,0.0,0.0,0,0,0,0,0,2376,0,3181,13725,0,179.58860195280155,41.631,96.90725,168.112,228.07225,286.0692,383.7173999999999,503.69703999999876,808.332,273.06135677024264,140.968,214.43,232.541,278.295,454.91819999999996,500.43659999999994,682.0152800000002,803.691,334.98718333333335,209.095,236.44299999999998,249.28050000000002,461.863,527.0276,705.9302999999999,745.8311699999999,808.683,5.681245875210493,3.314,4.69,5.222,5.82,6.694,7.639,11.028399999999907,324.836,313.09003174603174,155.501,228.7665,241.6565,409.9385,502.2176,670.3533,747.745489999999,840.096,324.6,54.2,7756.7,18.8,8.600000000000001,1000,128,90,50000,30,,,,327.0,413.0,114.0,0.0,150.0,0.0,0.0,369.91217761557175,222.615,238.45850000000002,252.68,480.3515,706.258,743.3915,780.4279999999999,876.767,4.9
scalability/sunstorm/scalability-sunstorm-regions5-hot0-F-mr0-20250108-135700/4-us-west-1-0,4-us-west-1-0,5,1000000,F,0,20250108-135700,2142,2142,,,,,0,0,1222798,1222798,,,,,1224940,,,,,,,,,,,,,,,,,,,,,,,,,,,,,,,0,0,0,0,0,0,0,0,2142,0,,,,,,,,,,,,,,,,,,,,,,,,,,,,,,,,,,,,,,,,,,,,,,,,,,,1000,128,90,50000,30,,,,,,,,,,,,,,,,,,,,
scalability/sunstorm/scalability-sunstorm-regions5-hot0-F-mr0-20250108-135700/1-us-east-1-0,1-us-east-1-0,5,1000000,F,0,20250108-135700,2174,2174,,,,,0,0,1241614,1241614,,,,,1243788,,,,,,,,,,,,,,,,,,,,,,,,,,,,,,,0,0,0,0,0,0,0,0,2174,0,,,,,,,,,,,,,,,,,,,,,,,,,,,,,,,,,,,,,,,,,,,,,,,,,,,1000,128,90,50000,30,,,,,,,,,,,,,,,,,,,,
scalability/sunstorm/scalability-sunstorm-regions5-hot0-F-mr0-20250108-135700/5-ap-southeast-1-0,5-ap-southeast-1-0,5,1000000,F,0,20250108-135700,1947,1947,,,,,0,0,1143952,1143952,,,,,1145899,12710.568030325614,10.150833568977635,6.242,8.386,9.148,10.096,12.456,14.91,23.302859999999637,91.528,,,,,,,,,,,,,,,,,,,,,0,0,0,0,0,0,0,0,1947,0,,,,,,,,,,,,,,,,,,,,,,,,,,,,10.150833568977635,6.242,8.386,9.148,10.096,12.456,14.91,23.302859999999637,91.528,,,,,,,,,,,,12721.099999999999,,,1000,128,90,50000,30,,,,,,,,,,,,,,,,,,,,
scalability/sunstorm/scalability-sunstorm-regions5-hot0-F-mr0-20250108-135700/3-ap-northeast-1-0,3-ap-northeast-1-0,5,1000000,F,0,20250108-135700,2162,2162,,,,,0,0,1239658,1239658,,,,,1241820,13773.905480690517,9.326722715477477,5.503,7.618,8.368,9.36,11.525,13.078,20.57815000000014,244.4,,,,,,,,,,,,,,,,,,,,,0,0,0,0,0,0,0,0,2162,0,,,,,,,,,,,,,,,,,,,,,,,,,,,,9.326722715477477,5.503,7.618,8.368,9.36,11.525,13.078,20.57815000000014,244.4,,,,,,,,,,,,13728.2,,,1000,128,90,50000,30,,,,,,,,,,,,,,,,,,,,
scalability/sunstorm/scalability-sunstorm-regions5-hot0-F-mr0-20250108-135700/2-eu-west-1-0,2-eu-west-1-0,5,1000000,F,0,20250108-135700,1942,1942,,,,,0,0,1140099,1140099,,,,,1142041,,,,,,,,,,,,,,,,,,,,,,,,,,,,,,,0,0,0,0,0,0,0,0,1942,0,,,,,,,,,,,,,,,,,,,,,,,,,,,,,,,,,,,,,,,,,,,,,,,,,,,1000,128,90,50000,30,,,,,,,,,,,,,,,,,,,,
