path,region,suffix,rejected,rejected.NewOrder,rejected.Payment,aborted,aborted.NewOrder,unexpected,completed,completed.NewOrder,completed.Payment,completed.OrderStatus,completed.Delivery,completed.StockLevel,total,throughput,avg,p0,p25,p50,p75,p90,p95,p99,p100,throughput.Delivery,avg.Delivery,p0.Delivery,p25.Delivery,p50.Delivery,p75.Delivery,p90.Delivery,p95.Delivery,p99.Delivery,p100.Delivery,throughput.OrderStatus,avg.OrderStatus,p0.OrderStatus,p25.OrderStatus,p50.OrderStatus,p75.OrderStatus,p90.OrderStatus,p95.OrderStatus,p99.OrderStatus,p100.OrderStatus,throughput.NewOrder,avg.NewOrder,p0.NewOrder,p25.NewOrder,p50.NewOrder,p75.NewOrder,p90.NewOrder,p95.NewOrder,p99.NewOrder,p100.NewOrder,scalefactor,terminals,time,rate,warmup,throughput.Payment,avg.Payment,p0.Payment,p25.Payment,p50.Payment,p75.Payment,p90.Payment,p95.Payment,p99.Payment,p100.Payment,avg.StockLevel,p0.StockLevel,p25.StockLevel,p50.StockLevel,p75.StockLevel,p90.StockLevel,p95.StockLevel,p99.StockLevel,p100.StockLevel,ood_index_page.NewOrder,ood_table.NewOrder,ood_tuple.NewOrder,other_aborts.NewOrder,deadlock.NewOrder,ood_index_page.Payment,ood_table.Payment,ood_tuple.Payment,other_aborts.Payment,deadlock.Payment,ood_index_page,ood_table,ood_tuple,other_aborts,deadlock,throughput.StockLevel,rejected.Delivery,ood_index_page.Delivery,ood_table.Delivery,ood_tuple.Delivery,other_aborts.Delivery,deadlock.Delivery,rejected.StockLevel,unexpected.NewOrder,ood_index_page.StockLevel,ood_table.StockLevel,ood_tuple.StockLevel,other_aborts.StockLevel,deadlock.StockLevel
tpcc/sunstorm/tpcc-100-sunstorm-terminals20-20240517-143519/1-us-east-1-0,1-us-east-1-0,20240517-143519,17,8.0,9.0,261,261,0,61379,27271,26634,2500,2486,2488,61657,1022.9804056486607,19.446574960658022,0.41,2.503,5.019,8.188,77.60900000000002,174.3821,184.52408000000008,323.881,40.8,13.08620716009654,8.431,10.30775,11.242,12.8845,16.0125,19.5535,76.81325000000004,93.0,40.5,0.7454139999999999,0.41,0.543,0.613,0.75925,1.0341999999999998,1.2740499999999997,2.991599999999986,27.352,463.6,20.20459781265896,2.733,5.683,7.008,8.873,74.21380000000038,160.38459999999225,185.25430000000006,319.257,100,20,60,50000,0,445.0,22.60517628505989,1.468,2.253,2.639,3.385,80.42360000000001,175.62899999999996,190.58132000000003,323.881,2.4647745176848876,1.437,2.039,2.258,2.546,2.899,3.4678500000000008,6.606780000000056,31.399,2.0,0.0,4.0,2.0,0.0,1.0,0.0,3.0,5.0,0.0,3,0,7,7,0,40.6,,,,,,,,,,,,,
tpcc/sunstorm/tpcc-100-sunstorm-terminals20-20240517-143519/3-ap-northeast-1-0,3-ap-northeast-1-0,20240517-143519,134,83.0,51.0,207,207,0,44793,20268,19227,1768,1738,1792,45134,746.5423384475009,26.612796311520942,0.404,2.378,4.731,7.651,174.0082,220.38739999999999,233.61539999999994,451.955,29.3,12.54530667433832,8.226,9.77,10.556000000000001,12.099250000000001,15.802299999999999,19.021099999999997,75.31840999999993,83.283,27.5,0.7220950226244343,0.404,0.519,0.582,0.761,1.019,1.1452499999999992,2.48433,26.183,341.9,26.17190679374389,2.544,5.323,6.576,8.31425,68.28280000000089,220.49574999999984,233.16768999999996,451.955,100,20,60,50000,0,320.9,33.02051011282691,1.434,2.127,2.522,3.134,176.772,221.5122,242.82132000000001,439.98,2.2521909547738694,1.408,1.866,2.052,2.305,2.729,3.3395,6.394299999999999,29.211,26.0,0.0,57.0,0.0,0.0,4.0,0.0,23.0,24.0,0.0,30,0,80,24,0,30.9,,,,,,,,,,,,,
tpcc/sunstorm/tpcc-100-sunstorm-terminals20-20240517-143519/2-eu-west-1-0,2-eu-west-1-0,20240517-143519,42,31.0,11.0,256,256,0,53040,23735,22961,2132,2084,2128,53338,883.9906498098993,22.482618196146124,0.488,2.698,5.51,8.955,78.0494,220.3982,231.52300000000002,460.068,34.1,14.304034548944339,9.81,11.60275,12.409,13.934,17.805,20.09405,75.45056,95.927,35.5,0.8049226078799251,0.488,0.609,0.678,0.87325,1.0649,1.2794499999999998,2.7142100000000005,11.052,396.70000000000005,23.203624296024362,3.124,6.251,7.751,9.6035,76.411,145.745,232.17659999999995,337.756,100,20,60,50000,0,388.4,26.362408954313835,1.539,2.446,2.839,3.414,80.662,221.829,235.30000000000004,460.068,2.422916077322018,1.497,2.029,2.209,2.46,2.826,3.411,7.354400000000022,32.64,6.0,0.0,16.0,9.0,0.0,0.0,0.0,7.0,4.0,0.0,6,0,23,13,0,35.1,,,,,,,,,,,,,
tpcc/sunstorm/tpcc-100-sunstorm-terminals60-20240517-143519/1-us-east-1-0,1-us-east-1-0,20240517-143519,1866,1097.0,769.0,575,575,0,135951,60882,58712,5607,5349,5401,138392,2265.8274184996008,26.30112516200839,0.439,4.1155,8.001,13.207,84.79880000000001,179.15709999999999,244.97483999999992,554.072,91.5,22.87306487193868,9.799,14.902,17.23,20.46,26.270199999999992,82.61359999999999,92.16372,182.49,96.3,1.2876490101658642,0.439,0.755,0.901,1.142,1.679,2.9928999999999952,9.939679999999951,50.702,1053.3,28.26085515882707,3.707,8.523,10.774,14.3185,84.73900000000002,174.4624999999999,248.5639,522.275,100,60,60,50000,0,1015.5,29.015656658496738,1.664,3.523,4.463,7.006,119.5677000000001,183.09519999999995,248.1080299999999,554.072,4.015866876504351,1.72,2.818,3.289,4.131,5.942,8.32,15.577,47.371,376.0,0.0,696.0,25.0,0.0,136.0,0.0,434.0,199.0,0.0,512,0,1130,224,0,91.1,,,,,,,,,,,,,
tpcc/sunstorm/tpcc-100-sunstorm-terminals60-20240517-143519/3-ap-northeast-1-0,3-ap-northeast-1-0,20240517-143519,3700,2082.0,1617.0,528,528,0,111090,49831,47980,4348,4479,4452,115318,1851.4775686703806,32.19090354529906,0.436,3.447,6.79,11.482,176.7178,226.98439999999994,292.25232,722.495,74.3,19.826499441839697,9.15,13.056000000000001,15.045,17.924500000000002,22.874600000000004,75.49789999999996,86.15394000000003,238.332,72.9,1.18772493100276,0.436,0.69,0.831,1.057,1.5213,2.6338499999999967,6.758909999999988,76.481,858.4,33.62689195415996,3.108,7.385,9.356,12.565,82.12660000000004,230.29359999999997,297.8681999999998,685.08,100,60,60,50000,0,810.8,37.33676753774076,1.46,2.985,3.694,5.463,193.43659999999997,229.75299999999996,293.6524400000001,722.495,3.265232030548068,1.568,2.386,2.7504999999999997,3.351,4.712600000000002,6.3499,12.18804999999999,50.737,894.0,0.0,1140.0,48.0,0.0,419.0,0.0,1022.0,176.0,0.0,1313,0,2162,225,0,76.2,1.0,0.0,0.0,0.0,1.0,0.0,,,,,,,
tpcc/sunstorm/tpcc-100-sunstorm-terminals60-20240517-143519/2-eu-west-1-0,2-eu-west-1-0,20240517-143519,2522,1493.0,1029.0,585,585,0,124711,55562,53978,5055,5031,5085,127818,2078.5164342538874,28.673919545824493,0.521,3.777,7.992,13.287,84.242,223.98225,291.70625,686.317,84.3,23.08152236135957,11.182,15.682500000000001,17.695,20.532,26.268,80.152,92.1056,204.439,86.4,1.303173293768546,0.521,0.803,0.948,1.181,1.686,2.984600000000002,8.66052,43.796,972.9,30.33308049745216,3.931,8.687,10.872,14.205,83.893,172.827,294.027,686.317,100,60,60,50000,0,931.9000000000001,32.39653667660512,1.776,3.348,4.03,5.964,116.63240000000027,228.11459999999997,295.4437399999999,561.303,3.7199565388397247,1.605,2.635,3.01,3.685,5.253000000000004,7.569800000000001,15.159359999999989,64.314,543.0,0.0,905.0,45.0,0.0,204.0,0.0,709.0,116.0,0.0,747,0,1614,161,0,88.1,,,,,,,,,,,,,
tpcc/sunstorm/tpcc-100-sunstorm-terminals100-20240517-143519/1-us-east-1-0,1-us-east-1-0,20240517-143519,4738,2726.0,2012.0,748,748,0,157381,70436,68295,6204,6126,6320,162867,2622.973932038744,37.861915115756986,0.483,6.806,13.259,22.69,100.87600000000053,195.81859999999998,271.69091999999966,4303.176,106.8,37.17716317512275,12.1,23.30975,27.778,35.6095,86.9738,95.10245000000003,108.12622999999995,203.658,110.9,2.5710799484203744,0.466,1.074,1.3835,2.07925,4.357999999999998,9.997949999999985,21.54793000000002,65.135,1270.7,41.84166219179622,4.748,13.182,17.167,25.0745,94.95660000000004,198.54979999999992,280.8757400000014,4303.176,100,100,60,50000,0,1223.2,39.73075600327984,1.514,5.534,7.364,15.294,154.919,205.756,279.34975000000014,4198.83,8.505138765822785,1.799,4.6555,6.33,9.75325,16.686,21.62414999999994,32.852679999999985,82.352,1016.0,0.0,1702.0,8.0,0.0,564.0,0.0,1421.0,27.0,0.0,1580,0,3123,35,0,114.19999999999999,,,,,,,,,,,,,
tpcc/sunstorm/tpcc-100-sunstorm-terminals100-20240517-143519/3-ap-northeast-1-0,3-ap-northeast-1-0,20240517-143519,9354,4660.0,4694.0,745,745,0,159247,71250,68765,6395,6417,6420,169346,2654.09032468749,37.396378308961374,0.467,4.86675,9.2575,15.461,184.69050000000001,237.252,326.24624,892.034,108.6,26.820052574102967,10.529,17.357,20.061999999999998,24.04325,70.8275,81.92419999999998,93.60173,193.431,106.5,1.5588577013291636,0.467,0.856,1.038,1.357,2.258600000000002,4.158999999999993,10.23006,127.584,1211.4,38.93369837145319,4.15,9.847,12.527,16.83075,85.64250000000001,240.923,324.80805000000015,838.919,100,100,60,50000,0,1171.3000000000002,43.160090858862695,1.677,4.121,5.228,8.061,222.17220000000006,241.79099999999997,366.542920000002,892.034,4.941382866043614,1.56,3.17675,3.957,5.23625,7.962800000000002,10.938449999999964,19.59683999999997,80.771,2214.0,0.0,2438.0,8.0,0.0,1577.0,0.0,3104.0,13.0,0.0,3791,0,5542,21,0,108.1,,,,,,,,,,,,,
tpcc/sunstorm/tpcc-100-sunstorm-terminals100-20240517-143519/2-eu-west-1-0,2-eu-west-1-0,20240517-143519,6493,3564.0,2929.0,786,786,0,158833,70944,68754,6345,6464,6326,166112,2647.1879156469545,37.49820532833867,0.499,5.515,11.152,18.97,96.13679999999997,231.50439999999995,318.2655599999996,4403.272,115.80000000000001,33.63566863170959,12.653,21.264,24.428,29.84025,82.87899999999999,91.11725,100.95330000000003,166.841,112.4,1.9923610717100078,0.499,1.046,1.271,1.739,3.1486000000000005,5.6358,13.040799999999933,102.722,1286.6,41.16675659922189,4.741,11.709,15.009,20.716,92.28120000000007,234.9861999999999,323.3803600000001,4403.272,100,100,60,50000,0,1228.7,40.206270959673084,1.722,4.626,5.906,9.803,149.94980000000004,236.29739999999993,326.9931200000001,4161.582,6.2325447360101185,1.623,3.928,4.943,6.8782499999999995,10.3035,13.81725,24.26625,86.714,1304.0,0.0,2238.0,22.0,0.0,823.0,0.0,2066.0,40.0,0.0,2127,0,4304,62,0,111.19999999999999,,,,,,,,,,,,,
tpcc/sunstorm/tpcc-10-sunstorm-terminals100-20240514-165443/1-us-east-1-0,1-us-east-1-0,20240514-165443,163201,45408.0,113297.0,483,483,1,79477,44278,20747,5065,5021,4366,243162,1324.5947606288983,47.089653913590425,0.732,8.01,13.356,41.674,178.511,197.38719999999995,338.2980000000002,1092.814,84.69999999999999,17.417993115656962,2.709,9.23775,15.247,21.0545,29.3695,38.140349999999984,78.8829400000001,169.84,84.19999999999999,1.6366550839091805,0.732,1.042,1.229,1.547,2.22,3.427000000000001,7.438119999999905,75.22,949.8,24.224249493508097,3.391,9.495,12.848,17.5395,33.10940000000001,95.56819999999972,194.07849999999993,1092.814,10,100,60,50000,0,894.7,82.45989259871442,2.484,9.1875,35.388,155.985,205.33520000000001,262.9081499999999,366.33953,643.363,4.84884385697984,1.587,2.823,3.564,5.33575,8.2033,10.901699999999993,21.090440000000033,122.86,9.0,0.0,54.0,45345.0,1.0,9.0,0.0,3.0,113285.0,0.0,18,0,57,163126,1,88.6,1379.0,0.0,0.0,0.0,1379.0,0.0,3117.0,1.0,0.0,0.0,0.0,3117.0,0.0
tpcc/sunstorm/tpcc-10-sunstorm-terminals100-20240514-165443/3-ap-northeast-1-0,3-ap-northeast-1-0,20240514-165443,129898,37803.0,88332.0,393,393,0,60666,33379,15976,4048,3949,3314,190957,1011.0883536439868,60.49928541399279,0.364,4.753,8.249,23.304000000000002,223.372,254.2265,438.47950000000003,715.348,66.1,10.82017655860349,1.744,5.781499999999999,9.164,13.0505,18.325199999999995,22.934849999999994,46.091309999999865,108.705,68.2,0.9820617588932806,0.364,0.609,0.751,0.994,1.3296000000000003,1.8112999999999992,4.447189999999994,73.393,743.6,23.811698980978257,1.706,5.627,7.749,10.887,19.038399999999996,184.2021499999999,232.06673999999995,461.508,10,100,60,50000,0,698.3,115.3092804580839,1.452,5.9965,19.279,214.3495,294.4956,395.6399,487.94851999999895,715.348,3.364222139856684,1.125,2.128,2.633,3.692,5.603600000000001,7.370999999999994,11.908559999999998,66.172,20.0,0.0,72.0,37711.0,0.0,15.0,0.0,10.0,88307.0,0.0,35,0,82,129781,0,69.1,1120.0,0.0,0.0,0.0,1120.0,0.0,2643.0,,0.0,0.0,0.0,2643.0,0.0
tpcc/sunstorm/tpcc-10-sunstorm-terminals100-20240514-165443/2-eu-west-1-0,2-eu-west-1-0,20240514-165443,162969,52184.0,106791.0,423,423,0,68445,37224,18041,4569,4606,4005,231837,1140.7322948651613,51.086242576160025,0.545,6.932,11.699,34.992,220.37959999999998,239.93039999999993,423.3027599999995,946.75,77.9,15.450012004287247,2.348,8.272,13.119,18.621,25.896600000000003,34.0932,75.79459999999997,227.839,75.80000000000001,1.4500595316261764,0.545,0.873,1.048,1.351,2.0197999999999996,2.963,6.724079999999987,75.156,883.5999999999999,22.774412384841863,2.588,7.977,11.022,15.452,26.924399999999995,89.66779999999997,235.97575999999995,946.75,10,100,60,50000,0,830.4000000000001,93.39190296646518,1.956,8.381,31.693,163.86649999999997,248.15300000000002,308.6368,451.67493999999994,739.553,4.548705184259837,1.425,2.6595,3.392,5.083,7.740200000000001,10.3227,20.379819999999864,75.018,14.0,0.0,49.0,52121.0,0.0,9.0,0.0,2.0,106780.0,0.0,23,0,51,162895,0,79.6,1220.0,0.0,0.0,0.0,1220.0,0.0,2774.0,,0.0,0.0,0.0,2774.0,0.0
tpcc/sunstorm/tpcc-10-sunstorm-terminals40-20240514-165443/1-us-east-1-0,1-us-east-1-0,20240514-165443,42935,8075.0,33943.0,282,282,0,56861,28651,20368,2673,2611,2558,100078,947.6723432087582,35.71982318818968,0.723,4.16,9.647,16.40025,155.18269999999995,182.36610000000002,273.79537000000056,569.771,44.9,13.112301071155319,3.756,8.779,12.0075,16.38975,19.794300000000007,22.771599999999992,45.52953999999988,96.902,44.7,1.1468271604938272,0.723,0.891,0.991,1.17,1.4454000000000005,1.6828000000000005,3.285400000000001,43.816,501.70000000000005,24.00396503053155,3.951,8.77,11.151,14.293,60.725200000000115,131.41459999999816,189.16055999999998,376.056,10,40,60,50000,0,481.20000000000005,56.48820343094785,2.267,3.344,6.512,82.542,179.0362,222.2998,346.4928799999998,569.771,2.910925251022685,1.572,2.273,2.518,2.905,4.119600000000003,5.2414,9.036039999999971,43.971,9.0,0.0,21.0,8045.0,0.0,5.0,0.0,6.0,33932.0,0.0,14,0,27,42894,0,44.9,242.0,0.0,0.0,0.0,242.0,0.0,675.0,,0.0,0.0,0.0,675.0,0.0
tpcc/sunstorm/tpcc-10-sunstorm-terminals40-20240514-165443/3-ap-northeast-1-0,3-ap-northeast-1-0,20240514-165443,32519,7359.0,24309.0,203,203,1,43275,21325,16057,1960,2033,1900,75998,721.2409658198069,47.052611398047965,0.366,2.845,5.852,10.519,212.175,223.825,396.10520000000014,1017.559,33.8,8.497118860510804,2.261,5.1617500000000005,7.6605,10.11125,13.131499999999999,16.58925,28.273350000000043,83.733,32.8,0.7477841836734694,0.366,0.5,0.587,0.7745,1.019,1.1753499999999997,2.1112800000000007,36.994,383.9,26.501441495724606,2.023,5.2684999999999995,6.666,9.0545,56.489,219.8245,228.00809999999998,1017.559,10,40,60,50000,0,362.20000000000005,81.18010486565662,0.603,2.436,4.108,175.2995,222.217,343.521,437.6844400000002,670.7,2.3746265356265357,1.106,1.789,2.041,2.4975,3.4344000000000006,4.3165000000000004,6.861800000000007,37.26,13.0,0.0,20.0,7326.0,1.0,7.0,0.0,3.0,24299.0,0.0,20,0,23,32476,1,34.2,197.0,0.0,0.0,0.0,197.0,0.0,654.0,1.0,0.0,0.0,0.0,654.0,0.0
tpcc/sunstorm/tpcc-10-sunstorm-terminals40-20240514-165443/2-eu-west-1-0,2-eu-west-1-0,20240514-165443,43254,11856.0,30518.0,268,268,0,50307,24425,18762,2451,2357,2312,93829,838.4434076688369,39.296248814504885,0.589,3.593,8.257,14.618,180.24459999999974,225.15599999999998,326.9029999999982,711.726,39.8,11.289856779661017,3.243,7.3485,10.436,14.33525,17.0901,19.80654999999998,32.81916999999989,101.447,41.2,1.0306022031823747,0.589,0.748,0.844,1.021,1.253,1.4765000000000001,3.183,38.33,455.6,24.9265566937609,3.116,7.5425,9.651,12.775,35.77259999999998,159.21459999999908,233.4584799999999,462.443,10,40,60,50000,0,441.6,63.96237005006827,1.901,3.00375,5.451,80.99799999999999,222.0967,250.82769999999977,432.89602999999966,711.726,2.7937978723404258,1.395,2.106,2.377,2.8122499999999997,3.9567,4.8980999999999995,7.9578500000000005,72.772,9.0,0.0,26.0,11821.0,0.0,3.0,0.0,2.0,30513.0,0.0,12,0,28,43214,0,40.8,208.0,0.0,0.0,0.0,208.0,0.0,672.0,,0.0,0.0,0.0,672.0,0.0
tpcc/sunstorm/tpcc-100-sunstorm-terminals80-20240517-143519/1-us-east-1-0,1-us-east-1-0,20240517-143519,4322,2347.0,1975.0,714,714,0,158198,70809,68403,6334,6322,6330,163234,2636.597166954221,30.090914805276377,0.449,4.84,9.37,15.818,87.88210000000001,183.99994999999979,258.32026000000025,3857.212,111.2,28.967612862347533,10.317,17.68,20.672,25.072,33.6056,83.70719999999999,95.97056000000005,3446.094,109.6,1.6564958951689295,0.449,0.868,1.062,1.404,2.238,4.16994999999999,13.449700000000016,124.942,1251.5,34.144962911742525,4.131,9.978,12.766,17.216749999999998,86.77000000000001,185.3155,265.52039999999977,3857.212,100,80,60,50000,0,1203.2,30.895662880389608,1.644,4.075,5.183,8.049,127.402,190.857,257.9536,637.199,5.322493916890504,1.753,3.359,4.182,5.699,8.443399999999999,12.066599999999989,20.896880000000106,93.638,705.0,0.0,1172.0,470.0,0.0,337.0,0.0,972.0,666.0,0.0,1042,0,2144,1136,0,110.2,,,,,,,,,,,,,
tpcc/sunstorm/tpcc-100-sunstorm-terminals80-20240517-143519/3-ap-northeast-1-0,3-ap-northeast-1-0,20240517-143519,6690,3417.0,3272.0,625,625,0,133442,59500,57808,5384,5379,5371,140757,2224.0159103185583,35.69015290244247,0.418,3.817,7.448,12.831,180.123,235.56179999999998,304.26163999999943,3663.306,94.1,25.81185480572597,8.685,14.1405,16.907,20.2235,25.3832,74.5924,87.03676,3533.225,92.4,1.2849912704309063,0.418,0.733,0.899,1.16,1.6900999999999995,2.905649999999995,10.053480000000011,49.71,1058.5,38.013753664373326,3.31,8.08225,10.438,14.054,81.92340000000002,237.04939999999996,308.9662699999997,3663.306,100,80,60,50000,0,1020.9,40.34376485212617,1.497,3.226,4.111,6.11,218.135,245.554,309.7278,1149.726,3.9765792217464155,1.426,2.6384999999999996,3.17,4.1530000000000005,6.116,8.321,15.406300000000002,68.851,1433.0,0.0,1620.0,364.0,0.0,845.0,0.0,1994.0,433.0,0.0,2278,0,3614,798,0,92.8,1.0,0.0,0.0,0.0,1.0,0.0,,,,,,,
tpcc/sunstorm/tpcc-100-sunstorm-terminals80-20240517-143519/2-eu-west-1-0,2-eu-west-1-0,20240517-143519,4972,2760.0,2212.0,680,680,0,152211,67827,65975,6147,6162,6100,157863,2536.8175252264127,31.294663490818795,0.543,4.189,8.964,14.897,86.60900000000007,226.512,298.5952999999997,3448.872,105.6,27.719681663147636,11.388,17.446,19.854,23.053,28.90500000000001,82.2358,94.2768,2962.778,102.4,1.5677266959492433,0.543,0.883,1.055,1.337,2.056200000000002,4.269399999999992,11.3148,67.3,1204.9,34.565859550315885,4.323,9.643,12.168,15.941,85.5424,226.8075999999998,303.8901599999999,3448.872,100,80,60,50000,0,1146.6,33.46635100601033,1.904,3.677,4.438,6.827,126.65320000000003,232.64339999999984,299.92936,1639.433,4.744903278688525,1.728,3.04575,3.665,4.7075,7.406500000000001,10.91810000000001,21.172640000000015,84.533,890.0,0.0,1516.0,354.0,0.0,484.0,0.0,1375.0,353.0,0.0,1374,0,2891,707,0,104.5,,,,,,,,,,,,,
tpcc/sunstorm/tpcc-10-sunstorm-terminals10-20240514-165443/1-us-east-1-0,1-us-east-1-0,20240514-165443,193,140.0,52.0,131,131,0,29015,13186,12357,1144,1133,1195,29339,483.58175647800147,20.534055959402004,0.737,2.918,7.03,11.345,77.7377,173.8151,184.28554999999997,618.789,18.9,17.554306266548988,13.943,15.127,15.777,16.829,19.593,21.230599999999995,80.22224000000001,88.971,19.8,0.989438811188811,0.737,0.833,0.892,1.025,1.265,1.4222499999999996,2.1277099999999995,7.099,226.2,22.47063170530422,4.175,7.927,9.893,11.996,32.9474000000015,120.31759999999984,187.55399999999995,618.789,10,10,60,50000,0,208.2,22.283030741849366,2.174,2.738,3.037,3.685,79.31,175.225,179.73399999999998,592.251,2.406426298157454,1.67,2.0775,2.226,2.41675,2.7488000000000006,3.2984499999999977,6.975519999999978,13.754,25.0,0.0,49.0,66.0,0.0,6.0,0.0,10.0,36.0,0.0,31,0,59,103,0,19.799999999999997,1.0,0.0,0.0,0.0,1.0,0.0,,,,,,,
tpcc/sunstorm/tpcc-10-sunstorm-terminals10-20240514-165443/3-ap-northeast-1-0,3-ap-northeast-1-0,20240514-165443,213,142.0,71.0,108,108,0,24054,10842,10292,934,1008,978,24375,400.89815669700204,24.790737092503722,0.356,2.053,4.171,6.751250000000001,172.07360000000003,217.3528,224.45983000000004,466.413,16.5,10.634741071428572,7.589,8.55825,9.289,10.5825,13.634200000000002,17.391249999999996,23.862719999999985,78.581,15.3,0.6147794432548179,0.356,0.44325000000000003,0.5105,0.6385000000000001,0.9658000000000001,1.0393499999999998,2.0496599999999923,6.047,179.3,24.610792568246147,2.142,4.678,5.784,7.462,17.004000000000026,185.51099999999977,225.87424,411.436,10,10,60,50000,0,170.4,30.734080233122878,1.349,1.874,2.147,2.793,174.31359999999998,218.5459,221.94465999999997,466.413,2.0159129989764586,1.209,1.68,1.845,2.052,2.3968,2.9586,6.275520000000004,11.458,26.0,0.0,57.0,59.0,0.0,3.0,0.0,28.0,40.0,0.0,29,0,85,99,0,16.7,,,,,,,,,,,,,
tpcc/sunstorm/tpcc-10-sunstorm-terminals10-20240514-165443/2-eu-west-1-0,2-eu-west-1-0,20240514-165443,258,189.0,69.0,123,123,0,27084,12093,11697,1098,1059,1137,27465,451.39295065647536,22.005499081692623,0.538,2.553,5.756,9.364,76.9307,218.37824999999998,228.33234000000004,612.053,18.2,14.73096789423985,11.334,12.663499999999999,13.284,14.387,17.195600000000002,19.7358,72.33584000000036,88.745,17.9,0.822063752276867,0.538,0.68025,0.7424999999999999,0.877,1.0555000000000003,1.181,1.8288099999999965,6.816,206.39999999999998,22.921559636780106,3.387,6.5405,8.153500000000001,9.962,46.57900000000198,101.67970000000065,231.63354000000007,584.136,10,10,60,50000,0,197.9,25.625324388993338,1.784,2.396,2.676,3.2207500000000002,78.577,219.5519,223.72083,612.053,2.200684256816183,1.463,1.887,2.053,2.245,2.5951999999999997,3.2014000000000005,5.337760000000062,11.733,42.0,0.0,79.0,68.0,0.0,5.0,0.0,22.0,42.0,0.0,47,0,101,110,0,19.4,,,,,,,,,,,,,
tpcc/sunstorm/tpcc-10-sunstorm-terminals20-20240514-165443/1-us-east-1-0,1-us-east-1-0,20240514-165443,11057,1336.0,9489.0,204,204,0,41964,19618,17046,1729,1833,1738,53225,699.3923055306418,27.03869593862816,0.721,3.152,8.284,12.851500000000001,84.59879999999998,176.25539999999995,212.9770099999995,508.663,30.8,14.147711947626842,7.589,9.12,14.842,16.516,19.2974,21.7962,36.23452000000005,178.458,29.4,1.0522695199537304,0.721,0.843,0.91,1.044,1.2950000000000002,1.4911999999999999,2.363880000000001,38.2,338.0,23.137764788590943,4.182,8.405,10.591,13.03975,40.6875000000022,150.35514999999896,186.92018,363.502,10,20,60,50000,0,317.2,37.063409219932716,1.091,2.869,3.372,34.54025,173.7731,177.3657,256.2821400000003,508.663,2.5998267806267807,1.662,2.136,2.331,2.573,3.1702000000000012,4.082,7.228640000000005,36.927,7.0,0.0,10.0,1319.0,0.0,2.0,0.0,1.0,9486.0,0.0,9,0,11,11037,0,29.4,72.0,0.0,0.0,0.0,72.0,0.0,160.0,,0.0,0.0,0.0,160.0,0.0
tpcc/sunstorm/tpcc-10-sunstorm-terminals20-20240514-165443/3-ap-northeast-1-0,3-ap-northeast-1-0,20240514-165443,10569,1275.0,9068.0,153,153,0,30629,14386,12122,1402,1379,1340,41351,510.48093794407214,36.147535008597536,0.384,2.393,5.13,8.429,176.81820000000002,220.18599999999998,342.1570799999993,655.11,22.7,9.15599129804206,4.454,5.6965,8.713,10.3605,13.256200000000002,17.913899999999998,25.09580000000005,78.081,22.9,0.6822104136947219,0.384,0.484,0.544,0.72,1.018,1.1975000000000013,1.8646000000000014,25.621,243.3,26.034300977510423,2.201,5.183,6.494,8.553,25.42040000000004,209.93719999999763,227.67468,441.447,10,20,60,50000,0,238.89999999999998,56.154603997194954,0.523,2.0627500000000003,2.6595,68.17,218.4172,221.65489999999997,394.3912799999999,655.11,2.1322936449963477,1.235,1.712,1.898,2.19,2.7752,3.451399999999999,5.740879999999984,25.965,8.0,0.0,11.0,1256.0,0.0,3.0,0.0,2.0,9063.0,0.0,11,0,13,10545,0,22.7,54.0,0.0,0.0,0.0,54.0,0.0,172.0,,0.0,0.0,0.0,172.0,0.0
tpcc/sunstorm/tpcc-10-sunstorm-terminals20-20240514-165443/2-eu-west-1-0,2-eu-west-1-0,20240514-165443,11483,2185.0,9062.0,204,204,0,37969,17650,15504,1621,1609,1585,49656,632.8146914938109,29.566951249629557,0.535,2.844,6.991,11.041,82.48689999999999,220.67845,259.6302699999996,717.891,26.7,11.893142857142857,6.24,7.7915,11.878,13.995750000000001,17.2783,19.8993,26.500890000000023,79.476,26.7,0.8678809376927823,0.535,0.704,0.777,0.967,1.122,1.285,1.8835999999999975,13.063,296.4,24.27795685321253,3.379,7.174,8.999,11.349,73.868,221.185,230.581,457.432,10,20,60,50000,0,291.6,42.05185801973382,0.813,2.59375,3.063,12.895,218.0095,221.7555,298.9516199999999,717.891,2.432673913043478,1.454,1.97425,2.163,2.415,2.9642000000000017,3.694349999999999,6.989460000000001,37.256,3.0,0.0,14.0,2168.0,0.0,4.0,0.0,2.0,9056.0,0.0,7,0,16,11460,0,26.8,62.0,0.0,0.0,0.0,62.0,0.0,174.0,,0.0,0.0,0.0,174.0,0.0
tpcc/sunstorm/tpcc-100-sunstorm-terminals1-20240517-143519/1-us-east-1-0,1-us-east-1-0,20240517-143519,0,,,11,11,0,3406,1529,1498,133,140,106,3417,56.76611718295166,17.501339285714284,0.468,1.885,4.146,6.75675,75.799,172.22525000000002,179.60955,581.581,2.3,10.68161428571429,8.47,9.07475,9.509,10.441749999999999,11.5447,14.347699999999977,22.035079999999944,81.283,2.3,0.7481278195488722,0.468,0.545,0.611,0.761,1.0456,1.5431999999999986,2.231600000000004,3.952,26.5,18.026390513320337,2.841,4.6715,5.854,7.186999999999999,13.404000000000005,174.72599999999997,181.48198,581.581,100,1,60,50000,0,25.1,20.162508010680906,1.474,1.74825,1.911,2.45525,78.4591,173.05485,177.36395,260.419,2.3063523809523807,1.538,1.923,2.082,2.249,2.528,4.0501999999999985,6.4089599999999916,10.768,,,,,,,,,,,0,0,0,0,0,1.8,,,,,,,,,,,,,
tpcc/sunstorm/tpcc-100-sunstorm-terminals1-20240517-143519/3-ap-northeast-1-0,3-ap-northeast-1-0,20240517-143519,0,,,10,10,0,2447,1070,1066,93,114,104,2457,40.7828175068198,24.33943671143671,0.459,1.874,4.121,7.144,171.02220000000005,216.99839999999998,225.75656,366.838,1.8,10.989298245614036,8.136,8.94625,9.5765,10.5725,12.3458,16.614599999999992,26.193500000000032,84.124,1.5,0.8038387096774194,0.459,0.557,0.66,0.927,1.2219999999999998,1.559199999999998,2.5479599999999993,2.766,16.8,24.538832407407405,3.216,4.749750000000001,6.0805,8.212,17.105400000000003,219.39745,227.66439,365.371,100,1,60,50000,0,18.0,29.788269230769227,1.45,1.74025,1.9195,2.5675,174.786,219.4015,223.75444999999996,366.838,2.098317307692308,1.446,1.7759999999999998,1.9155,2.088,2.3225000000000002,3.064449999999998,5.8982399999999995,7.388,,,,,,,,,,,0,0,0,0,0,1.7000000000000002,,,,,,,,,,,,,
tpcc/sunstorm/tpcc-100-sunstorm-terminals1-20240517-143519/2-eu-west-1-0,2-eu-west-1-0,20240517-143519,0,,,12,12,0,2828,1271,1210,90,144,113,2840,47.13260552185093,21.07781261007397,0.522,2.0255,4.797,8.0425,77.1102,217.80979999999997,225.6244,675.602,2.5,11.930958333333333,9.78,10.7,11.2275,11.795,14.398500000000016,19.29315,20.713819999999995,23.017,1.4,0.924077777777778,0.522,0.645,0.744,0.92725,1.2549000000000003,1.3807,2.5572199999999947,10.836,20.8,21.77008190327613,2.551,5.244,6.705500000000001,8.4495,78.2636000000003,86.87505,227.81740000000002,675.602,100,1,60,50000,0,18.3,24.699336363636363,1.556,1.888,2.0655,2.581,78.99610000000001,219.2063,222.81806,290.915,2.1525929203539826,1.509,1.81,1.982,2.17,2.448,3.1169999999999987,5.414359999999994,10.123,,,,,,,,,,,0,0,0,0,0,1.8,,,,,,,,,,,,,
tpcc/sunstorm/tpcc-10-sunstorm-terminals60-20240514-165443/1-us-east-1-0,1-us-east-1-0,20240514-165443,81180,18384.0,60948.0,379,379,0,67383,35170,21869,3603,3495,3246,148942,1123.0488357539894,40.3434512185539,0.708,5.745,10.822,21.372,171.261,186.069,311.22259999999983,580.931,58.5,13.655371900826445,2.548,7.567,12.258,17.109,21.7814,25.9028,62.36056000000027,102.01,58.9,1.202925339994449,0.708,0.934,1.048,1.2585,1.564,1.871,3.9577200000000006,15.493,667.5,23.733189709458593,3.782,9.105,11.75,15.335,31.42939999999996,95.98019999999995,190.1978,374.925,10,60,60,50000,0,636.5,67.40424886584576,2.301,3.9604999999999997,11.013,109.179,184.591,246.5989999999998,353.5527800000002,580.931,3.3137307800619547,1.511,2.416,2.743,3.413,5.026,6.294499999999999,10.5775,49.405,9.0,0.0,23.0,18352.0,0.0,14.0,0.0,8.0,60926.0,0.0,23,0,31,81126,0,58.9,502.0,0.0,0.0,0.0,502.0,0.0,1346.0,,0.0,0.0,0.0,1346.0,0.0
tpcc/sunstorm/tpcc-10-sunstorm-terminals60-20240514-165443/3-ap-northeast-1-0,3-ap-northeast-1-0,20240514-165443,65334,17596.0,46144.0,291,291,0,50858,26008,16957,2681,2781,2431,116483,847.623108823075,52.5143458363166,0.35,3.501,6.708,13.014,218.3938,228.0364,412.32395999999994,732.592,46.2,8.941779685264663,1.725,5.093999999999999,7.714,10.78975,14.289000000000001,17.26675,38.918900000000136,114.368,43.8,0.8378929503916449,0.35,0.536,0.645,0.844,1.064,1.283,3.599399999999996,48.78,516.3,24.719133295800766,1.933,5.427,7.094,9.65025,19.3505,184.464,229.76524999999998,454.828,10,60,60,50000,0,489.9,95.45723880647681,1.448,2.921,7.465,180.75099999999998,228.7872,376.5321999999999,446.43152,732.592,2.6673237037037034,1.02,1.8857499999999998,2.221,2.82225,4.044999999999999,5.0857499999999956,8.261079999999998,62.562,17.0,0.0,50.0,17529.0,0.0,11.0,0.0,6.0,46127.0,0.0,28,0,56,65250,0,45.3,414.0,0.0,0.0,0.0,414.0,0.0,1180.0,,0.0,0.0,0.0,1180.0,0.0
tpcc/sunstorm/tpcc-10-sunstorm-terminals60-20240514-165443/2-eu-west-1-0,2-eu-west-1-0,20240514-165443,84307,25360.0,57219.0,361,361,0,57333,29379,18582,3179,3213,2980,142001,955.5378581237675,44.621568248447204,0.563,5.008,9.362,19.155,212.43460000000005,229.23835000000003,374.30810999999943,696.573,53.5,11.783770588235294,2.144,6.7692499999999995,10.6645,14.669,18.9137,22.29309999999999,40.34272000000006,102.188,52.9,1.0514070462409562,0.563,0.771,0.905,1.1025,1.3532000000000002,1.7222999999999988,4.133939999999995,20.641,607.6,23.963960823354554,2.815,7.707,10.108,13.836500000000001,28.23620000000001,94.33409999999996,234.28694,457.761,10,60,60,50000,0,575.7,77.77048047395562,1.935,3.74825,9.8605,114.46424999999999,228.02519999999998,293.0122,440.2049200000001,696.573,3.0516941497423464,1.293,2.2225,2.571,3.1654999999999998,4.575000000000007,5.797699999999999,9.769539999999997,49.689,13.0,0.0,47.0,25300.0,0.0,7.0,0.0,5.0,57207.0,0.0,20,0,52,84235,0,54.599999999999994,469.0,0.0,0.0,0.0,469.0,0.0,1259.0,,0.0,0.0,0.0,1259.0,0.0
tpcc/sunstorm/tpcc-100-sunstorm-terminals40-20240517-143519/1-us-east-1-0,1-us-east-1-0,20240517-143519,488,277.0,211.0,502,502,0,109471,49074,47133,4461,4373,4430,110461,1824.4864270812784,21.766173435525367,0.429,3.07,6.144,10.023,79.8384,175.41839999999996,214.7990399999996,446.065,75.4,16.7791641893437,8.746,12.089,13.537,15.808,19.264200000000002,25.367799999999917,84.8026,143.947,74.1,0.981510647836808,0.429,0.631,0.74,0.94,1.281,1.861,6.12499999999998,32.616,840.3,23.032748637739655,3.164,6.788,8.452,10.918,79.58089999999999,154.02169999999992,210.13828000000004,446.065,100,40,60,50000,0,803.3,24.63163007974888,1.621,2.738,3.2475,4.407,85.64720000000001,177.6859,226.61606999999998,412.445,3.072387308039747,1.578,2.381,2.6915,3.126,4.056500000000001,5.376449999999996,10.493789999999903,39.831,64.0,0.0,202.0,11.0,0.0,28.0,0.0,105.0,78.0,0.0,92,0,307,89,0,75.1,,,,,,,,,,,,,
tpcc/sunstorm/tpcc-100-sunstorm-terminals40-20240517-143519/3-ap-northeast-1-0,3-ap-northeast-1-0,20240517-143519,1160,622.0,538.0,402,402,0,83069,37098,35932,3331,3416,3292,84631,1384.4607300505959,28.68240006706105,0.417,2.81725,5.488,9.079,175.0,222.31875,263.63014999999984,619.117,56.4,14.98811943793911,8.243,10.812750000000001,12.0095,14.0705,17.406,21.536749999999998,79.3962,122.638,55.099999999999994,0.8425709996997898,0.417,0.57,0.663,0.8545,1.101,1.419,3.9293999999999922,36.453,629.1,29.288358444746883,2.792,6.135,7.627,9.879,76.90360000000008,224.8886,264.16679999999957,519.463,100,40,60,50000,0,602.0,34.33212061726678,1.435,2.509,2.983,3.839,179.4018,223.31879999999995,274.5232000000001,619.117,2.6724159829838956,1.43,2.095,2.339,2.724,3.459,4.513999999999999,9.468799999999996,20.72,217.0,0.0,385.0,20.0,0.0,92.0,0.0,307.0,139.0,0.0,309,0,692,159,0,54.1,,,,,,,,,,,,,
tpcc/sunstorm/tpcc-100-sunstorm-terminals40-20240517-143519/2-eu-west-1-0,2-eu-west-1-0,20240517-143519,578,335.0,242.0,427,427,0,95715,42805,41244,3822,3934,3910,96720,1595.236918711632,24.917719008694206,0.499,3.158,6.509,10.698,80.31200000000001,221.57125,260.83989999999983,673.987,67.3,17.67593645144891,9.952,13.11625,14.4435,16.701500000000003,19.9422,23.290049999999994,85.56103,149.542,65.4,1.0156036106750392,0.499,0.683,0.793,1.002,1.295,1.7969499999999998,5.087599999999998,33.691,735.2,26.083310320087023,3.44,7.257,9.037,11.493,80.10280000000003,163.33549999999903,257.7182000000002,519.842,100,40,60,50000,0,694.9,28.700892963618294,1.678,2.859,3.32,4.267,86.73640000000005,223.5116,272.2608000000001,673.987,2.9152380342974147,1.618,2.294,2.542,2.917,3.6702000000000004,4.904,10.412640000000001,43.1,99.0,0.0,226.0,10.0,0.0,36.0,0.0,151.0,55.0,0.0,135,0,377,66,0,67.0,1.0,0.0,0.0,0.0,1.0,0.0,,,,,,,
tpcc/sunstorm/tpcc-100-sunstorm-terminals10-20240517-143519/1-us-east-1-0,1-us-east-1-0,20240517-143519,7,2.0,5.0,155,155,0,32880,14744,14131,1346,1295,1364,33042,547.9919166077709,18.137322395108068,0.379,2.17725,4.541,7.28175,76.6235,173.02315,181.39239999999995,293.395,22.0,11.934715830115831,8.273,9.492,10.218,11.341000000000001,14.587,18.987299999999998,75.18941999999998,85.519,22.5,0.642425705794948,0.379,0.51,0.5565,0.664,0.9444999999999999,1.035,1.5506999999999975,4.582,250.0,18.792692504030093,2.503,5.132,6.347,7.9094999999999995,16.974400000000163,113.57269999999893,182.38332999999994,285.976,100,10,60,50000,0,232.6,21.227946284501066,1.411,1.981,2.2785,2.943,78.92720000000001,174.6274,181.01574999999997,293.395,2.2487914831130693,1.465,1.912,2.0825,2.2615,2.5828,3.1574500000000003,6.012280000000016,14.78,0.0,0.0,0.0,2.0,0.0,0.0,0.0,0.0,5.0,0.0,0,0,0,7,0,22.6,,,,,,,,,,,,,
tpcc/sunstorm/tpcc-100-sunstorm-terminals10-20240517-143519/3-ap-northeast-1-0,3-ap-northeast-1-0,20240517-143519,16,12.0,4.0,97,97,0,23492,10519,10163,885,990,935,23605,391.53001311314364,25.39886556723758,0.413,2.144,4.4704999999999995,7.191,173.283,219.2976,227.01290000000003,399.428,15.8,11.895525252525252,8.444,9.54525,10.0945,11.144,14.2299,19.1343,73.27162000000003,80.037,14.600000000000001,0.6638293785310735,0.413,0.517,0.565,0.689,0.9808,1.0418,1.5263599999999953,6.698,178.39999999999998,24.563855015082957,2.564,5.065,6.2615,7.68225,14.92680000000004,184.26754999999997,227.64393,399.428,100,10,60,50000,0,166.5,31.892770146610253,1.399,1.9655,2.232,2.854,175.9754,220.7817,227.21376,347.299,2.1691069518716577,1.368,1.827,1.985,2.189,2.559,3.3537999999999997,6.51485999999999,10.182,5.0,0.0,5.0,2.0,0.0,1.0,0.0,2.0,1.0,0.0,6,0,7,3,0,15.6,,,,,,,,,,,,,
tpcc/sunstorm/tpcc-100-sunstorm-terminals10-20240517-143519/2-eu-west-1-0,2-eu-west-1-0,20240517-143519,8,3.0,5.0,126,126,0,28158,12529,12190,1169,1109,1161,28292,469.29820125821095,21.18055810911148,0.472,2.369,5.053,8.21,76.4836,219.3799,228.47618,401.144,18.9,13.468624887285843,9.471,10.96,11.586,12.787,17.136000000000003,19.6542,74.89492000000004,111.771,19.4,0.742835757057314,0.472,0.587,0.646,0.771,1.0111999999999999,1.1716,1.809,11.012,213.8,22.461658393929813,2.927,5.792,7.207,8.8695,18.935699999999986,221.94209999999995,229.776,375.68,100,10,60,50000,0,206.10000000000002,24.31945438884331,1.581,2.194,2.516,3.1157500000000002,78.7201,220.3203,226.56474000000003,401.144,2.240534482758621,1.475,1.89275,2.064,2.2672499999999998,2.5681000000000003,3.2920499999999997,6.507900000000032,13.244,1.0,0.0,0.0,2.0,0.0,0.0,0.0,2.0,3.0,0.0,1,0,2,5,0,19.9,,,,,,,,,,,,,
tpcc/sunstorm/tpcc-10-sunstorm-terminals1-20240514-171428/1-us-east-1-0,1-us-east-1-0,20240514-171428,0,,,13,13,0,2908,1373,1180,97,133,125,2921,48.46656015251519,20.520751027397257,0.748,2.65975,6.8225,10.900500000000001,78.0915,175.05974999999998,183.00112,192.847,2.1,16.69526315789474,14.025,14.743,15.144,16.336,19.9346,23.91,31.48892000000007,82.847,1.6,1.0986494845360826,0.748,0.899,1.0,1.146,1.3582000000000003,1.6363999999999979,2.8883199999999927,3.808,23.200000000000003,23.2162417027417,5.308,7.39375,9.415,11.347,80.92750000000001,180.091,184.67705,192.847,10,1,60,50000,0,19.3,21.308406276505515,2.24,2.5435,2.704,3.2795,79.1562,175.09849999999997,177.44668000000001,186.239,2.3458560000000004,1.793,2.113,2.252,2.408,2.5500000000000003,2.8941999999999997,4.2239600000000035,7.871,,,,,,,,,,,0,0,0,0,0,2.2,,,,,,,,,,,,,
tpcc/sunstorm/tpcc-10-sunstorm-terminals1-20240514-171428/3-ap-northeast-1-0,3-ap-northeast-1-0,20240514-171428,0,,,10,10,0,2550,1136,1103,105,101,105,2560,42.499602943209545,23.360540445486517,0.405,1.8715000000000002,3.851,6.0120000000000005,171.37120000000004,179.0748999999999,222.68116,234.282,1.6,9.116712871287127,7.911,8.2,8.606,9.478,10.218,10.727,17.815,18.421,1.8,0.6480095238095238,0.405,0.5,0.563,0.665,0.9556,1.0333999999999999,1.4290399999999996,3.041,17.8,21.61291441048035,3.142,4.344,5.278,6.453,10.733400000000087,178.2734,223.79504,234.282,10,1,60,50000,0,18.200000000000003,30.712352994555353,1.573,1.798,1.9215,2.14275,174.065,218.37105000000003,221.21759,233.044,1.8750380952380954,1.397,1.657,1.762,1.898,2.108,2.3095999999999997,3.5075199999999986,6.549,,,,,,,,,,,0,0,0,0,0,1.7000000000000002,,,,,,,,,,,,,
tpcc/sunstorm/tpcc-10-sunstorm-terminals1-20240514-171428/2-eu-west-1-0,2-eu-west-1-0,20240514-171428,0,,,11,11,0,2974,1326,1266,123,141,118,2985,49.56614955376771,20.08931524288107,0.565,2.306,5.341,8.639,76.17179999999999,190.19739999996486,224.72156,232.883,2.4000000000000004,12.956219858156029,11.121,11.673,11.956,12.824,15.076,20.071,24.045399999999997,24.505,1.8,0.8918292682926829,0.565,0.6890000000000001,0.776,0.9085000000000001,1.3192,1.4649999999999996,2.913340000000001,3.388,21.7,20.473521348314605,4.338,6.0845,7.478,9.0235,15.219800000000006,83.8467,225.8562,232.883,10,1,60,50000,0,20.6,24.046854660347552,1.93,2.233,2.358,2.6077500000000002,77.369,219.18449999999999,221.2912,230.954,2.108415254237288,1.526,1.852,1.982,2.176,2.3269,2.8265499999999975,4.33761,7.743,,,,,,,,,,,0,0,0,0,0,1.9,,,,,,,,,,,,,
tpcc/sunstorm/tpcc-10-sunstorm-terminals80-20240514-165443/1-us-east-1-0,1-us-east-1-0,20240514-165443,126689,34697.0,88902.0,432,432,0,74601,39948,22082,4447,4355,3769,201722,1243.3363375779322,43.403239066474754,0.694,6.799,11.798,27.2785,174.98360000000002,190.5249,330.3307800000002,647.465,72.6,14.513178041543027,2.55,7.559,13.135,17.875,23.702,28.894,71.13259999999983,160.979,75.4,1.3948626040026983,0.694,0.984,1.124,1.351,1.731,2.2897,5.283339999999999,80.119,833.2,22.898610992835206,3.45,9.05825,12.033,15.972,28.010199999999998,92.72454999999991,190.65016000000003,475.877,10,80,60,50000,0,805.5999999999999,75.35315426794679,2.382,6.080500000000001,18.051,140.043,194.07620000000006,257.8213,357.72525999999976,647.465,3.8326355311355313,1.504,2.571,3.0365,4.11925,6.0013000000000005,7.639099999999995,14.185339999999984,76.527,16.0,0.0,46.0,34635.0,0.0,11.0,0.0,5.0,88886.0,0.0,27,0,51,126611,0,74.6,851.0,0.0,0.0,0.0,851.0,0.0,2239.0,,0.0,0.0,0.0,2239.0,0.0
tpcc/sunstorm/tpcc-10-sunstorm-terminals80-20240514-165443/3-ap-northeast-1-0,3-ap-northeast-1-0,20240514-165443,96560,27115.0,66846.0,305,305,0,54727,29316,16022,3261,3278,2850,151592,912.1118195220353,58.13013817355815,0.371,4.156,7.442,17.546499999999998,221.4357,239.99224999999979,432.9242600000001,737.051,57.0,9.583113670809338,1.659,4.9805,8.084,11.559999999999999,15.7216,19.5054,53.072359999999996,100.622,55.3,0.8777359705611777,0.371,0.558,0.689,0.904,1.207,1.399,3.909400000000008,84.537,617.8,23.288480197749372,1.756,5.427,7.329,10.129249999999999,17.790000000000013,182.9908499999999,230.26157,514.894,10,80,60,50000,0,596.0999999999999,110.20744051364912,1.46,4.059,11.605,210.925,278.5862000000001,391.7152,462.83995999999917,737.051,2.9271860047846885,0.967,1.978,2.3945,3.1055,4.61,5.942549999999996,9.626820000000004,54.506,9.0,0.0,60.0,27046.0,0.0,13.0,0.0,3.0,66830.0,0.0,22,0,63,96475,0,55.5,721.0,0.0,0.0,0.0,721.0,0.0,1878.0,,0.0,0.0,0.0,1878.0,0.0
tpcc/sunstorm/tpcc-10-sunstorm-terminals80-20240514-165443/2-eu-west-1-0,2-eu-west-1-0,20240514-165443,123644,37862.0,82957.0,381,381,0,63106,33475,18368,3942,3925,3396,187131,1051.7563900075677,48.40598531520794,0.584,6.097,10.5545,25.12525,219.67419999999996,233.28934999999998,400.68014999999934,692.374,66.2,12.851544762870912,2.258,6.6205,11.287,15.62,20.883000000000003,25.604499999999984,65.1800599999999,213.708,66.5,1.2051139015728056,0.584,0.825,0.9735,1.201,1.5868000000000002,2.1088999999999998,4.6870500000000135,66.531,741.0,23.65919015415443,2.788,7.935,10.656,14.623,26.658400000000007,92.08779999999989,234.20691999999997,461.732,10,80,60,50000,0,714.4000000000001,86.27017776320105,1.993,5.633,17.394,153.5075,235.2565,300.81399999999996,443.83305,692.374,3.648112515802781,1.41,2.4234999999999998,2.893,3.88,5.8322,7.4032999999999864,13.265280000000006,65.739,11.0,0.0,42.0,37809.0,0.0,13.0,0.0,3.0,82941.0,0.0,24,0,45,123575,0,65.2,784.0,0.0,0.0,0.0,784.0,0.0,2041.0,,0.0,0.0,0.0,2041.0,0.0
