path,region,regions,hot,workload,mr,suffix,rejected,rejected.WorkloadF1,rejected.WorkloadF2,rejected.WorkloadF3,rejected.WorkloadF4,rejected.WorkloadF5,rejected.WorkloadF6,aborted,unexpected,completed,completed.WorkloadF1,completed.WorkloadF2,completed.WorkloadF3,completed.WorkloadF4,completed.WorkloadF5,completed.WorkloadF6,total,scalefactor,terminals,time,rate,warmup,throughput.WorkloadF5,avg.WorkloadF5,p0.WorkloadF5,p25.WorkloadF5,p50.WorkloadF5,p75.WorkloadF5,p90.WorkloadF5,p95.WorkloadF5,p99.WorkloadF5,p100.WorkloadF5,avg,p0,p25,p50,p75,p90,p95,p99,p100,avg.WorkloadF6,p0.WorkloadF6,p25.WorkloadF6,p50.WorkloadF6,p75.WorkloadF6,p90.WorkloadF6,p95.WorkloadF6,p99.WorkloadF6,p100.WorkloadF6,avg.WorkloadF3,p0.WorkloadF3,p25.WorkloadF3,p50.WorkloadF3,p75.WorkloadF3,p90.WorkloadF3,p95.WorkloadF3,p99.WorkloadF3,p100.WorkloadF3,avg.WorkloadF2,p0.WorkloadF2,p25.WorkloadF2,p50.WorkloadF2,p75.WorkloadF2,p90.WorkloadF2,p95.WorkloadF2,p99.WorkloadF2,p100.WorkloadF2,avg.WorkloadF4,p0.WorkloadF4,p25.WorkloadF4,p50.WorkloadF4,p75.WorkloadF4,p90.WorkloadF4,p95.WorkloadF4,p99.WorkloadF4,p100.WorkloadF4,avg.WorkloadF1,p0.WorkloadF1,p25.WorkloadF1,p50.WorkloadF1,p75.WorkloadF1,p90.WorkloadF1,p95.WorkloadF1,p99.WorkloadF1,p100.WorkloadF1,throughput,throughput.WorkloadF3,throughput.WorkloadF1,throughput.WorkloadF6,ood_index_page.WorkloadF4,ood_table.WorkloadF4,ood_tuple.WorkloadF4,other_aborts.WorkloadF4,deadlock.WorkloadF4,ood_index_page.WorkloadF2,ood_table.WorkloadF2,ood_tuple.WorkloadF2,other_aborts.WorkloadF2,deadlock.WorkloadF2,ood_index_page.WorkloadF6,ood_table.WorkloadF6,ood_tuple.WorkloadF6,other_aborts.WorkloadF6,deadlock.WorkloadF6,ood_index_page.WorkloadF1,ood_table.WorkloadF1,ood_tuple.WorkloadF1,other_aborts.WorkloadF1,deadlock.WorkloadF1,ood_index_page.WorkloadF3,ood_table.WorkloadF3,ood_tuple.WorkloadF3,other_aborts.WorkloadF3,deadlock.WorkloadF3,ood_index_page.WorkloadF5,ood_table.WorkloadF5,ood_tuple.WorkloadF5,other_aborts.WorkloadF5,deadlock.WorkloadF5,ood_index_page,ood_table,ood_tuple,other_aborts,deadlock,throughput.WorkloadF4,throughput.WorkloadF2
scalability/yugabyte/scalability-yugabyte-regions6-hot0-F-mr5-20240220-193911/4-us-west-2-0,4-us-west-2-0,6,1000000,F,5,20240220-193911,1082,903,139.0,21.0,12.0,6.0,1.0,0,0,175854,167281,6811.0,1157.0,365.0,164.0,76.0,176936,1000,256,90,50000,30,1.7000000000000002,980.2260710059172,492.334,822.898,960.328,1086.583,1283.2168000000004,1372.1098,1832.333319999999,2028.922,129.9351046973711,46.126,85.614,97.78,112.071,129.9998,192.2946499999997,1023.9087399999978,2177.706,975.3444266666665,606.314,794.6925,905.829,1044.7265,1301.8502000000003,1573.3739999999996,1871.6636200000016,2112.709,840.4814568006844,180.329,645.98,820.577,1031.795,1186.1214,1261.7183999999997,1483.8659999999995,1795.716,709.129167028828,83.975,477.0145,673.045,931.438,1127.7324,1212.0125999999998,1348.7324599999986,2174.029,939.6041165311653,408.037,769.175,946.784,1079.538,1245.5598,1325.3785999999993,1498.7325999999994,2177.706,98.18386401043279,48.163,84.95,96.62,109.464,122.2708,130.73189999999997,149.25207,1652.58,1953.9290867289874,13.3,1865.5,0.8,0.0,0.0,0.0,0.0,0.0,0.0,0.0,0.0,0.0,0.0,0.0,0.0,0.0,0.0,0.0,0,0,0,0,0,0.0,0.0,0.0,0.0,0.0,0.0,0.0,0.0,0.0,0.0,0,0,0,0,0,3.8,75.8
scalability/yugabyte/scalability-yugabyte-regions6-hot0-F-mr5-20240220-193911/2-us-east-2-0,2-us-east-2-0,6,1000000,F,5,20240220-193911,1185,1035,126.0,18.0,3.0,3.0,,0,0,182451,173405,7246.0,1109.0,406.0,172.0,113.0,183636,1000,256,90,50000,30,1.9,709.7803529411765,365.839,613.837,723.832,783.65075,855.9260999999999,903.3779499999999,1031.88144,1094.068,125.4295338635632,50.964,90.555,102.818,116.8895,133.791,177.9635,745.4951000000001,1328.014,708.8537363636361,414.566,636.94475,735.519,786.69025,864.7675,879.82715,926.81736,972.005,616.7514977738201,244.657,499.4745,615.056,751.79,813.7788,865.4569999999998,964.9652399999998,1015.849,533.2486248123379,34.37,405.3405,543.258,653.8715,779.8084,815.8954999999999,886.7127399999999,988.442,703.143338271605,352.622,588.91,714.804,795.522,900.2006000000001,954.4404000000001,1022.4989199999999,1328.014,102.82256148315871,53.142,89.914,101.623,114.35249999999999,126.583,134.45069999999998,150.98488,828.542,2027.222847613253,12.8,1935.3000000000002,1.2,0.0,0.0,0.0,0.0,0.0,0.0,0.0,0.0,0.0,0.0,,,,,,0,0,0,0,0,0.0,0.0,0.0,0.0,0.0,0.0,0.0,0.0,0.0,0.0,0,0,0,0,0,4.300000000000001,82.8
scalability/yugabyte/scalability-yugabyte-regions6-hot0-F-mr5-20240220-193911/5-eu-west-1-0,5-eu-west-1-0,6,1000000,F,5,20240220-193911,1129,941,140.0,32.0,13.0,2.0,1.0,0,0,174536,165985,6753.0,1119.0,380.0,187.0,112.0,175665,1000,256,90,50000,30,2.1,928.8135135135135,431.993,758.595,896.566,1063.074,1197.4594,1409.118799999999,1703.2892799999997,2091.428,130.87822221208563,48.745,87.39025000000001,99.413,113.18675,130.2978,172.65334999999976,1019.3737300000001,2395.035,939.7238899082569,484.95,781.497,935.342,1066.096,1258.9832,1276.4004,1402.45704,1938.532,823.3473771929824,87.22,634.27675,806.4815,1027.09925,1191.0044,1288.6732499999998,1520.6063399999996,2395.035,696.0518370868675,87.157,487.553,681.8555,928.0545,1101.2287000000001,1202.66895,1390.4249900000004,2150.885,923.3703954081632,428.37,717.9975,926.012,1080.4675,1254.8118000000002,1311.22915,1687.8511099999996,1944.464,99.69473735901126,50.772,86.729,98.2475,110.75925000000001,122.9641,131.04,149.38825999999995,1617.598,1939.287616392998,12.5,1853.2,1.4,0.0,0.0,0.0,0.0,0.0,0.0,0.0,0.0,0.0,0.0,0.0,0.0,0.0,0.0,0.0,0,0,0,0,0,0.0,0.0,0.0,0.0,0.0,0.0,0.0,0.0,0.0,0.0,0,0,0,0,0,4.4,75.3
scalability/yugabyte/scalability-yugabyte-regions6-hot0-F-mr5-20240220-193911/6-eu-west-2-0,6-eu-west-2-0,6,1000000,F,5,20240220-193911,1185,984,151.0,32.0,10.0,7.0,1.0,0,0,178867,170129,6928.0,1131.0,368.0,185.0,126.0,180052,1000,256,90,50000,30,2.0,949.2981884816754,426.919,786.981,927.966,1063.817,1242.249,1291.0230000000001,1772.1715999999997,1833.108,127.7807671065222,48.293,86.163,97.946,111.42025000000001,128.214,175.65725,979.9736000000006,2331.782,937.265404761905,641.017,846.474,937.832,1032.89175,1122.996,1155.99475,1221.1525,1261.457,794.4059225413404,233.516,583.645,781.742,971.069,1134.2461999999998,1242.9001999999998,1502.09764,2331.782,658.4097930838196,88.06,493.1825,654.153,871.6949999999999,1029.4142000000002,1150.079,1316.5869400000001,2189.41,923.884217158177,450.662,745.081,909.024,1093.071,1217.661,1301.9514,1579.5231999999974,1900.841,98.2381428061365,50.446,85.54,96.815,108.9785,121.0244,128.9577,147.86626000000015,872.318,1987.3894755501606,12.7,1900.1,1.2999999999999998,0.0,0.0,0.0,0.0,0.0,0.0,0.0,0.0,0.0,0.0,0.0,0.0,0.0,0.0,0.0,0,0,0,0,0,0.0,0.0,0.0,0.0,0.0,0.0,0.0,0.0,0.0,0.0,0,0,0,0,0,4.2,79.2
scalability/yugabyte/scalability-yugabyte-regions6-hot0-F-mr5-20240220-193911/1-us-east-1-0,1-us-east-1-0,6,1000000,F,5,20240220-193911,1119,972,116.0,19.0,8.0,3.0,1.0,0,0,171136,162782,6647.0,1087.0,385.0,144.0,91.0,172255,1000,256,90,50000,30,1.8,749.1166620689655,442.902,624.481,737.047,873.548,935.1438,951.169,1028.87236,1083.839,132.33692690324008,46.154,94.188,108.733,126.162,148.586,194.0425,723.2052999999996,1146.88,696.876597826087,392.623,593.4079999999999,692.031,822.2302500000001,866.7893,913.2669500000001,970.9127900000002,1041.466,641.5295666058395,257.351,523.66725,628.67,783.90625,870.856,903.56275,969.3149499999998,1032.794,550.8083181479827,54.488,426.158,567.202,678.394,798.5750000000002,862.4341999999999,910.64644,987.728,711.8955461538462,372.348,598.173,698.8820000000001,839.0915,914.7860000000001,952.9585,1059.02808,1146.88,109.4764036041663,49.057,93.421,107.296,122.93799999999999,138.987,149.7165,174.89559999999997,873.015,1901.4954668529458,12.100000000000001,1818.6,1.0,0.0,0.0,0.0,0.0,0.0,0.0,0.0,0.0,0.0,0.0,0.0,0.0,0.0,0.0,0.0,0,0,0,0,0,0.0,0.0,0.0,0.0,0.0,0.0,0.0,0.0,0.0,0.0,0,0,0,0,0,4.300000000000001,75.0
scalability/yugabyte/scalability-yugabyte-regions6-hot0-F-mr5-20240220-193911/3-us-west-1-0,3-us-west-1-0,6,1000000,F,5,20240220-193911,1198,990,162.0,28.0,10.0,5.0,3.0,0,0,175386,166840,6832.0,1094.0,330.0,181.0,109.0,176584,1000,256,90,50000,30,2.0,896.4959780219781,452.009,757.9035,877.0025,1022.2964999999999,1141.8841,1211.0969499999999,1344.00428,1756.221,130.2421271527762,48.854,88.29475,100.5005,114.585,132.06570000000002,195.9307000000041,999.9773900000009,2049.008,946.9046846846845,660.845,822.031,918.373,1006.8354999999999,1137.635,1216.5349999999999,1597.3972000000006,1702.125,790.0939118705037,146.611,584.5275,780.4449999999999,959.356,1125.6707999999999,1236.3433499999999,1487.6414400000021,2049.008,664.4938395683454,68.268,409.17375000000004,577.5525,932.9665,1120.7697,1200.5689499999999,1364.2871,1819.172,938.1554065281898,447.446,751.812,904.311,1095.294,1300.5536,1379.2453999999998,1575.687359999999,2001.121,100.7207752135069,50.992,87.621,99.294,112.0255,124.59620000000001,132.8393,151.41026000000002,1608.119,1948.7280747339287,12.0,1858.4,1.2,0.0,0.0,0.0,0.0,0.0,0.0,0.0,0.0,0.0,0.0,0.0,0.0,0.0,0.0,0.0,0,0,0,0,0,0.0,0.0,0.0,0.0,0.0,0.0,0.0,0.0,0.0,0.0,0,0,0,0,0,3.9,77.9
scalability/yugabyte/scalability-yugabyte-regions3-hot0-F-mr0-20240220-150536/2-us-east-2-0,2-us-east-2-0,3,1000000,F,0,20240220-150536,1196,1196,,,,,,0,0,205005,205005,,,,,,206201,1000,256,90,50000,30,,,,,,,,,,,111.87001499625336,61.087,98.858,110.974,123.925,136.104,143.8303,158.76514999999992,271.249,,,,,,,,,,,,,,,,,,,,,,,,,,,,,,,,,,,,,111.87001499625336,61.087,98.858,110.974,123.925,136.104,143.8303,158.76514999999992,271.249,2277.817266394918,,2286.6,,,,,,,,,,,,,,,,,0,0,0,0,0,,,,,,,,,,,0,0,0,0,0,,
scalability/yugabyte/scalability-yugabyte-regions3-hot0-F-mr0-20240220-150536/1-us-east-1-0,1-us-east-1-0,3,1000000,F,0,20240220-150536,1191,1191,,,,,,0,0,194001,194001,,,,,,195192,1000,256,90,50000,30,,,,,,,,,,,118.1430802472625,62.032,103.673,116.977,131.333,145.084,153.8105,170.9568,270.273,,,,,,,,,,,,,,,,,,,,,,,,,,,,,,,,,,,,,118.1430802472625,62.032,103.673,116.977,131.333,145.084,153.8105,170.9568,270.273,2155.5634606492304,,2161.8999999999996,,,,,,,,,,,,,,,,,0,0,0,0,0,,,,,,,,,,,0,0,0,0,0,,
scalability/yugabyte/scalability-yugabyte-regions3-hot0-F-mr0-20240220-150536/3-us-west-1-0,3-us-west-1-0,3,1000000,F,0,20240220-150536,1181,1181,,,,,,0,0,199493,199493,,,,,,200674,1000,256,90,50000,30,,,,,,,,,,,114.83902782659052,60.674,100.805,113.66,127.547,140.859,149.26889999999997,167.16089,430.238,,,,,,,,,,,,,,,,,,,,,,,,,,,,,,,,,,,,,114.83902782659052,60.674,100.805,113.66,127.547,140.859,149.26889999999997,167.16089,430.238,2216.5771051216825,,2227.8,,,,,,,,,,,,,,,,,0,0,0,0,0,,,,,,,,,,,0,0,0,0,0,,
scalability/yugabyte/scalability-yugabyte-regions6-hot10000-F-mr5-20240220-193911/4-us-west-2-0,4-us-west-2-0,6,10000,F,5,20240220-193911,3355,2436,665.0,147.0,53.0,32.0,22.0,0,0,173997,166045,6303.0,1044.0,353.0,173.0,79.0,177352,1000,256,90,50000,30,2.2,965.9527412935323,370.605,809.946,978.391,1117.014,1283.311,1423.122,1532.959,1723.359,129.585187577296,44.213,83.127,94.944,109.091,129.5154,315.81610000000006,1020.9206000000001,2688.14,961.1396082474225,486.176,813.065,919.146,1052.081,1273.583,1391.7523999999999,1690.2259199999994,1736.856,811.6627014418999,69.385,617.428,804.072,1013.5675,1142.0092000000002,1243.9377999999997,1557.093500000003,2688.14,699.1317725297015,68.508,478.14324999999997,661.9905,910.42625,1106.4916,1196.2622999999999,1365.3551899999995,2066.318,924.3730810126582,311.126,747.112,915.907,1062.745,1251.6602,1345.770799999999,1536.8403,1790.19,98.11165931323025,46.514,82.485,93.779,106.465,120.0135,130.601,194.43640000000002,2087.236,1933.2898187587894,13.1,1870.1999999999998,1.0,0.0,0.0,0.0,0.0,0.0,0.0,0.0,0.0,0.0,0.0,0.0,0.0,0.0,0.0,0.0,0,0,0,0,0,0.0,0.0,0.0,0.0,0.0,0.0,0.0,0.0,0.0,0.0,0,0,0,0,0,4.300000000000001,77.1
scalability/yugabyte/scalability-yugabyte-regions6-hot10000-F-mr5-20240220-193911/2-us-east-2-0,2-us-east-2-0,6,10000,F,5,20240220-193911,3534,2758,553.0,126.0,47.0,38.0,12.0,0,0,180217,171810,6697.0,1059.0,378.0,166.0,107.0,183751,1000,256,90,50000,30,2.2,691.2488298969073,381.256,582.67225,696.529,792.03575,857.1711,908.1474499999999,1038.4923999999996,1123.281,125.67928397021788,51.743,90.12,102.063,115.522,132.718,242.66014999999692,744.3643700000002,1831.921,691.9384310344827,403.165,603.28375,678.455,776.0039999999999,834.253,883.75675,1010.2397999999996,1049.611,612.9997512864494,124.0,502.32174999999995,611.9304999999999,749.64125,816.2425000000001,867.064,991.6771999999985,1109.631,524.5362722229926,18.544,383.456,536.283,646.9025,777.165,819.594,916.7479999999998,1407.937,683.3981703163016,305.886,578.8515,666.582,773.3050000000001,874.061,916.9415,1036.6245999999992,1457.905,103.49991722281774,53.746,89.489,100.914,113.084,125.23540000000003,133.39,176.38653999999934,1831.921,2002.4029567700481,13.3,1937.7,1.2,0.0,0.0,0.0,0.0,0.0,0.0,0.0,0.0,0.0,0.0,0.0,0.0,0.0,0.0,0.0,0,0,0,0,0,0.0,0.0,0.0,0.0,0.0,0.0,0.0,0.0,0.0,0.0,0,0,0,0,0,4.8,80.1
scalability/yugabyte/scalability-yugabyte-regions6-hot10000-F-mr5-20240220-193911/5-eu-west-1-0,5-eu-west-1-0,6,10000,F,5,20240220-193911,3261,2365,632.0,136.0,68.0,29.0,31.0,0,0,169517,161793,6151.0,1019.0,318.0,152.0,84.0,172778,1000,256,90,50000,30,2.0,918.6238483146067,238.955,717.943,892.7505,1050.84325,1249.1634000000001,1406.3594500000002,1797.7053399999986,2144.605,133.07253317565767,48.218,87.514,99.459,113.707,133.05,229.35750000000002,1016.0334500000006,3144.144,907.3331578947368,365.774,750.20875,864.0515,1031.96075,1160.5481,1238.6405999999997,1752.2257000000006,1882.382,813.7728924825175,76.003,621.89175,788.0155,1007.97225,1186.0479,1292.28845,1574.2946499999975,2165.172,683.4816306092124,75.73,479.23175,667.311,909.688,1089.054,1189.49065,1376.30266,2368.57,915.4056631853784,261.526,706.8065,886.549,1083.476,1223.6604,1341.8323,1693.3255200000008,1950.444,102.52157408141727,50.489,86.847,98.288,111.081,124.335,134.133,198.17159999999998,3144.144,1883.5002699637926,12.8,1823.3000000000002,1.2,0.0,0.0,0.0,0.0,0.0,0.0,0.0,0.0,0.0,0.0,0.0,0.0,0.0,0.0,0.0,0,0,0,0,0,0.0,0.0,0.0,0.0,0.0,0.0,0.0,0.0,0.0,0.0,0,0,0,0,0,4.2,75.3
scalability/yugabyte/scalability-yugabyte-regions6-hot10000-F-mr5-20240220-193911/6-eu-west-2-0,6-eu-west-2-0,6,10000,F,5,20240220-193911,3400,2399,712.0,160.0,67.0,43.0,19.0,0,0,173380,165481,6278.0,1048.0,342.0,155.0,76.0,176780,1000,256,90,50000,30,2.1,945.511671875,530.431,771.2475000000001,916.019,1038.3139999999999,1204.35,1319.5014499999995,1967.8838700000008,2540.204,129.5152282964029,46.954,84.9125,96.508,110.2295,129.37820000000005,218.32719999999995,991.7361400000004,2692.766,950.410170212766,566.093,817.3065,899.537,1057.63,1169.6467000000002,1293.8300499999996,1894.0016999999993,1993.056,798.5640599500416,89.595,602.267,781.176,985.193,1159.118,1243.653,1509.481,2092.262,655.7175756569447,84.227,476.0605,655.3054999999999,873.52025,1036.703,1154.47775,1316.67425,2182.776,932.4409847328245,421.541,738.085,887.937,1063.427,1289.2846000000002,1408.6191999999999,1815.0657199999994,1955.989,99.71989390459943,49.156,84.2655,95.404,107.68350000000001,120.593,130.312,194.7775,2692.766,1926.4294057304792,13.5,1864.6,1.0,0.0,0.0,0.0,0.0,0.0,0.0,0.0,0.0,0.0,0.0,0.0,0.0,0.0,0.0,0.0,0,0,0,0,0,0.0,0.0,0.0,0.0,0.0,0.0,0.0,0.0,0.0,0.0,0,0,0,0,0,4.6,77.2
scalability/yugabyte/scalability-yugabyte-regions6-hot10000-F-mr5-20240220-193911/1-us-east-1-0,1-us-east-1-0,6,10000,F,5,20240220-193911,3197,2461,542.0,106.0,47.0,23.0,18.0,0,0,165399,157694,6147.0,982.0,343.0,149.0,84.0,168596,1000,256,90,50000,30,2.0,705.2415438596491,223.6,589.2995000000001,697.614,835.6234999999999,903.216,953.9970000000001,1062.2657000000006,1219.586,134.05155947956496,42.004,93.441,108.742,127.505,153.06220000000002,245.8234000000001,726.8097200000001,2148.24,697.9497299999999,384.938,617.154,684.104,813.98425,879.5375,920.5321,1054.3610500000004,1130.794,630.4257182835822,186.44,509.82375,621.672,736.3372499999999,862.0301,897.35635,980.1151999999998,2148.24,544.2661538693619,31.176,416.4,561.199,672.047,777.4917999999998,858.8742,912.3236400000001,1572.42,707.153767015707,257.398,599.09925,681.095,827.92575,900.1879000000002,965.8748999999999,1121.8905899999997,1602.252,111.3026970735996,45.541,92.67175,107.205,124.00325000000001,141.8011,154.37605,198.6080099999994,1929.086,1837.7529025100112,12.3,1764.6,1.0,0.0,0.0,0.0,0.0,0.0,0.0,0.0,0.0,0.0,0.0,0.0,0.0,0.0,0.0,0.0,0,0,0,0,0,0.0,0.0,0.0,0.0,0.0,0.0,0.0,0.0,0.0,0.0,0,0,0,0,0,4.2,73.9
scalability/yugabyte/scalability-yugabyte-regions6-hot10000-F-mr5-20240220-193911/3-us-west-1-0,3-us-west-1-0,6,10000,F,5,20240220-193911,3334,2401,675.0,129.0,76.0,36.0,17.0,0,0,172102,164186,6336.0,1043.0,289.0,164.0,84.0,175436,1000,256,90,50000,30,2.3,892.7248429319372,360.245,738.7105,886.13,1010.2484999999999,1175.679,1271.903,1390.446599999999,1554.637,131.0260712356921,44.647,85.669,98.16,113.03,134.16520000000006,284.80599999999924,1006.812999999999,2943.742,918.262469387755,598.451,768.78075,901.496,1003.937,1144.7116,1216.7159499999996,1691.2161600000009,2337.112,787.066290877797,72.465,587.0540000000001,762.929,959.4875,1132.6279000000006,1272.3858,1554.2644200000009,2312.426,656.577905281286,71.958,407.528,570.5995,919.3222499999999,1111.0986,1210.17505,1384.2513299999998,2943.742,898.4381500000002,217.843,715.0155,874.4275,1063.009,1243.7374000000004,1345.1715000000002,1516.4254400000007,2716.322,101.44349219393429,47.181,84.989,96.916,110.239,124.344,134.98439999999997,192.74143999999995,2660.899,1912.2276511337304,13.3,1850.4,1.2,0.0,0.0,0.0,0.0,0.0,0.0,0.0,0.0,0.0,0.0,0.0,0.0,0.0,0.0,0.0,0,0,0,0,0,0.0,0.0,0.0,0.0,0.0,0.0,0.0,0.0,0.0,0.0,0,0,0,0,0,3.9,78.1
scalability/yugabyte/scalability-yugabyte-regions6-hot0-F-mr0-20240220-193911/4-us-west-2-0,4-us-west-2-0,6,1000000,F,0,20240220-193911,1202,1202,,,,,,0,0,190585,190585,,,,,,191787,1000,256,90,50000,30,,,,,,,,,,,120.1484211581955,59.971,104.468,118.592,134.121,149.25680000000003,159.2328,179.80936000000034,440.692,,,,,,,,,,,,,,,,,,,,,,,,,,,,,,,,,,,,,120.1484211581955,59.971,104.468,118.592,134.121,149.25680000000003,159.2328,179.80936000000034,440.692,2117.608990419823,,2130.8999999999996,,,,,,,,,,,,,,,,,0,0,0,0,0,,,,,,,,,,,0,0,0,0,0,,
scalability/yugabyte/scalability-yugabyte-regions6-hot0-F-mr0-20240220-193911/2-us-east-2-0,2-us-east-2-0,6,1000000,F,0,20240220-193911,1235,1235,,,,,,0,0,197611,197611,,,,,,198846,1000,256,90,50000,30,,,,,,,,,,,115.98262392929567,60.468,101.637,114.7435,128.989,142.712,151.44534999999996,168.95566999999997,420.445,,,,,,,,,,,,,,,,,,,,,,,,,,,,,,,,,,,,,115.98262392929567,60.468,101.637,114.7435,128.989,142.712,151.44534999999996,168.95566999999997,420.445,2195.6647865171612,,2202.0,,,,,,,,,,,,,,,,,0,0,0,0,0,,,,,,,,,,,0,0,0,0,0,,
scalability/yugabyte/scalability-yugabyte-regions6-hot0-F-mr0-20240220-193911/5-eu-west-1-0,5-eu-west-1-0,6,1000000,F,0,20240220-193911,1126,1126,,,,,,0,0,192239,192239,,,,,,193365,1000,256,90,50000,30,,,,,,,,,,,119.18305129839179,61.921,104.294,117.888,132.582,146.69190000000006,155.81429999999997,175.11971999999997,486.9,,,,,,,,,,,,,,,,,,,,,,,,,,,,,,,,,,,,,119.18305129839179,61.921,104.294,117.888,132.582,146.69190000000006,155.81429999999997,175.11971999999997,486.9,2135.9714053221446,,2149.6,,,,,,,,,,,,,,,,,0,0,0,0,0,,,,,,,,,,,0,0,0,0,0,,
scalability/yugabyte/scalability-yugabyte-regions6-hot0-F-mr0-20240220-193911/6-eu-west-2-0,6-eu-west-2-0,6,1000000,F,0,20240220-193911,1252,1252,,,,,,0,0,195954,195954,,,,,,197206,1000,256,90,50000,30,,,,,,,,,,,116.84579277535632,60.301,102.103,115.5125,129.95075,143.882,153.00569999999996,173.50341,421.935,,,,,,,,,,,,,,,,,,,,,,,,,,,,,,,,,,,,,116.84579277535632,60.301,102.103,115.5125,129.95075,143.882,153.00569999999996,173.50341,421.935,2177.2429911328486,,2193.1,,,,,,,,,,,,,,,,,0,0,0,0,0,,,,,,,,,,,0,0,0,0,0,,
scalability/yugabyte/scalability-yugabyte-regions6-hot0-F-mr0-20240220-193911/1-us-east-1-0,1-us-east-1-0,6,1000000,F,0,20240220-193911,1219,1219,,,,,,0,0,189744,189744,,,,,,190963,1000,256,90,50000,30,,,,,,,,,,,120.76563681534552,56.421,103.709,118.571,135.14,152.241,163.85494999999997,191.2586000000001,398.343,,,,,,,,,,,,,,,,,,,,,,,,,,,,,,,,,,,,,120.76563681534552,56.421,103.709,118.571,135.14,152.241,163.85494999999997,191.2586000000001,398.343,2108.263805354455,,2164.3,,,,,,,,,,,,,,,,,0,0,0,0,0,,,,,,,,,,,0,0,0,0,0,,
scalability/yugabyte/scalability-yugabyte-regions6-hot0-F-mr0-20240220-193911/3-us-west-1-0,3-us-west-1-0,6,1000000,F,0,20240220-193911,1156,1156,,,,,,0,0,192855,192855,,,,,,194011,1000,256,90,50000,30,,,,,,,,,,,118.77333407683928,59.535,103.313,117.333,132.48,147.41,156.9792,177.19087999999988,461.567,,,,,,,,,,,,,,,,,,,,,,,,,,,,,,,,,,,,,118.77333407683928,59.535,103.313,117.333,132.48,147.41,156.9792,177.19087999999988,461.567,2142.811414443948,,2155.8,,,,,,,,,,,,,,,,,0,0,0,0,0,,,,,,,,,,,0,0,0,0,0,,
scalability/yugabyte/scalability-yugabyte-regions5-hot0-F-mr0-20240220-182248/4-us-west-2-0,4-us-west-2-0,5,1000000,F,0,20240220-182248,1197,1197,,,,,,0,0,194575,194575,,,,,,195772,1000,256,90,50000,30,,,,,,,,,,,117.70694581968888,59.202,102.233,115.98349999999999,130.92125,145.8393,155.47005,179.32243999999994,446.206,,,,,,,,,,,,,,,,,,,,,,,,,,,,,,,,,,,,,117.70694581968888,59.202,102.233,115.98349999999999,130.92125,145.8393,155.47005,179.32243999999994,446.206,2161.927698224558,,2162.0,,,,,,,,,,,,,,,,,0,0,0,0,0,,,,,,,,,,,0,0,0,0,0,,
scalability/yugabyte/scalability-yugabyte-regions5-hot0-F-mr0-20240220-182248/2-us-east-2-0,2-us-east-2-0,5,1000000,F,0,20240220-182248,1196,1196,,,,,,0,0,193811,193811,,,,,,195007,1000,256,90,50000,30,,,,,,,,,,,118.18013035682178,61.096,103.2955,116.839,131.401,145.6742,154.832,175.56458000000003,456.599,,,,,,,,,,,,,,,,,,,,,,,,,,,,,,,,,,,,,118.18013035682178,61.096,103.2955,116.839,131.401,145.6742,154.832,175.56458000000003,456.599,2153.436124670716,,2155.3999999999996,,,,,,,,,,,,,,,,,0,0,0,0,0,,,,,,,,,,,0,0,0,0,0,,
scalability/yugabyte/scalability-yugabyte-regions5-hot0-F-mr0-20240220-182248/5-eu-west-1-0,5-eu-west-1-0,5,1000000,F,0,20240220-182248,1152,1152,,,,,,0,0,192631,192631,,,,,,193783,1000,256,90,50000,30,,,,,,,,,,,119.02792818386091,62.187,104.357,117.8665,132.37575,146.421,155.15575,172.87029999999993,437.716,,,,,,,,,,,,,,,,,,,,,,,,,,,,,,,,,,,,,119.02792818386091,62.187,104.357,117.8665,132.37575,146.421,155.15575,172.87029999999993,437.716,2140.3329172772333,,2153.6,,,,,,,,,,,,,,,,,0,0,0,0,0,,,,,,,,,,,0,0,0,0,0,,
scalability/yugabyte/scalability-yugabyte-regions5-hot0-F-mr0-20240220-182248/1-us-east-1-0,1-us-east-1-0,5,1000000,F,0,20240220-182248,1137,1137,,,,,,0,0,187089,187089,,,,,,188226,1000,256,90,50000,30,,,,,,,,,,,122.4120870537021,61.518,106.4175,120.762,136.447,152.0744,162.343,184.23094,304.37,,,,,,,,,,,,,,,,,,,,,,,,,,,,,,,,,,,,,122.4120870537021,61.518,106.4175,120.762,136.447,152.0744,162.343,184.23094,304.37,2078.7446924874944,,2091.4,,,,,,,,,,,,,,,,,0,0,0,0,0,,,,,,,,,,,0,0,0,0,0,,
scalability/yugabyte/scalability-yugabyte-regions5-hot0-F-mr0-20240220-182248/3-us-west-1-0,3-us-west-1-0,5,1000000,F,0,20240220-182248,1230,1230,,,,,,0,0,201865,201865,,,,,,203095,1000,256,90,50000,30,,,,,,,,,,,113.45580573925311,55.473,98.019,111.476,126.3815,141.278,151.27109999999996,175.97840000000002,346.124,,,,,,,,,,,,,,,,,,,,,,,,,,,,,,,,,,,,,113.45580573925311,55.473,98.019,111.476,126.3815,141.278,151.27109999999996,175.97840000000002,346.124,2242.928512200501,,2247.9,,,,,,,,,,,,,,,,,0,0,0,0,0,,,,,,,,,,,0,0,0,0,0,,
scalability/yugabyte/scalability-yugabyte-regions6-hot10000-F-mr0-20240220-193911/4-us-west-2-0,4-us-west-2-0,6,10000,F,0,20240220-193911,3015,3015,,,,,,0,0,188096,188096,,,,,,191111,1000,256,90,50000,30,,,,,,,,,,,120.5607556702652,56.413,103.215,117.95349999999999,134.43,151.5812,163.88819999999996,200.12624,816.588,,,,,,,,,,,,,,,,,,,,,,,,,,,,,,,,,,,,,120.5607556702652,56.413,103.215,117.95349999999999,134.43,151.5812,163.88819999999996,200.12624,816.588,2089.936527147906,,2122.0,,,,,,,,,,,,,,,,,0,0,0,0,0,,,,,,,,,,,0,0,0,0,0,,
scalability/yugabyte/scalability-yugabyte-regions6-hot10000-F-mr0-20240220-193911/2-us-east-2-0,2-us-east-2-0,6,10000,F,0,20240220-193911,3089,3089,,,,,,0,0,193252,193252,,,,,,196341,1000,256,90,50000,30,,,,,,,,,,,117.7525015045187,63.047,103.3835,116.241,129.978,143.346,151.9693,173.76666,849.654,,,,,,,,,,,,,,,,,,,,,,,,,,,,,,,,,,,,,117.7525015045187,63.047,103.3835,116.241,129.978,143.346,151.9693,173.76666,849.654,2147.228252625637,,2181.2,,,,,,,,,,,,,,,,,0,0,0,0,0,,,,,,,,,,,0,0,0,0,0,,
scalability/yugabyte/scalability-yugabyte-regions6-hot10000-F-mr0-20240220-193911/5-eu-west-1-0,5-eu-west-1-0,6,10000,F,0,20240220-193911,2976,2976,,,,,,0,0,184668,184668,,,,,,187644,1000,256,90,50000,30,,,,,,,,,,,122.79089557218815,61.716,106.317,120.504,136.049,151.66750000000002,162.88424999999998,200.8174500000001,872.874,,,,,,,,,,,,,,,,,,,,,,,,,,,,,,,,,,,,,122.79089557218815,61.716,106.317,120.504,136.049,151.66750000000002,162.88424999999998,200.8174500000001,872.874,2051.8610482835425,,2085.1,,,,,,,,,,,,,,,,,0,0,0,0,0,,,,,,,,,,,0,0,0,0,0,,
scalability/yugabyte/scalability-yugabyte-regions6-hot10000-F-mr0-20240220-193911/6-eu-west-2-0,6-eu-west-2-0,6,10000,F,0,20240220-193911,3082,3082,,,,,,0,0,187782,187782,,,,,,190864,1000,256,90,50000,30,,,,,,,,,,,120.72453318743142,60.576,104.4265,118.303,133.638,149.4302,160.5012,203.4155399999999,541.14,,,,,,,,,,,,,,,,,,,,,,,,,,,,,,,,,,,,,120.72453318743142,60.576,104.4265,118.303,133.638,149.4302,160.5012,203.4155399999999,541.14,2086.4432293253135,,2120.8999999999996,,,,,,,,,,,,,,,,,0,0,0,0,0,,,,,,,,,,,0,0,0,0,0,,
scalability/yugabyte/scalability-yugabyte-regions6-hot10000-F-mr0-20240220-193911/1-us-east-1-0,1-us-east-1-0,6,10000,F,0,20240220-193911,3027,3027,,,,,,0,0,185871,185871,,,,,,188898,1000,256,90,50000,30,,,,,,,,,,,122.42770149985347,61.193,106.28,120.538,136.066,151.318,161.4568,188.29848,486.934,,,,,,,,,,,,,,,,,,,,,,,,,,,,,,,,,,,,,122.42770149985347,61.193,106.28,120.538,136.066,151.318,161.4568,188.29848,486.934,2065.218956082102,,2099.6000000000004,,,,,,,,,,,,,,,,,0,0,0,0,0,,,,,,,,,,,0,0,0,0,0,,
scalability/yugabyte/scalability-yugabyte-regions6-hot10000-F-mr0-20240220-193911/3-us-west-1-0,3-us-west-1-0,6,10000,F,0,20240220-193911,2980,2980,,,,,,0,0,184943,184943,,,,,,187923,1000,256,90,50000,30,,,,,,,,,,,122.6059049992271,61.26,106.083,120.407,135.966,151.9452,163.12,196.59004000000016,846.414,,,,,,,,,,,,,,,,,,,,,,,,,,,,,,,,,,,,,122.6059049992271,61.26,106.083,120.407,135.966,151.9452,163.12,196.59004000000016,846.414,2054.9151858729724,,2087.4,,,,,,,,,,,,,,,,,0,0,0,0,0,,,,,,,,,,,0,0,0,0,0,,
scalability/yugabyte/scalability-yugabyte-regions5-hot10000-F-mr5-20240220-182248/4-us-west-2-0,4-us-west-2-0,5,10000,F,5,20240220-182248,3346,2545,582.0,126.0,65.0,28.0,,0,0,180713,172529,6597.0,1060.0,364.0,163.0,,184059,1000,256,90,50000,30,2.1,756.8197807486631,465.569,634.452,715.734,799.0325,929.9412,1021.3990999999999,1980.0341999999994,2192.94,124.97817090994172,46.109,87.619,100.166,115.31,136.497,244.951,781.5590000000001,2865.067,,,,,,,,,,621.2963103741497,137.354,458.5025,594.4765,755.93575,882.123,945.1225000000001,1141.0320000000002,2276.742,529.173241181411,125.465,342.84925,483.7445,672.26725,879.2796,970.0789999999996,1106.3957899999998,2293.375,724.35695,295.842,603.4435,716.0315,817.0525,914.8106,987.2473499999998,1184.29049,2314.741,103.01639109618814,48.529,86.933,98.936,112.55025,126.953,137.92485000000002,216.56456999999958,2865.067,2007.9037470313347,13.399999999999999,1948.5,,0.0,0.0,0.0,0.0,0.0,0.0,0.0,0.0,0.0,0.0,,,,,,0,0,0,0,0,0.0,0.0,0.0,0.0,0.0,0.0,0.0,0.0,0.0,0.0,0,0,0,0,0,4.4,79.8
scalability/yugabyte/scalability-yugabyte-regions5-hot10000-F-mr5-20240220-182248/2-us-east-2-0,2-us-east-2-0,5,10000,F,5,20240220-182248,3435,2715,503.0,121.0,61.0,35.0,,0,0,179230,170843,6790.0,1070.0,357.0,170.0,,182665,1000,256,90,50000,30,2.2,576.1912462311557,334.558,498.174,575.025,644.325,703.3594000000002,736.9196,785.8376400000003,1513.557,126.04899412758117,53.362,94.576,107.29,122.102,142.1403,210.68314999999998,596.8155100000004,4724.714,,,,,,,,,,505.9335037974684,93.69,397.322,498.566,604.547,680.2014000000003,740.6314000000001,932.9658000000003,1680.195,430.16888057851236,87.243,307.9785,437.40049999999997,541.8199999999999,646.5916,708.52705,809.62549,1659.964,581.181187804878,306.546,492.65625,563.3165,651.467,726.0825,773.88495,948.2350099999996,1645.966,109.12874050625604,55.628,93.90375,106.06,119.41125,133.157,143.194,198.64768000000075,4724.714,1991.4398505688698,13.100000000000001,1926.6,,0.0,0.0,0.0,0.0,0.0,0.0,0.0,0.0,0.0,0.0,,,,,,0,0,0,0,0,0.0,0.0,0.0,0.0,0.0,0.0,0.0,0.0,0.0,0.0,0,0,0,0,0,4.6,80.80000000000001
scalability/yugabyte/scalability-yugabyte-regions5-hot10000-F-mr5-20240220-182248/5-eu-west-1-0,5-eu-west-1-0,5,10000,F,5,20240220-182248,3379,2407,699.0,163.0,74.0,36.0,,0,0,167257,159776,6027.0,974.0,322.0,158.0,,170636,1000,256,90,50000,30,2.0,962.9058423913044,548.202,865.6510000000001,964.525,1074.32575,1150.0597,1207.7348,1289.8494099999998,1795.056,133.8354121427224,47.944,88.86175,101.293,115.94125,134.69549999999998,394.50375,912.0464500000003,5666.239,,,,,,,,,,824.9249874888293,326.589,695.855,816.967,942.385,1059.6254000000001,1092.5191,1227.8193999999999,2151.659,677.5353188667873,104.512,532.61375,653.1234999999999,818.2012500000001,955.5305000000001,1010.10275,1135.3383999999999,5666.239,957.7350815789474,525.929,850.05175,957.6645000000001,1076.77425,1175.2653,1246.4865,1314.1315899999997,1599.734,103.77894795891785,50.21,88.18825,100.06649999999999,113.31575000000001,126.457,135.64915,182.20919000000006,3141.044,1858.3893512508462,12.5,1801.0,,0.0,0.0,0.0,0.0,0.0,0.0,0.0,0.0,0.0,0.0,,,,,,0,0,0,0,0,0.0,0.0,0.0,0.0,0.0,0.0,0.0,0.0,0.0,0.0,0,0,0,0,0,4.2,73.9
scalability/yugabyte/scalability-yugabyte-regions5-hot10000-F-mr5-20240220-182248/1-us-east-1-0,1-us-east-1-0,5,10000,F,5,20240220-182248,3319,2598,536.0,109.0,57.0,19.0,,0,0,171314,163215,6649.0,944.0,359.0,147.0,,174633,1000,256,90,50000,30,1.6,621.7089068322981,368.878,537.822,614.105,675.108,770.089,798.387,941.2502000000007,1449.945,131.78110784010093,52.202,97.759,111.648,128.193,151.36440000000002,217.0045999999996,615.2619800000003,3689.467,,,,,,,,,,530.5668338108883,84.67,411.72749999999996,520.874,630.963,727.1838,799.2251,916.2927799999992,1301.642,456.894576211824,74.338,334.32875,487.875,574.8285,646.0599000000001,691.0616499999998,817.4647500000001,2021.097,607.589800982801,256.676,509.5955,599.992,681.3544999999999,801.7386000000001,860.2628,947.1034199999999,1378.485,113.608174985203,54.822,97.002,110.285,125.11675,140.7,152.4224,200.4214299999999,3689.467,1903.4691608269143,11.399999999999999,1840.8,,0.0,0.0,0.0,0.0,0.0,0.0,0.0,0.0,0.0,0.0,,,,,,0,0,0,0,0,0.0,0.0,0.0,0.0,0.0,0.0,0.0,0.0,0.0,0.0,0,0,0,0,0,4.699999999999999,80.1
scalability/yugabyte/scalability-yugabyte-regions5-hot10000-F-mr5-20240220-182248/3-us-west-1-0,3-us-west-1-0,5,10000,F,5,20240220-182248,3394,2589,582.0,125.0,67.0,31.0,,0,0,179950,171495,6818.0,1085.0,369.0,183.0,,183344,1000,256,90,50000,30,2.3,753.7290669856459,391.48,629.454,735.277,835.347,920.9622000000002,992.2515999999999,1919.8654799999892,2373.674,125.523439064224,46.753,87.853,100.388,115.372,137.6525000000001,246.99244999999988,796.3078200000025,3581.634,,,,,,,,,,617.6696315789474,139.228,456.366,590.775,765.288,896.855,965.6486000000002,1107.0170799999999,1852.618,516.82369014276,127.023,325.72450000000003,464.466,645.499,897.9720000000001,1007.5043999999998,1149.96984,2507.66,738.018524361949,231.15,593.2655,711.681,849.9680000000001,948.341,1010.3145,1516.5554999999945,3581.634,103.3161770251537,49.256,87.18,99.148,112.551,126.803,138.481,222.857,2627.305,1999.4408074171838,13.600000000000001,1928.7,,0.0,0.0,0.0,0.0,0.0,0.0,0.0,0.0,0.0,0.0,,,,,,0,0,0,0,0,0.0,0.0,0.0,0.0,0.0,0.0,0.0,0.0,0.0,0.0,0,0,0,0,0,4.6,81.5
scalability/yugabyte/scalability-yugabyte-regions3-hot10000-F-mr0-20240220-150536/2-us-east-2-0,2-us-east-2-0,3,10000,F,0,20240220-150536,3156,3156,,,,,,0,0,196961,196961,,,,,,200117,1000,256,90,50000,30,,,,,,,,,,,115.58106419484812,62.182,101.568,114.141,127.553,140.424,148.814,170.949,1590.574,,,,,,,,,,,,,,,,,,,,,,,,,,,,,,,,,,,,,115.58106419484812,62.182,101.568,114.141,127.553,140.424,148.814,170.949,1590.574,2188.4317280811115,,2220.3999999999996,,,,,,,,,,,,,,,,,0,0,0,0,0,,,,,,,,,,,0,0,0,0,0,,
scalability/yugabyte/scalability-yugabyte-regions3-hot10000-F-mr0-20240220-150536/1-us-east-1-0,1-us-east-1-0,3,10000,F,0,20240220-150536,3015,3015,,,,,,0,0,186763,186763,,,,,,189778,1000,256,90,50000,30,,,,,,,,,,,121.80005188401648,62.31,106.165,120.004,135.067,149.733,159.37019999999998,184.33980000000005,855.767,,,,,,,,,,,,,,,,,,,,,,,,,,,,,,,,,,,,,121.80005188401648,62.31,106.165,120.004,135.067,149.733,159.37019999999998,184.33980000000005,855.767,2075.1246193263687,,2109.4,,,,,,,,,,,,,,,,,0,0,0,0,0,,,,,,,,,,,0,0,0,0,0,,
scalability/yugabyte/scalability-yugabyte-regions3-hot10000-F-mr0-20240220-150536/3-us-west-1-0,3-us-west-1-0,3,10000,F,0,20240220-150536,3190,3190,,,,,,0,0,190603,190603,,,,,,193793,1000,256,90,50000,30,,,,,,,,,,,118.9190401112507,61.559,103.586,116.988,131.581,146.216,156.51279999999994,187.2791199999995,815.343,,,,,,,,,,,,,,,,,,,,,,,,,,,,,,,,,,,,,118.9190401112507,61.559,103.586,116.988,131.581,146.216,156.51279999999994,187.2791199999995,815.343,2117.791987096502,,2149.4,,,,,,,,,,,,,,,,,0,0,0,0,0,,,,,,,,,,,0,0,0,0,0,,
scalability/yugabyte/scalability-yugabyte-regions3-hot0-F-mr5-20240220-150536/2-us-east-2-0,2-us-east-2-0,3,1000000,F,5,20240220-150536,1243,1108,115.0,20.0,,,,0,0,192431,182930,8164.0,1337.0,,,,193674,1000,256,90,50000,30,,,,,,,,,,,117.6661784410109,56.966,95.868,108.038,121.726,137.627,158.074,428.8437999999999,756.255,,,,,,,,,,348.05450855018586,203.176,301.106,345.74,391.414,427.72600000000006,457.66119999999995,490.85239999999993,530.146,300.69046577831614,11.988,177.08800000000002,281.383,422.20399999999995,480.99760000000003,499.9973,552.14406,756.255,,,,,,,,,,107.76189326593267,58.875,95.211,106.877,119.32,131.152,138.452,153.256,486.615,2138.116179787114,15.0,2040.4,,,,,,,0.0,0.0,0.0,0.0,0.0,,,,,,0,0,0,0,0,0.0,0.0,0.0,0.0,0.0,,,,,,0,0,0,0,0,,91.5
scalability/yugabyte/scalability-yugabyte-regions3-hot0-F-mr5-20240220-150536/1-us-east-1-0,1-us-east-1-0,3,1000000,F,5,20240220-150536,1138,1017,94.0,27.0,,,,0,0,182381,173362,7714.0,1305.0,,,,183519,1000,256,90,50000,30,,,,,,,,,,,125.57772709791261,56.027,98.66550000000001,111.965,127.08,144.838,168.768,547.9875,858.446,,,,,,,,,,428.3312456406368,183.808,350.619,418.513,497.057,573.9094,614.7651,672.1762999999999,766.977,383.01373661863096,25.4,198.82375,376.5025,529.7117499999999,624.0079,674.6526,769.3174799999999,858.446,,,,,,,,,,111.78942970654526,58.175,97.913,110.699,124.369,137.512,145.72365,162.26173,856.581,2026.4319261659534,14.4,1936.0,,,,,,,0.0,0.0,0.0,0.0,0.0,,,,,,0,0,0,0,0,0.0,0.0,0.0,0.0,0.0,,,,,,0,0,0,0,0,,86.80000000000001
scalability/yugabyte/scalability-yugabyte-regions3-hot0-F-mr5-20240220-150536/3-us-west-1-0,3-us-west-1-0,3,1000000,F,5,20240220-150536,1131,973,139.0,19.0,,,,0,0,185605,176510,7807.0,1288.0,,,,186736,1000,256,90,50000,30,,,,,,,,,,,123.28527838120525,51.05,90.8185,103.198,117.407,134.944,190.99139999999898,602.2037400000008,883.98,,,,,,,,,,587.2269054996127,344.678,503.2675,573.786,650.5070000000001,778.063,802.0145,833.5993999999998,883.98,497.8402025396825,221.63,420.36350000000004,486.645,565.474,635.9064,675.2768999999998,766.904720000001,880.311,,,,,,,,,,103.2732646912772,53.033,90.14025000000001,102.0,114.883,127.419,135.66935,152.797,832.786,2062.2680622496237,14.5,1975.1,,,,,,,0.0,0.0,0.0,0.0,0.0,,,,,,0,0,0,0,0,0.0,0.0,0.0,0.0,0.0,,,,,,0,0,0,0,0,,88.3
scalability/yugabyte/scalability-yugabyte-regions4-hot0-F-mr0-20240220-162251/4-us-west-2-0,4-us-west-2-0,4,1000000,F,0,20240220-162251,1213,1213,,,,,,0,0,197193,197193,,,,,,198406,1000,256,90,50000,30,,,,,,,,,,,116.15007268109684,59.341,101.413,114.822,129.46,143.437,152.43139999999997,170.62276000000003,465.553,,,,,,,,,,,,,,,,,,,,,,,,,,,,,,,,,,,,,116.15007268109684,59.341,101.413,114.822,129.46,143.437,152.43139999999997,170.62276000000003,465.553,2191.009005708284,,2201.2,,,,,,,,,,,,,,,,,0,0,0,0,0,,,,,,,,,,,0,0,0,0,0,,
scalability/yugabyte/scalability-yugabyte-regions4-hot0-F-mr0-20240220-162251/2-us-east-2-0,2-us-east-2-0,4,1000000,F,0,20240220-162251,1258,1258,,,,,,0,0,202843,202843,,,,,,204101,1000,256,90,50000,30,,,,,,,,,,,113.03425481211252,60.96,99.677,112.143,125.398,137.893,145.707,160.77215999999996,452.794,,,,,,,,,,,,,,,,,,,,,,,,,,,,,,,,,,,,,113.03425481211252,60.96,99.677,112.143,125.398,137.893,145.707,160.77215999999996,452.794,2253.7920760089537,,2270.3,,,,,,,,,,,,,,,,,0,0,0,0,0,,,,,,,,,,,0,0,0,0,0,,
scalability/yugabyte/scalability-yugabyte-regions4-hot0-F-mr0-20240220-162251/1-us-east-1-0,1-us-east-1-0,4,1000000,F,0,20240220-162251,1219,1219,,,,,,0,0,192934,192934,,,,,,194153,1000,256,90,50000,30,,,,,,,,,,,118.77735922921936,61.209,103.90525,117.586,132.283,146.4521,155.501,173.633,407.353,,,,,,,,,,,,,,,,,,,,,,,,,,,,,,,,,,,,,118.77735922921936,61.209,103.90525,117.586,132.283,146.4521,155.501,173.633,407.353,2143.6947092741516,,2152.8,,,,,,,,,,,,,,,,,0,0,0,0,0,,,,,,,,,,,0,0,0,0,0,,
scalability/yugabyte/scalability-yugabyte-regions4-hot0-F-mr0-20240220-162251/3-us-west-1-0,3-us-west-1-0,4,1000000,F,0,20240220-162251,1199,1199,,,,,,0,0,199244,199244,,,,,,200443,1000,256,90,50000,30,,,,,,,,,,,114.95840727285449,57.46,99.921,113.544,128.214,142.83470000000003,152.143,171.71969999999996,300.147,,,,,,,,,,,,,,,,,,,,,,,,,,,,,,,,,,,,,114.95840727285449,57.46,99.921,113.544,128.214,142.83470000000003,152.143,171.71969999999996,300.147,2213.813427110445,,2225.7,,,,,,,,,,,,,,,,,0,0,0,0,0,,,,,,,,,,,0,0,0,0,0,,
scalability/yugabyte/scalability-yugabyte-regions5-hot0-F-mr5-20240220-182248/4-us-west-2-0,4-us-west-2-0,5,1000000,F,5,20240220-182248,1208,1023,136.0,29.0,11.0,9.0,,0,0,183547,174513,7216.0,1201.0,418.0,199.0,,184755,1000,256,90,50000,30,2.2,758.4849463414633,433.534,645.907,716.703,792.238,887.9664,979.8869999999998,2132.0698400000006,3318.544,124.52507039894179,49.864,89.115,101.331,115.36500000000001,133.00320000000005,222.1499,775.20038,3390.629,,,,,,,,,,635.3814317252657,139.316,479.56100000000004,616.221,773.0045,901.6332,956.7119999999995,1071.42428,2155.596,532.3286674883593,128.453,353.8895,484.53200000000004,671.33725,882.6517000000001,975.6135499999999,1106.82424,2306.663,743.0664775413711,402.38,634.653,739.729,847.5319999999999,931.3814,969.4811,1098.6177199999986,3390.629,101.7500476320879,51.964,88.458,100.141,112.782,125.432,133.733,155.23420000000002,1632.096,2039.3919982012228,13.6,1950.5,,0.0,0.0,0.0,0.0,0.0,0.0,0.0,0.0,0.0,0.0,,,,,,0,0,0,0,0,0.0,0.0,0.0,0.0,0.0,0.0,0.0,0.0,0.0,0.0,0,0,0,0,0,4.5,81.4
scalability/yugabyte/scalability-yugabyte-regions5-hot0-F-mr5-20240220-182248/2-us-east-2-0,2-us-east-2-0,5,1000000,F,5,20240220-182248,1102,955,111.0,29.0,5.0,2.0,,0,0,180040,171037,7212.0,1201.0,387.0,203.0,,181142,1000,256,90,50000,30,2.3,585.9083118811881,328.944,499.4345,570.0335,634.563,749.6172,806.30725,1319.891690000004,1494.377,127.10715351992746,53.421,96.36475,109.697,125.107,144.0615,183.85524999999998,587.2211000000008,1648.636,,,,,,,,,,508.58882487725043,100.274,400.76375,500.6155,605.356,702.6576000000001,751.0673,815.5417699999997,1532.695,432.79530377487987,105.328,324.459,442.344,540.394,638.0602,692.5417999999999,792.52332,1648.636,591.2861778350515,322.926,490.50250000000005,572.4475,650.27375,753.1312,786.10345,1431.4198099999999,1622.596,109.85228208293782,55.658,95.635,108.391,122.34049999999999,135.939,144.7623,164.88382,865.793,2000.4358506164842,13.5,1907.3000000000002,,0.0,0.0,0.0,0.0,0.0,0.0,0.0,0.0,0.0,0.0,,,,,,0,0,0,0,0,0.0,0.0,0.0,0.0,0.0,0.0,0.0,0.0,0.0,0.0,0,0,0,0,0,4.2,81.30000000000001
scalability/yugabyte/scalability-yugabyte-regions5-hot0-F-mr5-20240220-182248/5-eu-west-1-0,5-eu-west-1-0,5,1000000,F,5,20240220-182248,1084,890,152.0,24.0,12.0,6.0,,0,0,173464,164923,6861.0,1095.0,375.0,210.0,,174548,1000,256,90,50000,30,2.2,967.0710518867922,628.704,875.2405,973.8755000000001,1064.25825,1141.0837,1179.5126,1228.0380999999998,1294.765,130.78283799389828,48.867,87.679,99.669,113.546,130.6062,318.60920000002886,910.9494399999979,1642.989,,,,,,,,,,831.3424662466247,438.826,703.182,815.91,949.0315,1067.165,1103.3895,1212.3999000000001,1359.451,683.1427746438336,114.284,538.428,659.471,821.028,943.76,1003.4564,1122.86944,1180.43,983.6275540897097,596.038,875.204,977.122,1083.8455,1184.7236,1250.0602,1315.7908799999996,1417.694,99.85612026346189,50.898,87.014,98.508,111.02,123.4024,131.21239999999995,147.691,1642.989,1927.371961483164,12.2,1838.9,,0.0,0.0,0.0,0.0,0.0,0.0,0.0,0.0,0.0,0.0,,,,,,0,0,0,0,0,0.0,0.0,0.0,0.0,0.0,0.0,0.0,0.0,0.0,0.0,0,0,0,0,0,4.2,78.0
scalability/yugabyte/scalability-yugabyte-regions5-hot0-F-mr5-20240220-182248/1-us-east-1-0,1-us-east-1-0,5,1000000,F,5,20240220-182248,1047,899,113.0,19.0,8.0,8.0,,0,0,174374,165953,6756.0,1095.0,395.0,175.0,,175421,1000,256,90,50000,30,2.0,638.1819005524861,396.155,535.004,606.197,704.392,802.062,870.175,1315.2321999999979,1480.244,131.23749620312427,52.975,98.88,113.025,129.538,150.1407,185.84480000000005,607.9002300000003,1559.741,,,,,,,,,,544.877864498645,144.321,432.985,542.14,636.694,730.7815999999999,783.5116,858.2397000000003,1276.368,458.34769380868545,88.64,355.842,491.9185,569.5360000000001,641.486,685.82575,802.127,1559.741,619.5315964912281,342.219,528.4414999999999,595.24,682.9835,799.4917999999999,859.3020999999997,1382.3529999999998,1475.023,113.39922820358922,55.477,98.14625000000001,111.709,126.584,141.3731,151.36455,173.471,856.158,1937.4684933518063,11.899999999999999,1853.3000000000002,,0.0,0.0,0.0,0.0,0.0,0.0,0.0,0.0,0.0,0.0,,,,,,0,0,0,0,0,0.0,0.0,0.0,0.0,0.0,0.0,0.0,0.0,0.0,0.0,0,0,0,0,0,4.300000000000001,76.0
scalability/yugabyte/scalability-yugabyte-regions5-hot0-F-mr5-20240220-182248/3-us-west-1-0,3-us-west-1-0,5,1000000,F,5,20240220-182248,1189,1002,152.0,25.0,7.0,3.0,,0,0,187291,177942,7527.0,1198.0,430.0,194.0,,188480,1000,256,90,50000,30,2.3,724.4538324873095,409.984,628.344,721.146,817.083,888.1686000000001,931.0022,1013.5060799999993,1089.867,122.06770730631698,46.512,86.302,98.606,113.0555,132.26539999999997,220.81429999999895,795.6944800000002,2485.914,,,,,,,,,,640.7072132231405,162.118,459.68075,622.3889999999999,789.0485,918.8742000000001,999.5546499999999,1129.2612600000007,2314.582,523.15557574964,136.914,320.704,467.621,661.196,917.9548000000001,1016.7521999999999,1153.59428,2485.914,720.3142227378191,322.018,589.2505,707.237,827.3845,928.211,968.094,1079.9039,2273.378,99.3206591252476,48.593,85.63,97.357,110.34375,123.656,132.84494999999998,157.41487999999987,864.256,2080.9867457853097,13.8,1982.0,,0.0,0.0,0.0,0.0,0.0,0.0,0.0,0.0,0.0,0.0,,,,,,0,0,0,0,0,0.0,0.0,0.0,0.0,0.0,0.0,0.0,0.0,0.0,0.0,0,0,0,0,0,4.8,85.5
scalability/yugabyte/scalability-yugabyte-regions5-hot10000-F-mr0-20240220-182248/4-us-west-2-0,4-us-west-2-0,5,10000,F,0,20240220-182248,3021,3021,,,,,,0,0,189086,189086,,,,,,192107,1000,256,90,50000,30,,,,,,,,,,,119.94828857674679,57.309,102.637,116.956,132.859,149.24660000000006,161.424,227.78108,803.972,,,,,,,,,,,,,,,,,,,,,,,,,,,,,,,,,,,,,119.94828857674679,57.309,102.637,116.956,132.859,149.24660000000006,161.424,227.78108,803.972,2100.9369762929055,,2129.9,,,,,,,,,,,,,,,,,0,0,0,0,0,,,,,,,,,,,0,0,0,0,0,,
scalability/yugabyte/scalability-yugabyte-regions5-hot10000-F-mr0-20240220-182248/2-us-east-2-0,2-us-east-2-0,5,10000,F,0,20240220-182248,3200,3200,,,,,,0,0,191767,191767,,,,,,194967,1000,256,90,50000,30,,,,,,,,,,,118.19986227292583,62.76,103.201,116.067,130.144,144.186,154.16559999999998,198.63206,486.674,,,,,,,,,,,,,,,,,,,,,,,,,,,,,,,,,,,,,118.19986227292583,62.76,103.201,116.067,130.144,144.186,154.16559999999998,198.63206,486.674,2130.729075400924,,2165.5,,,,,,,,,,,,,,,,,0,0,0,0,0,,,,,,,,,,,0,0,0,0,0,,
scalability/yugabyte/scalability-yugabyte-regions5-hot10000-F-mr0-20240220-182248/5-eu-west-1-0,5-eu-west-1-0,5,10000,F,0,20240220-182248,3094,3094,,,,,,0,0,188225,188225,,,,,,191319,1000,256,90,50000,30,,,,,,,,,,,120.86001463093955,59.69,104.648,118.791,134.344,149.861,160.3018,188.2025999999999,835.33,,,,,,,,,,,,,,,,,,,,,,,,,,,,,,,,,,,,,120.86001463093955,59.69,104.648,118.791,134.344,149.861,160.3018,188.2025999999999,835.33,2091.3673337931896,,2124.5,,,,,,,,,,,,,,,,,0,0,0,0,0,,,,,,,,,,,0,0,0,0,0,,
scalability/yugabyte/scalability-yugabyte-regions5-hot10000-F-mr0-20240220-182248/1-us-east-1-0,1-us-east-1-0,5,10000,F,0,20240220-182248,2942,2942,,,,,,0,0,181922,181922,,,,,,184864,1000,256,90,50000,30,,,,,,,,,,,124.64508657675572,61.572,107.569,122.136,138.274,154.986,167.10039999999998,205.0286400000002,882.265,,,,,,,,,,,,,,,,,,,,,,,,,,,,,,,,,,,,,124.64508657675572,61.572,107.569,122.136,138.274,154.986,167.10039999999998,205.0286400000002,882.265,2021.3535040838844,,2053.0,,,,,,,,,,,,,,,,,0,0,0,0,0,,,,,,,,,,,0,0,0,0,0,,
scalability/yugabyte/scalability-yugabyte-regions5-hot10000-F-mr0-20240220-182248/3-us-west-1-0,3-us-west-1-0,5,10000,F,0,20240220-182248,3136,3136,,,,,,0,0,190154,190154,,,,,,193290,1000,256,90,50000,30,,,,,,,,,,,119.21204289697057,57.081,101.82624999999999,115.931,131.671,148.102,160.72,233.9021299999998,843.082,,,,,,,,,,,,,,,,,,,,,,,,,,,,,,,,,,,,,119.21204289697057,57.081,101.82624999999999,115.931,131.671,148.102,160.72,233.9021299999998,843.082,2112.816674129966,,2146.2,,,,,,,,,,,,,,,,,0,0,0,0,0,,,,,,,,,,,0,0,0,0,0,,
scalability/yugabyte/scalability-yugabyte-regions4-hot10000-F-mr5-20240220-162251/4-us-west-2-0,4-us-west-2-0,4,10000,F,5,20240220-162251,3264,2619,484.0,103.0,58.0,,,0,0,173742,165504,6739.0,1127.0,372.0,,,177006,1000,256,90,50000,30,,,,,,,,,,,130.08191764839017,53.068,97.606,111.36,127.59675,149.1491,235.21974999999878,588.9416199999998,1728.594,,,,,,,,,,513.2707250830565,188.433,424.13525,503.486,588.59475,675.062,761.3944999999999,827.56987,911.213,444.0194666480992,55.17,338.539,442.577,544.23,632.191,677.673,804.7164,1434.683,582.4888744075829,308.975,505.59524999999996,572.082,650.4875,755.1396,793.57885,821.3295400000001,837.062,112.78163648386212,55.125,96.85,110.035,124.65675,139.579,150.0435,187.79775000000012,1728.594,1930.4640509307767,13.7,1867.8000000000002,,0.0,0.0,0.0,0.0,0.0,0.0,0.0,0.0,0.0,0.0,,,,,,0,0,0,0,0,0.0,0.0,0.0,0.0,0.0,,,,,,0,0,0,0,0,4.6,80.6
scalability/yugabyte/scalability-yugabyte-regions4-hot10000-F-mr5-20240220-162251/2-us-east-2-0,2-us-east-2-0,4,10000,F,5,20240220-162251,3367,2708,481.0,116.0,62.0,,,0,0,185413,176569,7339.0,1127.0,378.0,,,188780,1000,256,90,50000,30,,,,,,,,,,,120.00761978467114,53.636,92.631,104.76,118.45224999999999,135.346,193.10469999999984,520.25981,3697.313,,,,,,,,,,431.37674878048784,91.382,342.76975,419.38649999999996,510.90200000000004,583.2081000000001,639.2448999999999,754.7042200000001,817.55,380.7270667265495,9.761,274.016,400.653,487.364,560.9094,602.2381999999999,667.4312399999999,1223.81,502.3831294117647,245.107,435.682,500.927,566.817,631.0298,655.852,758.2472,769.325,105.54372055711181,55.674,91.984,103.583,115.964,128.05380000000002,136.01739999999998,161.86336,3697.313,2060.130664573784,13.7,1990.0,,0.0,0.0,0.0,0.0,0.0,0.0,0.0,0.0,0.0,0.0,,,,,,0,0,0,0,0,0.0,0.0,0.0,0.0,0.0,,,,,,0,0,0,0,0,4.9,87.1
scalability/yugabyte/scalability-yugabyte-regions4-hot10000-F-mr5-20240220-162251/1-us-east-1-0,1-us-east-1-0,4,10000,F,5,20240220-162251,3444,2774,516.0,90.0,64.0,,,0,0,178329,169995,6809.0,1145.0,380.0,,,181773,1000,256,90,50000,30,,,,,,,,,,,126.62572052955207,55.026,98.108,111.432,126.704,145.841,187.248,539.8286000000011,1754.753,,,,,,,,,,448.93827086743045,136.797,362.5925,436.24199999999996,528.47475,616.7746,665.0111,742.7026599999999,1251.349,383.133463488149,18.886,202.3425,427.545,508.125,566.3558,596.5483999999999,654.5042599999997,1754.753,520.3779789227166,332.011,466.595,522.9,576.613,611.8514,630.3963,687.1709000000001,816.631,112.44721548756839,57.197,97.407,110.156,123.973,137.6784,147.0513,176.5533799999998,1622.6,1981.4193659339546,13.8,1918.0,,0.0,0.0,0.0,0.0,0.0,0.0,0.0,0.0,0.0,0.0,,,,,,0,0,0,0,0,0.0,0.0,0.0,0.0,0.0,,,,,,0,0,0,0,0,4.699999999999999,80.8
scalability/yugabyte/scalability-yugabyte-regions4-hot10000-F-mr5-20240220-162251/3-us-west-1-0,3-us-west-1-0,4,10000,F,5,20240220-162251,3557,2845,530.0,123.0,59.0,,,0,0,184985,176227,7223.0,1148.0,387.0,,,188542,1000,256,90,50000,30,,,,,,,,,,,122.14447168809095,50.22,92.55675,105.569,120.884,141.578,223.11209999999997,524.7582200000002,1268.611,,,,,,,,,,467.18783186549234,212.639,394.812,455.273,532.017,607.8402000000002,659.4874,727.04144,999.222,394.5780543548596,62.58,283.6775,408.248,486.983,550.893,591.5133999999999,657.7357799999997,1017.27,533.4630691244239,310.99,478.904,526.9465,589.09225,640.6574,667.1967499999998,725.5323900000001,1268.611,106.97159354445388,52.647,91.862,104.287,118.06524999999999,132.0847,142.48179999999994,182.00638999999975,998.353,2055.3813207464905,14.1,1988.5,,0.0,0.0,0.0,0.0,0.0,0.0,0.0,0.0,0.0,0.0,,,,,,0,0,0,0,0,0.0,0.0,0.0,0.0,0.0,,,,,,0,0,0,0,0,4.699999999999999,86.1
scalability/yugabyte/scalability-yugabyte-regions3-hot10000-F-mr5-20240220-150536/2-us-east-2-0,2-us-east-2-0,3,10000,F,5,20240220-150536,3331,2752,474.0,105.0,,,,0,0,186658,177647,7794.0,1217.0,,,,189989,1000,256,90,50000,30,,,,,,,,,,,116.05811261669135,54.544,93.504,105.569,119.273,136.111,165.67399999999984,428.9518000000001,5714.275,,,,,,,,,,346.9343145285935,170.363,303.45975,341.41700000000003,391.7245,430.6355,460.98359999999997,490.88186999999994,578.245,294.12670777252333,10.264,173.9745,225.778,418.6095,477.7836,496.4052,550.13364,1410.013,,,,,,,,,,106.20671728446715,56.52,92.843,104.386,116.836,128.9436,136.9888,159.23671999999996,5714.275,2073.9709967222066,14.6,2002.4,,,,,,,0.0,0.0,0.0,0.0,0.0,,,,,,0,0,0,0,0,0.0,0.0,0.0,0.0,0.0,,,,,,0,0,0,0,0,,91.4
scalability/yugabyte/scalability-yugabyte-regions3-hot10000-F-mr5-20240220-150536/1-us-east-1-0,1-us-east-1-0,3,10000,F,5,20240220-150536,3264,2680,497.0,87.0,,,,0,0,178114,169598,7307.0,1209.0,,,,181378,1000,256,90,50000,30,,,,,,,,,,,127.3577517244821,55.648,99.217,112.701,128.14825,147.40210000000002,185.91440000000085,553.4920700000004,2723.833,,,,,,,,,,436.6210023474179,144.296,360.32075,428.703,505.072,578.7745,621.4509499999999,683.07223,854.279,378.3929261261261,20.104,198.81475,367.249,528.44075,622.7265000000001,671.24835,749.60075,1006.184,,,,,,,,,,113.66552699586028,57.828,98.502,111.399,125.338,139.2574,148.46539999999996,177.80501999999998,2723.833,1979.0430968260423,14.6,1911.7,,,,,,,0.0,0.0,0.0,0.0,0.0,,,,,,0,0,0,0,0,0.0,0.0,0.0,0.0,0.0,,,,,,0,0,0,0,0,,86.7
scalability/yugabyte/scalability-yugabyte-regions3-hot10000-F-mr5-20240220-150536/3-us-west-1-0,3-us-west-1-0,3,10000,F,5,20240220-150536,3273,2595,547.0,131.0,,,,0,0,180642,172050,7415.0,1177.0,,,,183915,1000,256,90,50000,30,,,,,,,,,,,125.18596710920394,50.701,91.138,103.595,118.15375,137.73520000000008,316.216649999998,608.7400500000002,5036.657,,,,,,,,,,586.0469976562501,284.247,501.01374999999996,574.2295,648.603,772.6543,809.4544500000001,854.2819600000007,1260.978,500.0584457892725,192.83,419.786,489.037,569.866,640.2262,679.6582,784.5921999999998,5036.657,,,,,,,,,,104.94358680292706,52.891,90.446,102.39,115.488,128.91989999999998,138.531,177.54822000000016,1643.619,2007.123053651902,14.2,1937.5,,,,,,,0.0,0.0,0.0,0.0,0.0,,,,,,0,0,0,0,0,0.0,0.0,0.0,0.0,0.0,,,,,,0,0,0,0,0,,88.4
scalability/yugabyte/scalability-yugabyte-regions4-hot10000-F-mr0-20240220-162251/4-us-west-2-0,4-us-west-2-0,4,10000,F,0,20240220-162251,3151,3151,,,,,,0,0,193247,193247,,,,,,196398,1000,256,90,50000,30,,,,,,,,,,,117.32337965220052,57.594,101.281,115.092,130.422,145.9471,156.91219999999996,188.32196999999962,826.214,,,,,,,,,,,,,,,,,,,,,,,,,,,,,,,,,,,,,117.32337965220052,57.594,101.281,115.092,130.422,145.9471,156.91219999999996,188.32196999999962,826.214,2147.1774990426998,,2174.0,,,,,,,,,,,,,,,,,0,0,0,0,0,,,,,,,,,,,0,0,0,0,0,,
scalability/yugabyte/scalability-yugabyte-regions4-hot10000-F-mr0-20240220-162251/2-us-east-2-0,2-us-east-2-0,4,10000,F,0,20240220-162251,3211,3211,,,,,,0,0,194989,194989,,,,,,198200,1000,256,90,50000,30,,,,,,,,,,,116.69401133501259,62.05,102.325,115.168,128.885,142.321,150.942,173.17978999999985,477.7,,,,,,,,,,,,,,,,,,,,,,,,,,,,,,,,,,,,,116.69401133501259,62.05,102.325,115.168,128.885,142.321,150.942,173.17978999999985,477.7,2166.5403413059103,,2202.8,,,,,,,,,,,,,,,,,0,0,0,0,0,,,,,,,,,,,0,0,0,0,0,,
scalability/yugabyte/scalability-yugabyte-regions4-hot10000-F-mr0-20240220-162251/1-us-east-1-0,1-us-east-1-0,4,10000,F,0,20240220-162251,3029,3029,,,,,,0,0,186334,186334,,,,,,189363,1000,256,90,50000,30,,,,,,,,,,,122.06091649089628,62.654,106.4245,120.25,135.35950000000003,150.117,159.9683,185.41538000000006,858.195,,,,,,,,,,,,,,,,,,,,,,,,,,,,,,,,,,,,,122.06091649089628,62.654,106.4245,120.25,135.35950000000003,150.117,159.9683,185.41538000000006,858.195,2070.3640744750455,,2105.4,,,,,,,,,,,,,,,,,0,0,0,0,0,,,,,,,,,,,0,0,0,0,0,,
scalability/yugabyte/scalability-yugabyte-regions4-hot10000-F-mr0-20240220-162251/3-us-west-1-0,3-us-west-1-0,4,10000,F,0,20240220-162251,3111,3111,,,,,,0,0,188671,188671,,,,,,191782,1000,256,90,50000,30,,,,,,,,,,,120.14720303237632,60.092,104.093,118.105,133.417,148.752,159.45069999999998,190.07801999999998,814.317,,,,,,,,,,,,,,,,,,,,,,,,,,,,,,,,,,,,,120.14720303237632,60.092,104.093,118.105,133.417,148.752,159.45069999999998,190.07801999999998,814.317,2096.335426149197,,2129.5,,,,,,,,,,,,,,,,,0,0,0,0,0,,,,,,,,,,,0,0,0,0,0,,
scalability/yugabyte/scalability-yugabyte-regions4-hot0-F-mr5-20240220-162251/4-us-west-2-0,4-us-west-2-0,4,1000000,F,5,20240220-162251,1145,989,115.0,32.0,9.0,,,0,0,186549,177381,7471.0,1256.0,441.0,,,187694,1000,256,90,50000,30,,,,,,,,,,,122.66084890961578,49.309,91.5475,104.523,119.7525,139.038,190.788,585.6627999999993,1515.385,,,,,,,,,,510.6709622937942,181.938,418.124,498.077,586.294,667.5749999999999,733.1487999999996,817.58832,1234.168,451.12380975092736,63.923,345.34375,451.074,549.41925,634.1659000000001,680.77095,801.9372599999997,1515.385,574.9246241610738,329.061,506.80499999999995,565.379,632.446,714.3078,790.8545,815.62468,1149.891,104.84482391515495,51.734,90.866,103.25,116.951,130.684,139.82379999999998,159.19992000000005,845.231,2072.7478781974637,14.3,1984.2,,0.0,0.0,0.0,0.0,0.0,0.0,0.0,0.0,0.0,0.0,,,,,,0,0,0,0,0,0.0,0.0,0.0,0.0,0.0,,,,,,0,0,0,0,0,4.699999999999999,84.6
scalability/yugabyte/scalability-yugabyte-regions4-hot0-F-mr5-20240220-162251/2-us-east-2-0,2-us-east-2-0,4,1000000,F,5,20240220-162251,1193,1052,119.0,21.0,1.0,,,0,0,189407,179928,7772.0,1274.0,433.0,,,190600,1000,256,90,50000,30,,,,,,,,,,,120.49435381822009,55.033,94.07124999999999,106.2135,120.017,136.4382,163.82609999999997,516.97976,815.95,,,,,,,,,,438.18804040404035,201.537,352.60400000000004,422.634,514.051,589.3356,650.1015,757.2379800000006,815.95,381.6342656906429,13.393,275.8725,400.864,486.62850000000003,561.9958,603.2383,666.24844,793.362,495.1467215777263,301.456,429.481,487.81,549.6435,624.374,654.327,751.084,778.834,105.97731415060872,57.073,93.393,105.012,117.53,129.4513,136.98995,151.81730000000005,424.886,2104.4987995948654,14.399999999999999,2012.1,,0.0,0.0,0.0,0.0,0.0,0.0,0.0,0.0,0.0,0.0,,,,,,0,0,0,0,0,0.0,0.0,0.0,0.0,0.0,,,,,,0,0,0,0,0,4.699999999999999,86.8
scalability/yugabyte/scalability-yugabyte-regions4-hot0-F-mr5-20240220-162251/1-us-east-1-0,1-us-east-1-0,4,1000000,F,5,20240220-162251,1136,992,112.0,24.0,8.0,,,0,0,181702,172497,7560.0,1227.0,418.0,,,182838,1000,256,90,50000,30,,,,,,,,,,,126.03374035915012,54.76,97.876,111.223,126.56,145.2966,173.50459999999973,542.0738200000005,903.254,,,,,,,,,,455.82237449879705,226.317,367.1105,436.834,542.4745,621.8806000000001,669.5407,737.3363999999999,903.254,387.9246304490117,42.903,203.9105,432.348,513.384,567.278,594.6129999999999,643.61238,711.722,521.039966981132,345.001,468.33625,518.065,581.086,613.1487,635.3609999999999,663.9740899999999,699.891,111.14482339987747,57.124,97.095,109.898,123.72075000000001,137.2083,145.914,163.33882999999997,868.703,2018.9006020829424,14.0,1923.7,,0.0,0.0,0.0,0.0,0.0,0.0,0.0,0.0,0.0,0.0,,,,,,0,0,0,0,0,0.0,0.0,0.0,0.0,0.0,,,,,,0,0,0,0,0,4.699999999999999,85.6
scalability/yugabyte/scalability-yugabyte-regions4-hot0-F-mr5-20240220-162251/3-us-west-1-0,3-us-west-1-0,4,1000000,F,5,20240220-162251,1236,1116,98.0,15.0,7.0,,,0,0,184941,175669,7581.0,1268.0,423.0,,,186177,1000,256,90,50000,30,,,,,,,,,,,123.21742271069367,53.065,94.787,107.799,122.607,141.35500000000002,196.3325,525.04945,1089.761,,,,,,,,,,465.3111755485894,220.432,393.203,456.34299999999996,535.84625,595.7574999999999,645.3395,695.87375,798.0,397.75346638765365,62.903,285.04475,412.4085,491.097,551.5165,584.56475,640.53075,1089.761,542.2011035294117,339.628,487.965,539.226,604.973,651.1034000000001,667.9283999999999,712.97684,734.346,107.8537678008929,55.338,94.083,106.519,119.90350000000001,133.2603,141.914,160.14224999999982,805.893,2054.8943083080803,14.1,1964.2,,0.0,0.0,0.0,0.0,0.0,0.0,0.0,0.0,0.0,0.0,,,,,,0,0,0,0,0,0.0,0.0,0.0,0.0,0.0,,,,,,0,0,0,0,0,4.699999999999999,84.0
