path,region,hot,workload,mr,suffix,rejected,rejected.WorkloadF1,rejected.WorkloadF2,rejected.WorkloadF3,aborted,unexpected,completed,completed.WorkloadF1,completed.WorkloadF2,completed.WorkloadF3,total,throughput.WorkloadF3,avg.WorkloadF3,p0.WorkloadF3,p25.WorkloadF3,p50.WorkloadF3,p75.WorkloadF3,p90.WorkloadF3,p95.WorkloadF3,p99.WorkloadF3,p100.WorkloadF3,throughput.WorkloadF1,avg.WorkloadF1,p0.WorkloadF1,p25.WorkloadF1,p50.WorkloadF1,p75.WorkloadF1,p90.WorkloadF1,p95.WorkloadF1,p99.WorkloadF1,p100.WorkloadF1,ood_index_page.WorkloadF3,ood_table.WorkloadF3,ood_tuple.WorkloadF3,other_aborts.WorkloadF3,deadlock.WorkloadF3,ood_index_page.WorkloadF2,ood_table.WorkloadF2,ood_tuple.WorkloadF2,other_aborts.WorkloadF2,deadlock.WorkloadF2,ood_index_page.WorkloadF1,ood_table.WorkloadF1,ood_tuple.WorkloadF1,other_aborts.WorkloadF1,deadlock.WorkloadF1,ood_index_page,ood_table,ood_tuple,other_aborts,deadlock,avg,p0,p25,p50,p75,p90,p95,p99,p100,avg.WorkloadF2,p0.WorkloadF2,p25.WorkloadF2,p50.WorkloadF2,p75.WorkloadF2,p90.WorkloadF2,p95.WorkloadF2,p99.WorkloadF2,p100.WorkloadF2,throughput,scalefactor,terminals,time,rate,warmup,throughput.WorkloadF2
ycsb/rmw-aurora-eventual/ycsb-throughput-aurora-hot0-F-mr10-20240507-204505/3-ap-northeast-1-0,3-ap-northeast-1-0,1000000,F,10,20240507-204505,29,12,14.0,3.0,0,0,5751,5139,524.0,88.0,5780,1.0,1080.3607469879519,665.132,840.3435,1001.235,1172.5445,1337.9508,1497.971,2059.002139999998,2318.141,56.9,1014.5179576356669,503.967,834.643,1000.595,1166.273,1329.8502,1338.7554,1505.67592,2497.704,0.0,0.0,0.0,3.0,0.0,0.0,0.0,0.0,14.0,0.0,0,0,0,12,0,0,0,0,29,0,1015.7481208513709,503.81,834.66325,1000.5740000000001,1166.45225,1330.2139,1339.1515,1508.6950699999998,3669.654,1013.1407381889763,501.7,833.068,999.7014999999999,1167.0845,1333.7514,1490.5318499999998,1996.56386,3669.654,63.89951249996922,1000,64,90,50000,30,5.699999999999999
ycsb/rmw-aurora-eventual/ycsb-throughput-aurora-hot0-F-mr10-20240507-204505/1-us-east-1-0,1-us-east-1-0,1000000,F,10,20240507-204505,675,635,33.0,7.0,0,0,721378,649565,61753.0,10060.0,722053,112.3,8.390164377946302,5.068,7.09825,7.825,8.64075,9.807300000000001,10.622449999999999,16.29716000000009,606.301,7224.700000000001,8.072803891861705,5.018,7.031,7.779,8.57,9.73,10.555,15.013199999999953,269.758,0.0,0.0,0.0,7.0,0.0,0.0,0.0,0.0,33.0,0.0,0,0,0,635,0,0,0,0,675,0,8.08439657985575,5.023,7.037,7.783,8.576,9.735,10.561,15.033670000000043,606.301,8.156261321653655,5.07,7.082,7.816,8.624,9.785,10.607,14.993459999999999,508.418,8015.2770048606335,1000,64,90,50000,30,686.5
ycsb/rmw-aurora-eventual/ycsb-throughput-aurora-hot0-F-mr10-20240507-204505/2-eu-west-1-0,2-eu-west-1-0,1000000,F,10,20240507-204505,46,24,18.0,4.0,0,0,13778,12413,1145.0,220.0,13824,2.6,433.7082971698114,212.554,349.95000000000005,418.22950000000003,489.67375,561.1315999999999,624.103,834.9893799999999,892.137,137.60000000000002,422.6194882046188,211.597,349.436,418.163,487.038,554.614,560.396,629.9132000000001,1099.059,0.0,0.0,0.0,4.0,0.0,0.0,0.0,0.0,18.0,0.0,0,0,0,24,0,0,0,0,46,0,423.47608562052505,211.644,349.49375000000003,418.23,487.19,554.8153000000001,560.94295,630.90302,1103.787,430.02823949955314,211.794,349.79949999999997,419.32,488.0285,556.6468000000001,564.1975,750.8388999999961,1103.787,153.08727620968833,1000,64,90,50000,30,12.6
ycsb/rmw-aurora-eventual/ycsb-throughput-aurora-hot100000-F-mr15-20240507-204505/3-ap-northeast-1-0,3-ap-northeast-1-0,100000,F,15,20240507-204505,55,25,27.0,3.0,0,0,5712,4872,711.0,129.0,5767,1.6,1040.007181102362,663.491,836.1055,1001.517,1162.846,1326.7454,1337.3638,2127.810299999999,2325.502,54.0,1019.4822063866266,504.252,834.7429999999999,1000.3589999999999,1166.3415,1329.962,1338.1875,1504.8427,2839.43,0.0,0.0,0.0,3.0,0.0,0.0,0.0,0.0,27.0,0.0,0,0,0,25,0,0,0,0,55,0,1023.0091526967931,503.874,834.70075,1000.456,1166.5975,1330.7118,1339.3204999999998,1654.77455,3297.33,1045.914725433526,502.034,834.11475,1001.5145,1168.19475,1334.5993,1501.33775,2153.64663,3297.33,63.46651643366525,1000,64,90,50000,30,7.8
ycsb/rmw-aurora-eventual/ycsb-throughput-aurora-hot100000-F-mr15-20240507-204505/1-us-east-1-0,1-us-east-1-0,100000,F,15,20240507-204505,592,515,64.0,13.0,0,0,724830,616217,93305.0,15308.0,725422,169.7,8.23367858117326,5.216,7.132,7.786,8.549,9.6271,10.38405,14.18305999999999,707.587,6831.3,8.043801336011867,5.111,7.052,7.747,8.494,9.573,10.393,14.695759999999778,155.695,0.0,0.0,0.0,13.0,0.0,0.0,0.0,0.0,64.0,0.0,0,0,0,515,0,0,0,0,592,0,8.066191764443081,5.118,7.059,7.753,8.501,9.584,10.402,14.702,1167.579,8.186497239905624,5.146,7.092,7.783,8.54,9.649,10.465,14.819430000000038,1167.579,8053.572110392392,1000,64,90,50000,30,1036.3
ycsb/rmw-aurora-eventual/ycsb-throughput-aurora-hot100000-F-mr15-20240507-204505/2-eu-west-1-0,2-eu-west-1-0,100000,F,15,20240507-204505,61,28,27.0,6.0,0,0,13744,11651,1776.0,317.0,13805,3.6,428.4119649681529,211.52,348.876,417.871,488.02675,556.1501,621.52445,868.8484200000013,1033.02,129.2,423.417058782119,211.3,349.18675,417.931,487.02675,555.1428,560.7292,629.5895300000002,971.856,0.0,0.0,0.0,6.0,0.0,0.0,0.0,0.0,27.0,0.0,0,0,0,28,0,0,0,0,61,0,424.0249774727734,211.367,349.235,417.90049999999997,487.048,555.1115,560.9535000000001,630.4634500000001,1122.561,426.85101733102255,211.817,349.6275,417.777,487.14,554.829,561.1785,813.5345000000029,1122.561,152.71056917014647,1000,64,90,50000,30,20.4
ycsb/rmw-aurora-eventual/ycsb-throughput-aurora-hot1000-F-mr0-20240507-204505/3-ap-northeast-1-0,3-ap-northeast-1-0,1000,F,0,20240507-204505,103,103,,,0,0,5703,5703,,,5806,,,,,,,,,,,63.4,1024.7635296262533,503.459,834.263,1000.283,1166.359,1332.4976,1482.0640000000026,1706.724439999998,2828.354,,,,,,,,,,,0,0,0,103,0,0,0,0,103,0,1024.7635296262533,503.459,834.263,1000.283,1166.359,1332.4976,1482.0640000000026,1706.724439999998,2828.354,,,,,,,,,,63.36650155891021,1000,64,90,50000,30,
ycsb/rmw-aurora-eventual/ycsb-throughput-aurora-hot1000-F-mr0-20240507-204505/1-us-east-1-0,1-us-east-1-0,1000,F,0,20240507-204505,25849,25849,,,0,0,627671,627671,,,653520,,,,,,,,,,,6984.200000000001,9.219974742494415,4.76,7.57,8.544,10.126,11.73,13.5,21.511,232.792,,,,,,,,,,,0,0,0,25849,0,0,0,0,25849,0,9.219974742494415,4.76,7.57,8.544,10.126,11.73,13.5,21.511,232.792,,,,,,,,,,6974.067688422443,1000,64,90,50000,30,
ycsb/rmw-aurora-eventual/ycsb-throughput-aurora-hot1000-F-mr0-20240507-204505/2-eu-west-1-0,2-eu-west-1-0,1000,F,0,20240507-204505,260,260,,,0,0,13609,13609,,,13869,,,,,,,,,,,151.1,428.9464949052758,211.263,349.157,417.935,487.008,555.8901999999999,619.8157999999997,763.2383600000001,1334.27,,,,,,,,,,,0,0,0,260,0,0,0,0,260,0,428.9464949052758,211.263,349.157,417.935,487.008,555.8901999999999,619.8157999999997,763.2383600000001,1334.27,,,,,,,,,,151.2103288698378,1000,64,90,50000,30,
ycsb/rmw-aurora-eventual/ycsb-throughput-aurora-hot1000-F-mr10-20240507-204505/3-ap-northeast-1-0,3-ap-northeast-1-0,1000,F,10,20240507-204505,546,245,241.0,60.0,0,0,5428,4863,486.0,79.0,5974,0.8,1408.1939268292683,496.607,834.8842500000001,1166.079,1831.7127500000001,2478.0640000000008,2809.9496500000005,3061.985089999999,3329.537,54.2,1038.1312621379898,503.102,834.28975,1000.3345,1167.245,1334.7645,1494.4445,1834.659,3326.048,0.0,0.0,0.0,60.0,0.0,0.0,0.0,0.0,241.0,0.0,0,0,0,245,0,0,0,0,546,0,1070.6141979522183,502.478,834.44525,1001.0409999999999,1168.71525,1345.269,1660.9165,2410.665429999986,3404.086,1320.628657947686,497.69,839.377,1162.992,1665.545,2178.012,2649.5461999999998,2986.87708,3404.086,60.31106457978455,1000,64,90,50000,30,5.6
ycsb/rmw-aurora-eventual/ycsb-throughput-aurora-hot1000-F-mr10-20240507-204505/1-us-east-1-0,1-us-east-1-0,1000,F,10,20240507-204505,24864,21503,2782.0,579.0,0,0,595453,535969,50959.0,8525.0,620317,95.19999999999999,16.043830892772792,4.493,7.464,8.647,10.284,12.518900000000002,16.5403,273.78032999999976,979.884,5966.200000000001,9.313049520090736,4.536,7.411,8.517,10.074,11.809,13.689,21.337380000000003,976.086,0.0,0.0,0.0,579.0,0.0,0.0,0.0,0.0,2782.0,0.0,0,0,0,21503,0,0,0,0,24864,0,9.709483840933366,4.536,7.416,8.526,10.087,11.848,13.799,22.272,1355.602,12.812816306366834,4.526,7.456,8.599,10.192,12.195,14.8765,111.22544999999985,1355.602,6616.1147439702345,1000,64,90,50000,30,565.3
ycsb/rmw-aurora-eventual/ycsb-throughput-aurora-hot1000-F-mr10-20240507-204505/2-eu-west-1-0,2-eu-west-1-0,1000,F,10,20240507-204505,821,397,307.0,117.0,0,0,13255,11862,1194.0,199.0,14076,2.2,595.0611387559808,209.979,350.159,485.364,761.858,1079.1752000000004,1246.3074,1386.3043199999997,1834.535,130.8,429.26467184533055,210.888,348.90075,417.895,487.162,556.0225,621.8919999999999,763.3531999999998,1264.922,0.0,0.0,0.0,117.0,0.0,0.0,0.0,0.0,307.0,0.0,0,0,0,397,0,0,0,0,821,0,438.5067863359779,210.618,348.988,418.092,487.86850000000004,558.4192,627.0482,917.6897600000004,1945.408,500.83689655172407,208.679,350.022,421.552,557.605,821.8618,910.9329999999999,1249.3180799999998,1945.408,147.2768429641996,1000,64,90,50000,30,13.6
ycsb/rmw-aurora-eventual/ycsb-throughput-aurora-hot1000-F-mr50-20240507-204505/3-ap-northeast-1-0,3-ap-northeast-1-0,1000,F,50,20240507-204505,2212,385,1405.0,422.0,0,0,4363,2253,1851.0,259.0,6575,3.6,1650.2066888217523,499.07,1000.9594999999999,1663.311,2177.4195,2643.846,2746.0885,3154.6594999999998,3470.938,24.4,1080.2057129208372,500.852,835.03475,1002.2975,1173.41725,1497.5819,1668.13415,2152.5764400000003,3181.401,0.0,0.0,0.0,422.0,0.0,0.0,0.0,0.0,1405.0,0.0,0,0,0,385,0,0,0,0,2212,0,1251.6658382903724,496.198,836.77,1159.074,1496.537,2051.4614000000056,2483.2664999999993,2844.25886,3470.938,1385.8903193743693,497.488,840.2825,1167.558,1831.79125,2333.7763,2644.8128,2999.1073699999997,3331.451,48.47732598472007,1000,64,90,50000,30,22.4
ycsb/rmw-aurora-eventual/ycsb-throughput-aurora-hot1000-F-mr50-20240507-204505/1-us-east-1-0,1-us-east-1-0,1000,F,50,20240507-204505,26239,10779,12655.0,2805.0,0,0,548111,274321,234815.0,38975.0,574350,437.4,14.723739282860308,3.995,6.747,7.866,9.362,11.702600000000006,15.964200000000012,262.18976000000225,1195.649,3045.5,8.911384055207614,4.033,6.68,7.72,9.153,10.878,12.87525,20.342,1128.149,0.0,0.0,0.0,2805.0,0.0,0.0,0.0,0.0,12655.0,0.0,0,0,0,10779,0,0,0,0,26239,0,10.533836548571722,4.03,6.703,7.764,9.208,11.049,13.449,29.953439999999944,1332.18,11.733373834257932,4.038,6.725,7.801,9.247,11.177,13.926,115.77616000000044,1332.18,6090.110388258055,1000,64,90,50000,30,2616.2
ycsb/rmw-aurora-eventual/ycsb-throughput-aurora-hot1000-F-mr50-20240507-204505/2-eu-west-1-0,2-eu-west-1-0,1000,F,50,20240507-204505,2885,515,1788.0,582.0,0,0,11905,6056,5026.0,823.0,14790,9.7,600.1154467353952,208.872,351.607,486.93,828.8,1045.4442000000001,1180.8948,1370.2815999999996,1899.206,67.2,437.4365178211163,210.314,349.17475,418.317,488.84000000000003,559.7405,626.56175,820.1364799999991,1410.2,0.0,0.0,0.0,582.0,0.0,0.0,0.0,0.0,1788.0,0.0,0,0,0,515,0,0,0,0,2885,0,479.24786155261836,207.208,349.46975,419.8355,552.98275,704.1267000000003,898.52795,1175.44083,1899.206,510.54331881773396,207.208,349.93899999999996,422.466,565.623,833.1514000000001,974.6139000000001,1189.6634000000001,1565.025,132.27745229293916,1000,64,90,50000,30,56.5
ycsb/rmw-aurora-eventual/ycsb-throughput-aurora-hot10000-F-mr10-20240507-204505/3-ap-northeast-1-0,3-ap-northeast-1-0,10000,F,10,20240507-204505,90,28,46.0,16.0,0,0,5690,5175,433.0,82.0,5780,0.9,1171.5032875000002,502.647,836.6044999999999,1005.773,1329.70475,1850.0093000000015,2165.27935,2480.857159999996,3009.759,57.4,1017.4190078376204,504.632,834.8915000000001,1000.25,1166.0752499999999,1330.0795,1336.2997500000001,1504.4189999999999,2162.446,0.0,0.0,0.0,16.0,0.0,0.0,0.0,0.0,46.0,0.0,0,0,0,28,0,0,0,0,90,0,1026.0426307523742,504.506,834.99875,1000.4395,1166.43425,1330.988,1338.901,1663.9025000000001,3016.874,1094.861799528302,501.861,836.17425,1001.9705,1175.71425,1493.2746,1829.4700999999995,2330.08331,3016.874,63.221749083998894,1000,64,90,50000,30,4.699999999999999
ycsb/rmw-aurora-eventual/ycsb-throughput-aurora-hot10000-F-mr10-20240507-204505/1-us-east-1-0,1-us-east-1-0,10000,F,10,20240507-204505,1954,1653,251.0,50.0,0,0,717389,645801,61631.0,9957.0,719343,110.69999999999999,9.089831699687174,5.207,7.1552500000000006,7.846,8.64375,9.731,10.583649999999999,20.611670000000174,802.35,7173.6,8.094563433783552,5.134,7.095,7.792,8.556,9.618,10.353,14.650349999999976,860.812,0.0,0.0,0.0,50.0,0.0,0.0,0.0,0.0,251.0,0.0,0,0,0,1653,0,0,0,0,1954,0,8.150779285074433,5.139,7.1,7.798,8.563,9.626,10.363,14.831920000000043,1000.724,8.588573999494482,5.189,7.15,7.843,8.616,9.685,10.44459999999999,16.873159999999974,1000.724,7970.917508525508,1000,64,90,50000,30,686.6
ycsb/rmw-aurora-eventual/ycsb-throughput-aurora-hot10000-F-mr10-20240507-204505/2-eu-west-1-0,2-eu-west-1-0,10000,F,10,20240507-204505,123,58,49.0,16.0,0,0,13769,12420,1185.0,164.0,13892,1.8,464.18255900621114,276.345,350.202,419.217,486.642,562.211,840.631,1093.8602000000008,1958.141,137.2,422.4645722557698,211.248,349.037,417.832,486.825,554.6186,559.6696000000001,629.2727600000001,1175.27,0.0,0.0,0.0,16.0,0.0,0.0,0.0,0.0,49.0,0.0,0,0,0,58,0,0,0,0,123,0,423.6253946760122,211.239,349.043,417.861,486.931,555.01,560.2705,631.7237,1958.141,429.71021238177127,210.764,349.014,418.003,487.9,557.0862,623.5336,838.7677399999992,1903.999,152.98738927590173,1000,64,90,50000,30,13.2
ycsb/rmw-aurora-eventual/ycsb-throughput-aurora-hot10000-F-mr15-20240507-204505/3-ap-northeast-1-0,3-ap-northeast-1-0,10000,F,15,20240507-204505,137,37,83.0,17.0,0,0,5658,4785,756.0,117.0,5795,1.0,1121.6394144144144,507.365,837.9955,1004.233,1177.536,1664.004,1994.696,2319.854200000001,2337.912,52.900000000000006,1018.5652164502164,503.622,834.6745,1000.9825000000001,1166.92975,1330.0849,1340.5981,1511.05735,2833.0,0.0,0.0,0.0,17.0,0.0,0.0,0.0,0.0,83.0,0.0,0,0,0,37,0,0,0,0,137,0,1031.6155536008796,503.738,834.887,1001.195,1167.342,1331.746,1487.6409999999998,1847.015879999998,2833.0,1099.2573777472528,503.667,835.6855,1002.207,1170.78675,1504.8171000000002,1992.5995,2338.11448,2649.805,62.86633358965507,1000,64,90,50000,30,8.5
ycsb/rmw-aurora-eventual/ycsb-throughput-aurora-hot10000-F-mr15-20240507-204505/1-us-east-1-0,1-us-east-1-0,10000,F,15,20240507-204505,1994,1560,361.0,73.0,0,0,718550,610822,92558.0,15170.0,720544,167.3,9.033070425415872,5.006,7.057,7.78,8.636,9.842,10.634,22.088079999999987,822.051,6804.6,8.036484912215608,4.968,6.989,7.73,8.538,9.75,10.5,14.699,567.15,0.0,0.0,0.0,73.0,0.0,0.0,0.0,0.0,361.0,0.0,0,0,0,1560,0,0,0,0,1994,0,8.117145600821587,4.974,6.997,7.736,8.548,9.761,10.512,14.917140000000014,1242.096,8.500445246757884,5.009,7.041,7.766,8.6,9.819,10.573,16.31693000000004,1242.096,7983.8827013797945,1000,64,90,50000,30,1031.9
ycsb/rmw-aurora-eventual/ycsb-throughput-aurora-hot10000-F-mr15-20240507-204505/2-eu-west-1-0,2-eu-west-1-0,10000,F,15,20240507-204505,147,68,61.0,18.0,0,0,13783,11639,1841.0,303.0,13930,3.2,434.375533557047,210.19,348.18025,417.7555,487.863,557.9667,636.5320999999985,845.4354599999984,1030.09,129.1,421.44115055942206,210.599,348.17949999999996,417.01,485.9035,553.869,558.8225,627.1045,1159.478,0.0,0.0,0.0,18.0,0.0,0.0,0.0,0.0,61.0,0.0,0,0,0,68,0,0,0,0,147,0,423.1625072582446,210.599,348.255,417.081,485.991,554.0730000000001,560.3674,687.9690800000001,1245.884,432.7389028089888,210.973,348.9165,417.476,486.52625,555.7239,622.0052000000001,833.61285,1245.884,153.14322280904497,1000,64,90,50000,30,20.5
ycsb/rmw-aurora-eventual/ycsb-throughput-aurora-hot0-F-mr50-20240507-204505/3-ap-northeast-1-0,3-ap-northeast-1-0,1000000,F,50,20240507-204505,97,21,68.0,8.0,0,0,5695,2852,2449.0,394.0,5792,4.300000000000001,1034.048568,660.502,835.6475,1000.219,1167.4569999999999,1331.9968000000001,1490.8399000000002,2038.3770599999984,2327.854,31.5,1020.7983048422598,503.36,834.606,1000.3325,1166.5945,1331.02,1341.404,1659.90425,2988.497,0.0,0.0,0.0,8.0,0.0,0.0,0.0,0.0,68.0,0.0,0,0,0,21,0,0,0,0,97,0,1026.8765643183897,503.808,834.835,1000.489,1166.775,1331.4538,1476.959200000004,1836.1160399999999,3667.902,1034.3164976665255,504.232,835.039,1000.88,1166.918,1332.6294,1490.9696,1992.89532,3667.902,63.27740731316584,1000,64,90,50000,30,27.5
ycsb/rmw-aurora-eventual/ycsb-throughput-aurora-hot0-F-mr50-20240507-204505/1-us-east-1-0,1-us-east-1-0,1000000,F,50,20240507-204505,476,270,176.0,30.0,0,0,718488,359523,307765.0,51200.0,718964,566.6,8.206202491016997,5.11,7.088,7.808,8.586,9.714,10.539,14.741409999999982,999.649,3992.8999999999996,8.087732990729547,5.093,7.053,7.768,8.525,9.628100000000035,10.466,14.708,689.399,0.0,0.0,0.0,30.0,0.0,0.0,0.0,0.0,176.0,0.0,0,0,0,270,0,0,0,0,476,0,8.12964223098965,5.103,7.067,7.783,8.546,9.657,10.481,14.704109999999986,999.649,8.165769003578447,5.114,7.079,7.796,8.564,9.68,10.488,14.683,986.434,7983.171702849581,1000,64,90,50000,30,3423.3999999999996
ycsb/rmw-aurora-eventual/ycsb-throughput-aurora-hot0-F-mr50-20240507-204505/2-eu-west-1-0,2-eu-west-1-0,1000000,F,50,20240507-204505,117,36,71.0,10.0,0,0,13721,6872,5912.0,937.0,13838,10.6,431.0703858695652,211.343,349.216,418.4175,487.56575,554.516,565.9819999999976,695.9348999999999,969.891,75.7,422.878732735426,211.03,348.66425,417.2545,486.2875,554.1787,560.4162,629.34771,1121.035,0.0,0.0,0.0,10.0,0.0,0.0,0.0,0.0,71.0,0.0,0,0,0,36,0,0,0,0,117,0,424.89977133029237,211.082,348.792,417.478,486.507,554.4187999999999,560.8056,689.7532400000002,1182.249,426.335496615171,211.145,348.868,417.699,486.568,554.696,560.996,698.1333999999998,1182.249,152.45534799776294,1000,64,90,50000,30,66.3
ycsb/rmw-aurora-eventual/ycsb-throughput-aurora-hot0-F-mr5-20240507-204505/3-ap-northeast-1-0,3-ap-northeast-1-0,1000000,F,5,20240507-204505,24,13,9.0,2.0,0,0,5738,5447,247.0,44.0,5762,0.4,1044.2949772727272,665.025,831.6992499999999,1001.249,1170.0339999999999,1341.73,1507.0641999999998,2165.3262200000004,2657.739,60.4,1020.7143524102171,504.466,834.951,1000.573,1166.172,1330.6454,1339.6352,1506.5777399999997,2696.949,0.0,0.0,0.0,2.0,0.0,0.0,0.0,0.0,9.0,0.0,0,0,0,13,0,0,0,0,24,0,1022.5739462855062,504.345,834.9685000000001,1000.6610000000001,1166.333,1330.9737,1340.05,1508.95439,3161.446,1061.0964833333333,506.607,835.30725,1003.52,1168.9155,1335.7492,1494.5047499999998,2199.7198499999954,3161.446,63.75491182079413,1000,64,90,50000,30,2.8
ycsb/rmw-aurora-eventual/ycsb-throughput-aurora-hot0-F-mr5-20240507-204505/1-us-east-1-0,1-us-east-1-0,1000000,F,5,20240507-204505,669,654,12.0,3.0,0,0,722586,686312,31093.0,5181.0,723255,58.0,8.144542277565778,5.171,7.161,7.821,8.622,9.7438,10.544399999999998,14.980000000000025,44.249,7622.5,8.071368440454213,5.055,7.052,7.778,8.569,9.712,10.53,14.868780000000028,362.979,0.0,0.0,0.0,3.0,0.0,0.0,0.0,0.0,12.0,0.0,0,0,0,654,0,0,0,0,669,0,8.076379268256083,5.059,7.055,7.779,8.571,9.716,10.532,14.868300000000048,713.531,8.1673256053068,5.097,7.09,7.799,8.615,9.777,10.572,14.801579999999907,713.531,8028.667752855735,1000,64,90,50000,30,345.0
ycsb/rmw-aurora-eventual/ycsb-throughput-aurora-hot0-F-mr5-20240507-204505/2-eu-west-1-0,2-eu-west-1-0,1000000,F,5,20240507-204505,20,16,3.0,1.0,0,0,13738,13033,596.0,109.0,13758,1.2,419.3214571428571,214.021,350.294,417.458,486.186,557.7944,565.3766,625.7064,626.163,144.4,425.4575989887818,211.833,349.505,418.0965,487.08175,554.788,559.9169499999999,628.3737199999999,1134.148,0.0,0.0,0.0,1.0,0.0,0.0,0.0,0.0,3.0,0.0,0,0,0,16,0,0,0,0,20,0,425.3938458770615,211.827,349.50475,418.0965,487.10400000000004,554.8348,560.0600999999999,628.6351400000001,1134.148,423.9942706896552,211.538,349.30675,418.1135,487.654,555.4337,579.4589499999981,646.281330000002,1095.661,152.64372285346946,1000,64,90,50000,30,6.8
ycsb/rmw-aurora-eventual/ycsb-throughput-aurora-hot100000-F-mr5-20240507-204505/3-ap-northeast-1-0,3-ap-northeast-1-0,100000,F,5,20240507-204505,12,7,4.0,1.0,0,0,5764,5473,242.0,49.0,5776,0.4,986.872808510638,504.822,831.2465,1003.304,1162.4155,1322.2984,1331.8601,1699.1725799999995,2009.432,61.0,1013.8879136718007,504.177,834.6105,1000.075,1166.298,1330.2324,1338.4096000000002,1504.0934,2332.098,0.0,0.0,0.0,1.0,0.0,0.0,0.0,0.0,4.0,0.0,0,0,0,7,0,0,0,0,12,0,1014.5745576194771,504.177,834.616,1000.09,1166.372,1330.4188,1338.5494,1504.1401999999998,2337.805,1035.131221757322,504.947,835.3335,999.857,1169.7165,1332.5672,1355.2849999999992,1670.99532,2337.805,64.04438634408876,1000,64,90,50000,30,2.6
ycsb/rmw-aurora-eventual/ycsb-throughput-aurora-hot100000-F-mr5-20240507-204505/1-us-east-1-0,1-us-east-1-0,100000,F,5,20240507-204505,715,686,27.0,2.0,0,0,724047,688005,30861.0,5181.0,724762,57.3,8.248724765140915,5.115,7.096500000000001,7.826,8.6025,9.754400000000002,10.6077,13.435819999999953,671.672,7647.0,8.059658751127186,5.074,7.058,7.769,8.541,9.698,10.528,14.842760000000009,293.848,0.0,0.0,0.0,2.0,0.0,0.0,0.0,0.0,27.0,0.0,0,0,0,686,0,0,0,0,715,0,8.069143391162662,5.076,7.06,7.771,8.544,9.7,10.53,14.830900000000023,876.267,8.252446918729818,5.123,7.118,7.814,8.612,9.757,10.563,14.708279999999984,876.267,8044.8976797919195,1000,64,90,50000,30,341.4
ycsb/rmw-aurora-eventual/ycsb-throughput-aurora-hot100000-F-mr5-20240507-204505/2-eu-west-1-0,2-eu-west-1-0,100000,F,5,20240507-204505,33,21,9.0,3.0,0,0,13761,13073,592.0,96.0,13794,1.1,419.6616041666666,210.053,346.5225,418.2395,486.6885,555.509,560.39525,1034.0794999999998,1094.566,145.3,423.84500746385925,211.163,348.91375,417.65,486.5355,554.3539,559.6335,627.54039,1034.292,0.0,0.0,0.0,3.0,0.0,0.0,0.0,0.0,9.0,0.0,0,0,0,21,0,0,0,0,33,0,424.07487927430196,211.168,348.92575,417.64750000000004,486.5365,554.4124,559.80395,628.28764,1094.566,431.48667491166077,212.303,349.96225,417.571,486.57225,555.6705,620.8695,853.4784500000015,971.247,152.89967770446825,1000,64,90,50000,30,6.699999999999999
ycsb/rmw-aurora-eventual/ycsb-throughput-aurora-hot100000-F-mr0-20240507-204505/3-ap-northeast-1-0,3-ap-northeast-1-0,100000,F,0,20240507-204505,10,10,,,0,0,5735,5735,,,5745,,,,,,,,,,,63.7,1016.8437481949459,504.164,836.014,1002.181,1168.6295,1332.0572000000002,1341.1848,1506.0426,2323.076,,,,,,,,,,,0,0,0,10,0,0,0,0,10,0,1016.8437481949459,504.164,836.014,1002.181,1168.6295,1332.0572000000002,1341.1848,1506.0426,2323.076,,,,,,,,,,63.72147694290806,1000,64,90,50000,30,
ycsb/rmw-aurora-eventual/ycsb-throughput-aurora-hot100000-F-mr0-20240507-204505/1-us-east-1-0,1-us-east-1-0,100000,F,0,20240507-204505,673,673,,,0,0,731127,731127,,,731800,,,,,,,,,,,8129.2,7.964300971364614,4.932,6.948,7.715,8.486,9.654,10.4485,14.524,60.501,,,,,,,,,,,0,0,0,673,0,0,0,0,673,0,7.964300971364614,4.932,6.948,7.715,8.486,9.654,10.4485,14.524,60.501,,,,,,,,,,8123.624482644459,1000,64,90,50000,30,
ycsb/rmw-aurora-eventual/ycsb-throughput-aurora-hot100000-F-mr0-20240507-204505/2-eu-west-1-0,2-eu-west-1-0,100000,F,0,20240507-204505,15,15,,,0,0,13758,13758,,,13773,,,,,,,,,,,153.2,423.7458010584376,211.313,349.191,418.2265,487.028,554.9865,560.19975,628.27665,1047.069,,,,,,,,,,,0,0,0,15,0,0,0,0,15,0,423.7458010584376,211.313,349.191,418.2265,487.028,554.9865,560.19975,628.27665,1047.069,,,,,,,,,,152.865535657031,1000,64,90,50000,30,
ycsb/rmw-aurora-eventual/ycsb-throughput-aurora-hot10000-F-mr50-20240507-204505/3-ap-northeast-1-0,3-ap-northeast-1-0,10000,F,50,20240507-204505,464,94,281.0,89.0,0,0,5458,2717,2325.0,416.0,5922,4.6,1147.228743902439,497.044,834.93125,1004.1785,1331.5035,1830.3861,2159.14025,2673.3531999999996,3317.901,30.3,1034.4679067732116,504.562,835.62275,1001.3554999999999,1167.9155,1334.2365,1491.62565,1683.10307,2652.674,0.0,0.0,0.0,89.0,0.0,0.0,0.0,0.0,281.0,0.0,0,0,0,94,0,0,0,0,464,0,1067.2560164710337,503.017,835.247,1001.6179999999999,1169.96075,1347.4244000000003,1667.0074,2331.0921399999997,3475.852,1087.3759517271922,501.179,834.8285,1001.5695000000001,1171.64375,1504.1116,1843.6548000000005,2494.258709999999,3475.852,60.64439381783066,1000,64,90,50000,30,25.6
ycsb/rmw-aurora-eventual/ycsb-throughput-aurora-hot10000-F-mr50-20240507-204505/1-us-east-1-0,1-us-east-1-0,10000,F,50,20240507-204505,2157,746,1139.0,272.0,0,0,705705,352543,302845.0,50317.0,707862,560.1,8.815514901345662,5.086,7.028,7.699,8.488,9.615,10.516,20.176369999999974,1106.99,3918.3,8.046163064583713,5.072,6.997,7.668,8.429,9.526,10.361149999999965,15.773689999999943,1196.955,0.0,0.0,0.0,272.0,0.0,0.0,0.0,0.0,1139.0,0.0,0,0,0,746,0,0,0,0,2157,0,8.296180634428532,5.082,7.01,7.679,8.448,9.558,10.4,16.59658000000031,1206.306,8.500223639321533,5.093,7.021,7.688,8.464,9.584,10.423,17.239780000000028,1206.306,7841.129512955571,1000,64,90,50000,30,3359.2
ycsb/rmw-aurora-eventual/ycsb-throughput-aurora-hot10000-F-mr50-20240507-204505/2-eu-west-1-0,2-eu-west-1-0,10000,F,50,20240507-204505,525,102,329.0,94.0,0,0,13447,6613,5808.0,1026.0,13972,11.399999999999999,451.96040159045725,210.452,349.20074999999997,418.3895,488.52925,624.4735000000001,764.5237500000001,975.9962500000001,1635.389,72.7,425.8455239275205,211.074,348.95,417.856,487.008,555.6312,562.9642,692.1201599999999,1266.078,0.0,0.0,0.0,94.0,0.0,0.0,0.0,0.0,329.0,0.0,0,0,0,102,0,0,0,0,525,0,433.19054100357874,211.065,349.144,417.977,487.393,557.1166,624.2174,836.1668400000002,1727.853,438.38492816801977,211.249,349.406,418.117,487.70475,558.4505,627.8025,899.5423,1727.853,149.41024244660198,1000,64,90,50000,30,64.3
ycsb/rmw-aurora-eventual/ycsb-throughput-aurora-hot1000-F-mr15-20240507-204505/3-ap-northeast-1-0,3-ap-northeast-1-0,1000,F,15,20240507-204505,752,339,307.0,106.0,0,0,5298,4532,662.0,104.0,6050,1.2,1504.2615454545453,498.427,996.35,1175.009,1999.959,2658.78,2847.283,3289.6613999999995,3489.4,50.3,1050.1629390886192,502.694,834.1034999999999,1000.595,1167.3020000000001,1335.079,1500.8455,1985.305120000001,2964.533,0.0,0.0,0.0,106.0,0.0,0.0,0.0,0.0,307.0,0.0,0,0,0,339,0,0,0,0,752,0,1091.8522321221492,501.523,834.2345,1001.077,1170.0015,1495.6123,1822.5597999999998,2519.016419999992,3489.639,1304.3529387144993,497.989,835.938,1161.716,1657.299,2167.0204000000003,2498.2254000000003,3154.3421200000007,3489.639,58.86613112091963,1000,64,90,50000,30,7.4
ycsb/rmw-aurora-eventual/ycsb-throughput-aurora-hot1000-F-mr15-20240507-204505/1-us-east-1-0,1-us-east-1-0,1000,F,15,20240507-204505,23723,19128,3842.0,753.0,0,0,588718,500795,75405.0,12518.0,612441,138.6,15.632340867047377,4.468,7.361,8.512,10.061,12.248,15.918599999999996,272.66136000000057,1063.179,5552.6,9.25695300267924,4.46,7.3,8.398,9.938,11.661,13.658,21.16045000000001,1025.696,0.0,0.0,0.0,753.0,0.0,0.0,0.0,0.0,3842.0,0.0,0,0,0,19128,0,0,0,0,23723,0,9.819525361358084,4.456,7.306,8.411,9.956,11.716,13.808,22.532699999999956,1168.747,12.589916614386587,4.442,7.343,8.484,10.056,12.026400000000008,14.755599999999992,103.9209999999999,1168.747,6541.266601498606,1000,64,90,50000,30,835.3
ycsb/rmw-aurora-eventual/ycsb-throughput-aurora-hot1000-F-mr15-20240507-204505/2-eu-west-1-0,2-eu-west-1-0,1000,F,15,20240507-204505,1007,426,435.0,146.0,0,0,13205,11258,1685.0,262.0,14212,3.1,572.1384218181818,207.739,353.991,485.294,695.313,1012.5031999999998,1171.7289,1470.4303799999996,1845.387,125.2,428.24285746853917,210.354,348.16525,417.04650000000004,486.08575,554.9485,620.26575,759.8133500000001,1239.141,0.0,0.0,0.0,146.0,0.0,0.0,0.0,0.0,435.0,0.0,0,0,0,426,0,0,0,0,1007,0,439.97593217714467,210.182,348.34625,417.428,486.93125,557.241,628.11025,963.5338000000013,1845.387,494.2281773809524,207.896,349.34000000000003,420.83450000000005,554.18625,765.6896,907.10885,1196.1699700000015,1682.115,146.72124836808737,1000,64,90,50000,30,18.8
ycsb/rmw-aurora-eventual/ycsb-throughput-aurora-hot10000-F-mr0-20240507-204505/3-ap-northeast-1-0,3-ap-northeast-1-0,10000,F,0,20240507-204505,22,22,,,0,0,5747,5747,,,5769,,,,,,,,,,,64.0,1019.2617731716148,504.389,835.47725,1001.0805,1167.61625,1331.9563,1340.8267,1507.10927,2876.24,,,,,,,,,,,0,0,0,22,0,0,0,0,22,0,1019.2617731716148,504.389,835.47725,1001.0805,1167.61625,1331.9563,1340.8267,1507.10927,2876.24,,,,,,,,,,63.855536640126594,1000,64,90,50000,30,
ycsb/rmw-aurora-eventual/ycsb-throughput-aurora-hot10000-F-mr0-20240507-204505/1-us-east-1-0,1-us-east-1-0,10000,F,0,20240507-204505,1895,1895,,,0,0,719357,719357,,,721252,,,,,,,,,,,7988.8,8.117965055880699,5.081,7.098,7.817,8.632,9.745,10.56,15.030329999999958,54.277,,,,,,,,,,,0,0,0,1895,0,0,0,0,1895,0,8.117965055880699,5.081,7.098,7.817,8.632,9.745,10.56,15.030329999999958,54.277,,,,,,,,,,7992.762181265883,1000,64,90,50000,30,
ycsb/rmw-aurora-eventual/ycsb-throughput-aurora-hot10000-F-mr0-20240507-204505/2-eu-west-1-0,2-eu-west-1-0,10000,F,0,20240507-204505,39,39,,,0,0,13803,13803,,,13842,,,,,,,,,,,153.2,422.68898615865464,211.232,348.98875,417.6925,486.59475,554.2267,559.11365,628.2766299999998,1234.572,,,,,,,,,,,0,0,0,39,0,0,0,0,39,0,422.68898615865464,211.232,348.98875,417.6925,486.59475,554.2267,559.11365,628.2766299999998,1234.572,,,,,,,,,,153.36617836920357,1000,64,90,50000,30,
ycsb/rmw-aurora-eventual/ycsb-throughput-aurora-hot10000-F-mr5-20240507-204505/3-ap-northeast-1-0,3-ap-northeast-1-0,10000,F,5,20240507-204505,52,33,13.0,6.0,0,0,5686,5404,231.0,51.0,5738,0.6,1085.532612244898,662.445,840.42,1002.137,1163.388,1173.8398,1638.227199999997,3003.6361999999986,3168.377,59.8,1025.9493203771408,504.406,835.287,1000.667,1166.987,1331.829,1342.5202,1507.92688,2345.091,0.0,0.0,0.0,6.0,0.0,0.0,0.0,0.0,13.0,0.0,0,0,0,33,0,0,0,0,52,0,1027.5048354059984,504.406,835.2737500000001,1000.7915,1167.106,1332.1006,1343.3128,1510.68188,3168.377,1041.3989823008849,501.31,833.87875,1001.0509999999999,1170.6715,1337.429,1495.47125,2146.41,2685.09,63.17760890753903,1000,64,90,50000,30,2.6
ycsb/rmw-aurora-eventual/ycsb-throughput-aurora-hot10000-F-mr5-20240507-204505/1-us-east-1-0,1-us-east-1-0,10000,F,5,20240507-204505,1818,1679,111.0,28.0,0,0,720347,684115,31038.0,5194.0,722165,58.6,9.148427387529596,5.027,7.0605,7.8285,8.6715,9.8143,10.62595,22.501719999999942,729.181,7599.2,8.06537838151002,4.998,7.028,7.777,8.578,9.707,10.511,15.151360000000102,511.27,0.0,0.0,0.0,28.0,0.0,0.0,0.0,0.0,111.0,0.0,0,0,0,1679,0,0,0,0,1818,0,8.09270599873061,5.003,7.032,7.78,8.582,9.713,10.515,15.202530000000028,918.681,8.512060034648187,5.087,7.114,7.833,8.664,9.8005,10.5855,16.06569999999991,918.681,8003.804466649127,1000,64,90,50000,30,345.4
ycsb/rmw-aurora-eventual/ycsb-throughput-aurora-hot10000-F-mr5-20240507-204505/2-eu-west-1-0,2-eu-west-1-0,10000,F,5,20240507-204505,81,43,30.0,8.0,0,0,13786,13059,626.0,101.0,13867,1.1,443.97888888888883,277.702,348.3745,417.147,487.21950000000004,561.4295999999999,701.8222999999997,906.7089399999978,1422.186,144.6,422.3485828027981,211.289,348.786,417.335,486.31399999999996,554.4102,559.7528,628.30938,1161.772,0.0,0.0,0.0,8.0,0.0,0.0,0.0,0.0,30.0,0.0,0,0,0,43,0,0,0,0,81,0,423.055031191841,211.289,348.794,417.392,486.329,554.6226,560.2458,631.74084,1422.186,434.740831147541,211.85,349.31025,418.21000000000004,486.659,557.3597000000001,627.7831999999999,840.4299699999999,1102.425,153.17646421300893,1000,64,90,50000,30,6.699999999999999
ycsb/rmw-aurora-eventual/ycsb-throughput-aurora-hot0-F-mr0-20240507-202741/3-ap-northeast-1-0,3-ap-northeast-1-0,1000000,F,0,20240507-202741,4,4,,,0,0,5798,5798,,,5802,,,,,,,,,,,64.6,1008.6949076564462,503.435,834.017,999.817,1165.491,1328.4512,1336.2854,1500.97564,2236.229,,,,,,,,,,,0,0,0,4,0,0,0,0,4,0,1008.6949076564462,503.435,834.017,999.817,1165.491,1328.4512,1336.2854,1500.97564,2236.229,,,,,,,,,,64.42157386202902,1000,64,90,50000,30,
ycsb/rmw-aurora-eventual/ycsb-throughput-aurora-hot0-F-mr0-20240507-202741/1-us-east-1-0,1-us-east-1-0,1000000,F,0,20240507-202741,809,809,,,0,0,726014,726014,,,726823,,,,,,,,,,,8079.3,8.037103817404022,5.06,7.058,7.798,8.569,9.606,10.365,13.740530000000028,52.857,,,,,,,,,,,0,0,0,809,0,0,0,0,809,0,8.037103817404022,5.06,7.058,7.798,8.569,9.606,10.365,13.740530000000028,52.857,,,,,,,,,,8066.776599312332,1000,64,90,50000,30,
ycsb/rmw-aurora-eventual/ycsb-throughput-aurora-hot0-F-mr0-20240507-202741/2-eu-west-1-0,2-eu-west-1-0,1000000,F,0,20240507-202741,17,17,,,0,0,13847,13847,,,13864,,,,,,,,,,,153.6,420.99586534330786,210.757,348.087,416.696,485.42,553.135,557.359,625.598,1105.334,,,,,,,,,,,0,0,0,17,0,0,0,0,17,0,420.99586534330786,210.757,348.087,416.696,485.42,553.135,557.359,625.598,1105.334,,,,,,,,,,153.85498696051823,1000,64,90,50000,30,
ycsb/rmw-aurora-eventual/ycsb-throughput-aurora-hot1000-F-mr5-20240507-204505/3-ap-northeast-1-0,3-ap-northeast-1-0,1000,F,5,20240507-204505,282,149,96.0,37.0,0,0,5575,5303,242.0,30.0,5857,0.4,1645.797243243243,832.581,991.214,1502.166,2338.386,2728.1621999999998,2865.9379999999996,3240.14456,3378.431,58.7,1030.5987690201448,504.174,835.604,1001.89,1168.747,1334.7477999999999,1488.0024,1674.4538000000002,2651.924,0.0,0.0,0.0,37.0,0.0,0.0,0.0,0.0,96.0,0.0,0,0,0,149,0,0,0,0,282,0,1045.5237358665431,503.774,835.665,1002.11,1169.461,1336.6704,1499.0363,2023.1618000000212,3378.431,1272.5718971193417,499.314,837.2345,1159.042,1660.5369999999998,2153.2437999999997,2361.5866999999994,2673.35658,3311.145,61.944063068613474,1000,64,90,50000,30,2.8
ycsb/rmw-aurora-eventual/ycsb-throughput-aurora-hot1000-F-mr5-20240507-204505/1-us-east-1-0,1-us-east-1-0,1000,F,5,20240507-204505,25508,23762,1428.0,318.0,0,0,611490,580546,26518.0,4426.0,636998,49.3,16.4596787258248,4.609,7.576,8.7,10.3675,12.4702,16.606400000000004,295.3043400000024,1102.702,6438.299999999999,9.24794472158508,4.58,7.457,8.507,10.12,11.778,13.616,21.30060000000009,1025.923,0.0,0.0,0.0,318.0,0.0,0.0,0.0,0.0,1428.0,0.0,0,0,0,23762,0,0,0,0,25508,0,9.457647315004227,4.58,7.46,8.513,10.126,11.794,13.663,21.845,1347.2,12.875973757168357,4.583,7.509,8.604,10.227,12.105,14.619,117.45490000000098,1347.2,6794.298291739894,1000,64,90,50000,30,294.9
ycsb/rmw-aurora-eventual/ycsb-throughput-aurora-hot1000-F-mr5-20240507-204505/2-eu-west-1-0,2-eu-west-1-0,1000,F,5,20240507-204505,525,334,142.0,49.0,0,0,13456,12813,550.0,93.0,13981,1.1,580.7770833333334,213.501,398.73249999999996,487.653,767.2112500000001,1028.9344999999998,1159.516,1311.5533499999997,1445.282,142.5,428.36287490001604,211.234,349.03274999999996,417.948,486.97925,555.7005,617.85765,741.1779599999998,1247.734,0.0,0.0,0.0,49.0,0.0,0.0,0.0,0.0,142.0,0.0,0,0,0,334,0,0,0,0,525,0,432.71172246729543,211.149,349.0865,418.047,487.25725,556.3439,622.5364,834.5256200000003,1949.297,504.6407481884057,209.448,350.13800000000003,420.06550000000004,555.84725,829.1144,966.16795,1258.0132,1949.297,149.51021783241262,1000,64,90,50000,30,5.8
ycsb/rmw-aurora-eventual/ycsb-throughput-aurora-hot100000-F-mr50-20240507-204505/3-ap-northeast-1-0,3-ap-northeast-1-0,100000,F,50,20240507-204505,124,26,82.0,16.0,0,0,5668,2812,2455.0,401.0,5792,4.300000000000001,1053.472847150259,500.862,834.60475,1000.7370000000001,1171.0194999999999,1338.0935,1505.7930000000001,2162.4673999999995,2339.683,31.8,1021.1067321693907,504.579,834.76825,1000.9135,1165.9865,1330.5887,1341.5422,1662.6089,2502.214,0.0,0.0,0.0,16.0,0.0,0.0,0.0,0.0,82.0,0.0,0,0,0,26,0,0,0,0,124,0,1033.3548481338482,503.95,834.913,1000.927,1166.961,1332.463,1488.8371999999997,1985.6704799999998,2991.455,1044.2555563559322,504.616,835.117,1001.012,1167.6965,1335.0244,1495.98535,2072.4589299999807,2991.455,62.9773174562718,1000,64,90,50000,30,27.1
ycsb/rmw-aurora-eventual/ycsb-throughput-aurora-hot100000-F-mr50-20240507-204505/1-us-east-1-0,1-us-east-1-0,100000,F,50,20240507-204505,528,261,221.0,46.0,0,0,725609,362698,311394.0,51517.0,726137,571.5,8.12166205947466,4.934,6.962,7.721,8.5155,9.746,10.583,14.84830000000004,480.82,4035.5,7.957935750006346,4.862,6.89,7.687,8.458,9.67,10.515,14.690920000000043,508.523,0.0,0.0,0.0,46.0,0.0,0.0,0.0,0.0,221.0,0.0,0,0,0,261,0,0,0,0,528,0,8.017794267058306,4.886,6.915,7.702,8.481,9.696,10.544,14.821019999999903,1081.499,8.069140413336536,4.901,6.934,7.716,8.502,9.717,10.573,14.979040000000154,1081.499,8062.232479183407,1000,64,90,50000,30,3465.7
ycsb/rmw-aurora-eventual/ycsb-throughput-aurora-hot100000-F-mr50-20240507-204505/2-eu-west-1-0,2-eu-west-1-0,100000,F,50,20240507-204505,126,26,88.0,12.0,0,0,13744,6968,5810.0,966.0,13870,10.7,424.477657782516,211.372,348.60775,417.03549999999996,485.49975,554.4657,561.6718999999999,693.9903099999999,1079.946,76.9,423.924607580003,210.955,348.611,417.124,486.245,553.864,558.43,628.2822,1035.369,0.0,0.0,0.0,12.0,0.0,0.0,0.0,0.0,88.0,0.0,0,0,0,26,0,0,0,0,126,0,425.0720008234766,211.032,348.6125,417.10450000000003,486.129,554.2402000000001,560.26915,689.8994300000002,1245.225,426.47412444602026,211.05,348.608,417.097,486.084,554.74,616.603,759.8234000000001,1245.225,152.7094507029504,1000,64,90,50000,30,64.1
ycsb/rmw-aurora-eventual/ycsb-throughput-aurora-hot0-F-mr15-20240507-204505/3-ap-northeast-1-0,3-ap-northeast-1-0,1000000,F,15,20240507-204505,39,21,16.0,2.0,0,0,5719,4875,709.0,135.0,5758,1.4,1038.2568604651165,506.603,838.622,1003.734,1167.531,1328.9752,1337.0754,1909.0208799999996,2314.13,54.0,1021.4789379944408,504.62,835.44,1001.284,1166.692,1331.135,1338.617,1505.2088,2837.131,0.0,0.0,0.0,2.0,0.0,0.0,0.0,0.0,16.0,0.0,0,0,0,21,0,0,0,0,39,0,1024.2088400145772,504.514,835.54575,1001.4135,1166.979,1331.3912,1339.3788,1513.39747,2837.131,1041.0593920704846,504.499,836.267,1002.199,1169.863,1334.256,1493.419,1825.4904000000001,2495.071,63.54401511495467,1000,64,90,50000,30,8.0
ycsb/rmw-aurora-eventual/ycsb-throughput-aurora-hot0-F-mr15-20240507-204505/1-us-east-1-0,1-us-east-1-0,1000000,F,15,20240507-204505,634,551,75.0,8.0,0,0,723711,615318,92959.0,15434.0,724345,171.3,8.125215654520918,5.13,7.11375,7.8,8.57925,9.825,10.54705,14.754419999999959,162.651,6847.299999999999,8.055465612503383,5.044,7.026,7.74,8.52,9.721,10.588,15.274800000000047,525.452,0.0,0.0,0.0,8.0,0.0,0.0,0.0,0.0,75.0,0.0,0,0,0,551,0,0,0,0,634,0,8.069915166095598,5.048,7.032,7.744,8.524,9.727,10.591,15.283339999999967,568.372,8.161841644550503,5.085,7.061,7.765,8.545,9.752,10.623,15.551459999999992,568.372,8041.21324146858,1000,64,90,50000,30,1033.1999999999998
ycsb/rmw-aurora-eventual/ycsb-throughput-aurora-hot0-F-mr15-20240507-204505/2-eu-west-1-0,2-eu-west-1-0,1000000,F,15,20240507-204505,53,23,26.0,4.0,0,0,13789,11694,1769.0,326.0,13842,3.5,426.66419375,212.806,350.14375,418.0955,487.91075,555.3925,560.6718999999999,629.03453,704.347,129.3,421.4144657714587,211.079,348.8455,417.768,486.69175,554.6596999999999,559.37375,627.57764,1141.555,0.0,0.0,0.0,4.0,0.0,0.0,0.0,0.0,26.0,0.0,0,0,0,23,0,0,0,0,53,0,422.6056225081821,211.185,348.96000000000004,417.8275,486.76874999999995,554.8257,559.7552,628.48497,1256.784,429.697423699422,212.13,349.45124999999996,418.1655,487.04175,556.4727,620.09105,695.79889,1256.784,153.2100779968295,1000,64,90,50000,30,19.4
ycsb/rmw-aurora-eventual/ycsb-throughput-aurora-hot100000-F-mr10-20240507-204505/3-ap-northeast-1-0,3-ap-northeast-1-0,100000,F,10,20240507-204505,35,22,11.0,2.0,0,0,5776,5203,497.0,76.0,5811,0.8,1050.3252328767126,666.202,990.748,1004.576,1164.736,1329.2338,1492.4248,1869.3790800000006,2327.685,57.7,1012.660106327593,503.629,834.5615,1000.0840000000001,1166.173,1330.7808,1339.2076499999998,1506.02541,2504.587,0.0,0.0,0.0,2.0,0.0,0.0,0.0,0.0,11.0,0.0,0,0,0,22,0,0,0,0,35,0,1014.4834609276304,503.882,834.765,1000.156,1166.176,1330.661,1339.266,1508.0612,2504.587,1022.684847599165,505.672,836.4404999999999,1000.373,1166.134,1330.0975999999998,1338.8427,2038.9251399999957,2327.549,64.17733900658105,1000,64,90,50000,30,5.6
ycsb/rmw-aurora-eventual/ycsb-throughput-aurora-hot100000-F-mr10-20240507-204505/1-us-east-1-0,1-us-east-1-0,100000,F,10,20240507-204505,644,590,46.0,8.0,0,0,716236,644559,61501.0,10176.0,716880,112.4,8.248078068043743,5.173,7.14775,7.863,8.67425,9.774000000000001,10.67725,16.595499999999998,134.187,7145.6,8.137240905165024,5.14,7.113,7.832,8.613,9.674,10.544,14.900380000000006,359.009,0.0,0.0,0.0,8.0,0.0,0.0,0.0,0.0,46.0,0.0,0,0,0,590,0,0,0,0,644,0,8.148466013242514,5.146,7.119,7.836,8.617,9.68,10.551,14.937,639.388,8.246621619350178,5.189,7.161,7.87,8.655,9.726800000000003,10.594399999999995,15.051120000000068,639.388,7958.162243091384,1000,64,90,50000,30,681.0
ycsb/rmw-aurora-eventual/ycsb-throughput-aurora-hot100000-F-mr10-20240507-204505/2-eu-west-1-0,2-eu-west-1-0,100000,F,10,20240507-204505,39,28,9.0,2.0,0,0,13756,12370,1179.0,207.0,13795,2.2,423.01525742574256,212.915,349.61175000000003,418.35249999999996,486.89275,556.7987,621.96555,691.8891300000005,838.266,137.3,423.5807172813925,211.557,349.433,418.394,487.326,555.1272,559.8592,628.55224,1181.034,0.0,0.0,0.0,2.0,0.0,0.0,0.0,0.0,9.0,0.0,0,0,0,28,0,0,0,0,39,0,423.49108982571136,211.534,349.40225,418.327,487.38175,555.266,560.12275,629.13775,1181.034,422.63869456427955,210.753,349.03,417.864,487.8725,556.8166,619.0863,630.61164,967.461,152.84421712433513,1000,64,90,50000,30,12.7
